{
 "type": "FeatureCollection",
 "name": "buildings",
 "features": [
  {
   "type": "Feature",
   "id": "B-0001",
   "properties": {
    "id": "B-0001",
    "layer": "BUILDING_FOOTPRINT",
    "building_type": "0701",
    "building_type_name_zh": "人才公寓",
    "source_type": "agent_generated_design",
    "confidence": "low",
    "geometry_role": "design_proposal",
    "area_sqm": 451.2,
    "note": "概念体量，非法定建筑面积；待正式控规与现状权属核验后复算。"
   },
   "geometry": {
    "type": "Polygon",
    "coordinates": [
     [
      [
       116.34071999999999,
       39.94721999999998
      ],
      [
       116.34071999999999,
       39.946379999999984
      ],
      [
       116.34067506943104,
       39.946379999999984
      ],
      [
       116.34065173609773,
       39.94721999999998
      ],
      [
       116.34071999999999,
       39.94721999999998
      ]
     ]
    ]
   }
  },
  {
   "type": "Feature",
   "id": "B-0002",
   "properties": {
    "id": "B-0002",
    "layer": "BUILDING_FOOTPRINT",
    "building_type": "0701",
    "building_type_name_zh": "人才公寓",
    "source_type": "agent_generated_design",
    "confidence": "low",
    "geometry_role": "design_proposal",
    "area_sqm": 716.9,
    "note": "概念体量，非法定建筑面积；待正式控规与现状权属核验后复算。"
   },
   "geometry": {
    "type": "Polygon",
    "coordinates": [
     [
      [
       116.34071999999999,
       39.94841999999998
      ],
      [
       116.34071999999999,
       39.94757999999998
      ],
      [
       116.34064173609772,
       39.94757999999998
      ],
      [
       116.34061840276439,
       39.94841999999998
      ],
      [
       116.34071999999999,
       39.94841999999998
      ]
     ]
    ]
   }
  },
  {
   "type": "Feature",
   "id": "B-0003",
   "properties": {
    "id": "B-0003",
    "layer": "BUILDING_FOOTPRINT",
    "building_type": "0901",
    "building_type_name_zh": "智能商业",
    "source_type": "agent_generated_design",
    "confidence": "low",
    "geometry_role": "design_proposal",
    "area_sqm": 982.5,
    "note": "概念体量，非法定建筑面积；待正式控规与现状权属核验后复算。"
   },
   "geometry": {
    "type": "Polygon",
    "coordinates": [
     [
      [
       116.34071999999999,
       39.949619999999975
      ],
      [
       116.34071999999999,
       39.94877999999998
      ],
      [
       116.34060840276439,
       39.94877999999998
      ],
      [
       116.34058506943106,
       39.949619999999975
      ],
      [
       116.34071999999999,
       39.949619999999975
      ]
     ]
    ]
   }
  },
  {
   "type": "Feature",
   "id": "B-0004",
   "properties": {
    "id": "B-0004",
    "layer": "BUILDING_FOOTPRINT",
    "building_type": "0701",
    "building_type_name_zh": "人才公寓",
    "source_type": "agent_generated_design",
    "confidence": "low",
    "geometry_role": "design_proposal",
    "area_sqm": 1248.2,
    "note": "概念体量，非法定建筑面积；待正式控规与现状权属核验后复算。"
   },
   "geometry": {
    "type": "Polygon",
    "coordinates": [
     [
      [
       116.34071999999999,
       39.95081999999997
      ],
      [
       116.34071999999999,
       39.949979999999975
      ],
      [
       116.34057506943105,
       39.949979999999975
      ],
      [
       116.34055173609772,
       39.95081999999997
      ],
      [
       116.34071999999999,
       39.95081999999997
      ]
     ]
    ]
   }
  },
  {
   "type": "Feature",
   "id": "B-0005",
   "properties": {
    "id": "B-0005",
    "layer": "BUILDING_FOOTPRINT",
    "building_type": "0701",
    "building_type_name_zh": "人才公寓",
    "source_type": "agent_generated_design",
    "confidence": "low",
    "geometry_role": "design_proposal",
    "area_sqm": 1513.9,
    "note": "概念体量，非法定建筑面积；待正式控规与现状权属核验后复算。"
   },
   "geometry": {
    "type": "Polygon",
    "coordinates": [
     [
      [
       116.34071999999999,
       39.95201999999997
      ],
      [
       116.34071999999999,
       39.95117999999997
      ],
      [
       116.34054173609772,
       39.95117999999997
      ],
      [
       116.34051840276439,
       39.95201999999997
      ],
      [
       116.34071999999999,
       39.95201999999997
      ]
     ]
    ]
   }
  },
  {
   "type": "Feature",
   "id": "B-0006",
   "properties": {
    "id": "B-0006",
    "layer": "BUILDING_FOOTPRINT",
    "building_type": "0701",
    "building_type_name_zh": "人才公寓",
    "source_type": "agent_generated_design",
    "confidence": "low",
    "geometry_role": "design_proposal",
    "area_sqm": 1779.6,
    "note": "概念体量，非法定建筑面积；待正式控规与现状权属核验后复算。"
   },
   "geometry": {
    "type": "Polygon",
    "coordinates": [
     [
      [
       116.34071999999999,
       39.953219999999966
      ],
      [
       116.34071999999999,
       39.95237999999997
      ],
      [
       116.34050840276439,
       39.95237999999997
      ],
      [
       116.34048506943105,
       39.953219999999966
      ],
      [
       116.34071999999999,
       39.953219999999966
      ]
     ]
    ]
   }
  },
  {
   "type": "Feature",
   "id": "B-0007",
   "properties": {
    "id": "B-0007",
    "layer": "BUILDING_FOOTPRINT",
    "building_type": "0701",
    "building_type_name_zh": "人才公寓",
    "source_type": "agent_generated_design",
    "confidence": "low",
    "geometry_role": "design_proposal",
    "area_sqm": 2045.2,
    "note": "概念体量，非法定建筑面积；待正式控规与现状权属核验后复算。"
   },
   "geometry": {
    "type": "Polygon",
    "coordinates": [
     [
      [
       116.34071999999999,
       39.95441999999996
      ],
      [
       116.34071999999999,
       39.95357999999997
      ],
      [
       116.34047506943105,
       39.95357999999997
      ],
      [
       116.34045173609772,
       39.95441999999996
      ],
      [
       116.34071999999999,
       39.95441999999996
      ]
     ]
    ]
   }
  },
  {
   "type": "Feature",
   "id": "B-0008",
   "properties": {
    "id": "B-0008",
    "layer": "BUILDING_FOOTPRINT",
    "building_type": "0901",
    "building_type_name_zh": "智能商业",
    "source_type": "agent_generated_design",
    "confidence": "low",
    "geometry_role": "design_proposal",
    "area_sqm": 2576.5,
    "note": "概念体量，非法定建筑面积；待正式控规与现状权属核验后复算。"
   },
   "geometry": {
    "type": "Polygon",
    "coordinates": [
     [
      [
       116.34071999999999,
       39.95681999999996
      ],
      [
       116.34071999999999,
       39.95597999999996
      ],
      [
       116.34040840276438,
       39.95597999999996
      ],
      [
       116.34038506943105,
       39.95681999999996
      ],
      [
       116.34071999999999,
       39.95681999999996
      ]
     ]
    ]
   }
  },
  {
   "type": "Feature",
   "id": "B-0009",
   "properties": {
    "id": "B-0009",
    "layer": "BUILDING_FOOTPRINT",
    "building_type": "0701",
    "building_type_name_zh": "人才公寓",
    "source_type": "agent_generated_design",
    "confidence": "low",
    "geometry_role": "design_proposal",
    "area_sqm": 2842.1,
    "note": "概念体量，非法定建筑面积；待正式控规与现状权属核验后复算。"
   },
   "geometry": {
    "type": "Polygon",
    "coordinates": [
     [
      [
       116.34071999999999,
       39.958019999999955
      ],
      [
       116.34071999999999,
       39.95717999999996
      ],
      [
       116.34037506943105,
       39.95717999999996
      ],
      [
       116.34035173609772,
       39.958019999999955
      ],
      [
       116.34071999999999,
       39.958019999999955
      ]
     ]
    ]
   }
  },
  {
   "type": "Feature",
   "id": "B-0010",
   "properties": {
    "id": "B-0010",
    "layer": "BUILDING_FOOTPRINT",
    "building_type": "0701",
    "building_type_name_zh": "人才公寓",
    "source_type": "agent_generated_design",
    "confidence": "low",
    "geometry_role": "design_proposal",
    "area_sqm": 3107.7,
    "note": "概念体量，非法定建筑面积；待正式控规与现状权属核验后复算。"
   },
   "geometry": {
    "type": "Polygon",
    "coordinates": [
     [
      [
       116.34071999999999,
       39.95921999999995
      ],
      [
       116.34071999999999,
       39.958379999999956
      ],
      [
       116.34034173609771,
       39.958379999999956
      ],
      [
       116.34031840276438,
       39.95921999999995
      ],
      [
       116.34071999999999,
       39.95921999999995
      ]
     ]
    ]
   }
  },
  {
   "type": "Feature",
   "id": "B-0011",
   "properties": {
    "id": "B-0011",
    "layer": "BUILDING_FOOTPRINT",
    "building_type": "0901",
    "building_type_name_zh": "智能商业",
    "source_type": "agent_generated_design",
    "confidence": "low",
    "geometry_role": "design_proposal",
    "area_sqm": 6559.9,
    "note": "概念体量，非法定建筑面积；待正式控规与现状权属核验后复算。"
   },
   "geometry": {
    "type": "Polygon",
    "coordinates": [
     [
      [
       116.34071999999999,
       39.974819999999916
      ],
      [
       116.34071999999999,
       39.97397999999992
      ],
      [
       116.33990840276438,
       39.97397999999992
      ],
      [
       116.33988506943105,
       39.974819999999916
      ],
      [
       116.34071999999999,
       39.974819999999916
      ]
     ]
    ]
   }
  },
  {
   "type": "Feature",
   "id": "B-0012",
   "properties": {
    "id": "B-0012",
    "layer": "BUILDING_FOOTPRINT",
    "building_type": "0701",
    "building_type_name_zh": "人才公寓",
    "source_type": "agent_generated_design",
    "confidence": "low",
    "geometry_role": "design_proposal",
    "area_sqm": 5764.7,
    "note": "概念体量，非法定建筑面积；待正式控规与现状权属核验后复算。"
   },
   "geometry": {
    "type": "Polygon",
    "coordinates": [
     [
      [
       116.34071999999999,
       39.97721999999991
      ],
      [
       116.34071999999999,
       39.976379999999914
      ],
      [
       116.33996940647884,
       39.976379999999914
      ],
      [
       116.34002360002722,
       39.97721999999991
      ],
      [
       116.34071999999999,
       39.97721999999991
      ]
     ]
    ]
   }
  },
  {
   "type": "Feature",
   "id": "B-0013",
   "properties": {
    "id": "B-0013",
    "layer": "BUILDING_FOOTPRINT",
    "building_type": "0701",
    "building_type_name_zh": "人才公寓",
    "source_type": "agent_generated_design",
    "confidence": "low",
    "geometry_role": "design_proposal",
    "area_sqm": 5147.8,
    "note": "概念体量，非法定建筑面积；待正式控规与现状权属核验后复算。"
   },
   "geometry": {
    "type": "Polygon",
    "coordinates": [
     [
      [
       116.34071999999999,
       39.97841999999991
      ],
      [
       116.34071999999999,
       39.97757999999991
      ],
      [
       116.34004682583368,
       39.97757999999991
      ],
      [
       116.34010101938206,
       39.97841999999991
      ],
      [
       116.34071999999999,
       39.97841999999991
      ]
     ]
    ]
   }
  },
  {
   "type": "Feature",
   "id": "B-0014",
   "properties": {
    "id": "B-0014",
    "layer": "BUILDING_FOOTPRINT",
    "building_type": "0701",
    "building_type_name_zh": "人才公寓",
    "source_type": "agent_generated_design",
    "confidence": "low",
    "geometry_role": "design_proposal",
    "area_sqm": 3913.9,
    "note": "概念体量，非法定建筑面积；待正式控规与现状权属核验后复算。"
   },
   "geometry": {
    "type": "Polygon",
    "coordinates": [
     [
      [
       116.34071999999999,
       39.9808199999999
      ],
      [
       116.34071999999999,
       39.979979999999905
      ],
      [
       116.34020166454336,
       39.979979999999905
      ],
      [
       116.34025585809174,
       39.9808199999999
      ],
      [
       116.34071999999999,
       39.9808199999999
      ]
     ]
    ]
   }
  },
  {
   "type": "Feature",
   "id": "B-0015",
   "properties": {
    "id": "B-0015",
    "layer": "BUILDING_FOOTPRINT",
    "building_type": "0901",
    "building_type_name_zh": "智能商业",
    "source_type": "agent_generated_design",
    "confidence": "low",
    "geometry_role": "design_proposal",
    "area_sqm": 3297.0,
    "note": "概念体量，非法定建筑面积；待正式控规与现状权属核验后复算。"
   },
   "geometry": {
    "type": "Polygon",
    "coordinates": [
     [
      [
       116.34071999999999,
       39.9820199999999
      ],
      [
       116.34071999999999,
       39.9811799999999
      ],
      [
       116.3402790838982,
       39.9811799999999
      ],
      [
       116.34033327744658,
       39.9820199999999
      ],
      [
       116.34071999999999,
       39.9820199999999
      ]
     ]
    ]
   }
  },
  {
   "type": "Feature",
   "id": "B-0016",
   "properties": {
    "id": "B-0016",
    "layer": "BUILDING_FOOTPRINT",
    "building_type": "0701",
    "building_type_name_zh": "人才公寓",
    "source_type": "agent_generated_design",
    "confidence": "low",
    "geometry_role": "design_proposal",
    "area_sqm": 2680.2,
    "note": "概念体量，非法定建筑面积；待正式控规与现状权属核验后复算。"
   },
   "geometry": {
    "type": "Polygon",
    "coordinates": [
     [
      [
       116.34071999999999,
       39.983219999999896
      ],
      [
       116.34071999999999,
       39.9823799999999
      ],
      [
       116.34035650325303,
       39.9823799999999
      ],
      [
       116.34041069680141,
       39.983219999999896
      ],
      [
       116.34071999999999,
       39.983219999999896
      ]
     ]
    ]
   }
  },
  {
   "type": "Feature",
   "id": "B-0017",
   "properties": {
    "id": "B-0017",
    "layer": "BUILDING_FOOTPRINT",
    "building_type": "0701",
    "building_type_name_zh": "人才公寓",
    "source_type": "agent_generated_design",
    "confidence": "low",
    "geometry_role": "design_proposal",
    "area_sqm": 2063.3,
    "note": "概念体量，非法定建筑面积；待正式控规与现状权属核验后复算。"
   },
   "geometry": {
    "type": "Polygon",
    "coordinates": [
     [
      [
       116.34071999999999,
       39.98441999999989
      ],
      [
       116.34071999999999,
       39.9835799999999
      ],
      [
       116.34043392260787,
       39.9835799999999
      ],
      [
       116.34048811615625,
       39.98441999999989
      ],
      [
       116.34071999999999,
       39.98441999999989
      ]
     ]
    ]
   }
  },
  {
   "type": "Feature",
   "id": "B-0018",
   "properties": {
    "id": "B-0018",
    "layer": "BUILDING_FOOTPRINT",
    "building_type": "0701",
    "building_type_name_zh": "人才公寓",
    "source_type": "agent_generated_design",
    "confidence": "low",
    "geometry_role": "design_proposal",
    "area_sqm": 1446.5,
    "note": "概念体量，非法定建筑面积；待正式控规与现状权属核验后复算。"
   },
   "geometry": {
    "type": "Polygon",
    "coordinates": [
     [
      [
       116.34071999999999,
       39.98561999999989
      ],
      [
       116.34071999999999,
       39.984779999999894
      ],
      [
       116.34051134196271,
       39.984779999999894
      ],
      [
       116.34056553551109,
       39.98561999999989
      ],
      [
       116.34071999999999,
       39.98561999999989
      ]
     ]
    ]
   }
  },
  {
   "type": "Feature",
   "id": "B-0019",
   "properties": {
    "id": "B-0019",
    "layer": "BUILDING_FOOTPRINT",
    "building_type": "0901",
    "building_type_name_zh": "智能商业",
    "source_type": "agent_generated_design",
    "confidence": "low",
    "geometry_role": "design_proposal",
    "area_sqm": 829.7,
    "note": "概念体量，非法定建筑面积；待正式控规与现状权属核验后复算。"
   },
   "geometry": {
    "type": "Polygon",
    "coordinates": [
     [
      [
       116.34071999999999,
       39.98681999999989
      ],
      [
       116.34071999999999,
       39.98597999999989
      ],
      [
       116.34058876131755,
       39.98597999999989
      ],
      [
       116.34064295486593,
       39.98681999999989
      ],
      [
       116.34071999999999,
       39.98681999999989
      ]
     ]
    ]
   }
  },
  {
   "type": "Feature",
   "id": "B-0020",
   "properties": {
    "id": "B-0020",
    "layer": "BUILDING_FOOTPRINT",
    "building_type": "0701",
    "building_type_name_zh": "人才公寓",
    "source_type": "agent_generated_design",
    "confidence": "low",
    "geometry_role": "design_proposal",
    "area_sqm": 6696.5,
    "note": "概念体量，非法定建筑面积；待正式控规与现状权属核验后复算。"
   },
   "geometry": {
    "type": "Polygon",
    "coordinates": [
     [
      [
       116.34107999999999,
       39.941219999999994
      ],
      [
       116.34191999999999,
       39.941219999999994
      ],
      [
       116.34191999999999,
       39.94038
      ],
      [
       116.34107999999999,
       39.94038
      ],
      [
       116.34107999999999,
       39.941219999999994
      ]
     ]
    ]
   }
  },
  {
   "type": "Feature",
   "id": "B-0021",
   "properties": {
    "id": "B-0021",
    "layer": "BUILDING_FOOTPRINT",
    "building_type": "0701",
    "building_type_name_zh": "人才公寓",
    "source_type": "agent_generated_design",
    "confidence": "low",
    "geometry_role": "design_proposal",
    "area_sqm": 6696.4,
    "note": "概念体量，非法定建筑面积；待正式控规与现状权属核验后复算。"
   },
   "geometry": {
    "type": "Polygon",
    "coordinates": [
     [
      [
       116.34107999999999,
       39.94241999999999
      ],
      [
       116.34191999999999,
       39.94241999999999
      ],
      [
       116.34191999999999,
       39.941579999999995
      ],
      [
       116.34107999999999,
       39.941579999999995
      ],
      [
       116.34107999999999,
       39.94241999999999
      ]
     ]
    ]
   }
  },
  {
   "type": "Feature",
   "id": "B-0022",
   "properties": {
    "id": "B-0022",
    "layer": "BUILDING_FOOTPRINT",
    "building_type": "0901",
    "building_type_name_zh": "智能商业",
    "source_type": "agent_generated_design",
    "confidence": "low",
    "geometry_role": "design_proposal",
    "area_sqm": 6696.2,
    "note": "概念体量，非法定建筑面积；待正式控规与现状权属核验后复算。"
   },
   "geometry": {
    "type": "Polygon",
    "coordinates": [
     [
      [
       116.34107999999999,
       39.944819999999986
      ],
      [
       116.34191999999999,
       39.944819999999986
      ],
      [
       116.34191999999999,
       39.94397999999999
      ],
      [
       116.34107999999999,
       39.94397999999999
      ],
      [
       116.34107999999999,
       39.944819999999986
      ]
     ]
    ]
   }
  },
  {
   "type": "Feature",
   "id": "B-0023",
   "properties": {
    "id": "B-0023",
    "layer": "BUILDING_FOOTPRINT",
    "building_type": "0701",
    "building_type_name_zh": "人才公寓",
    "source_type": "agent_generated_design",
    "confidence": "low",
    "geometry_role": "design_proposal",
    "area_sqm": 6696.0,
    "note": "概念体量，非法定建筑面积；待正式控规与现状权属核验后复算。"
   },
   "geometry": {
    "type": "Polygon",
    "coordinates": [
     [
      [
       116.34107999999999,
       39.94601999999998
      ],
      [
       116.34191999999999,
       39.94601999999998
      ],
      [
       116.34191999999999,
       39.945179999999986
      ],
      [
       116.34107999999999,
       39.945179999999986
      ],
      [
       116.34107999999999,
       39.94601999999998
      ]
     ]
    ]
   }
  },
  {
   "type": "Feature",
   "id": "B-0024",
   "properties": {
    "id": "B-0024",
    "layer": "BUILDING_FOOTPRINT",
    "building_type": "0801",
    "building_type_name_zh": "创新服务机构",
    "source_type": "agent_generated_design",
    "confidence": "low",
    "geometry_role": "design_proposal",
    "area_sqm": 6695.9,
    "note": "概念体量，非法定建筑面积；待正式控规与现状权属核验后复算。"
   },
   "geometry": {
    "type": "Polygon",
    "coordinates": [
     [
      [
       116.34107999999999,
       39.94721999999998
      ],
      [
       116.34191999999999,
       39.94721999999998
      ],
      [
       116.34191999999999,
       39.946379999999984
      ],
      [
       116.34107999999999,
       39.946379999999984
      ],
      [
       116.34107999999999,
       39.94721999999998
      ]
     ]
    ]
   }
  },
  {
   "type": "Feature",
   "id": "B-0025",
   "properties": {
    "id": "B-0025",
    "layer": "BUILDING_FOOTPRINT",
    "building_type": "0701",
    "building_type_name_zh": "人才公寓",
    "source_type": "agent_generated_design",
    "confidence": "low",
    "geometry_role": "design_proposal",
    "area_sqm": 6695.8,
    "note": "概念体量，非法定建筑面积；待正式控规与现状权属核验后复算。"
   },
   "geometry": {
    "type": "Polygon",
    "coordinates": [
     [
      [
       116.34107999999999,
       39.94841999999998
      ],
      [
       116.34191999999999,
       39.94841999999998
      ],
      [
       116.34191999999999,
       39.94757999999998
      ],
      [
       116.34107999999999,
       39.94757999999998
      ],
      [
       116.34107999999999,
       39.94841999999998
      ]
     ]
    ]
   }
  },
  {
   "type": "Feature",
   "id": "B-0026",
   "properties": {
    "id": "B-0026",
    "layer": "BUILDING_FOOTPRINT",
    "building_type": "0701",
    "building_type_name_zh": "人才公寓",
    "source_type": "agent_generated_design",
    "confidence": "low",
    "geometry_role": "design_proposal",
    "area_sqm": 6695.7,
    "note": "概念体量，非法定建筑面积；待正式控规与现状权属核验后复算。"
   },
   "geometry": {
    "type": "Polygon",
    "coordinates": [
     [
      [
       116.34107999999999,
       39.949619999999975
      ],
      [
       116.34191999999999,
       39.949619999999975
      ],
      [
       116.34191999999999,
       39.94877999999998
      ],
      [
       116.34107999999999,
       39.94877999999998
      ],
      [
       116.34107999999999,
       39.949619999999975
      ]
     ]
    ]
   }
  },
  {
   "type": "Feature",
   "id": "B-0027",
   "properties": {
    "id": "B-0027",
    "layer": "BUILDING_FOOTPRINT",
    "building_type": "0901",
    "building_type_name_zh": "智能商业",
    "source_type": "agent_generated_design",
    "confidence": "low",
    "geometry_role": "design_proposal",
    "area_sqm": 6695.6,
    "note": "概念体量，非法定建筑面积；待正式控规与现状权属核验后复算。"
   },
   "geometry": {
    "type": "Polygon",
    "coordinates": [
     [
      [
       116.34107999999999,
       39.95081999999997
      ],
      [
       116.34191999999999,
       39.95081999999997
      ],
      [
       116.34191999999999,
       39.949979999999975
      ],
      [
       116.34107999999999,
       39.949979999999975
      ],
      [
       116.34107999999999,
       39.95081999999997
      ]
     ]
    ]
   }
  },
  {
   "type": "Feature",
   "id": "B-0028",
   "properties": {
    "id": "B-0028",
    "layer": "BUILDING_FOOTPRINT",
    "building_type": "0701",
    "building_type_name_zh": "人才公寓",
    "source_type": "agent_generated_design",
    "confidence": "low",
    "geometry_role": "design_proposal",
    "area_sqm": 6695.3,
    "note": "概念体量，非法定建筑面积；待正式控规与现状权属核验后复算。"
   },
   "geometry": {
    "type": "Polygon",
    "coordinates": [
     [
      [
       116.34107999999999,
       39.953219999999966
      ],
      [
       116.34191999999999,
       39.953219999999966
      ],
      [
       116.34191999999999,
       39.95237999999997
      ],
      [
       116.34107999999999,
       39.95237999999997
      ],
      [
       116.34107999999999,
       39.953219999999966
      ]
     ]
    ]
   }
  },
  {
   "type": "Feature",
   "id": "B-0029",
   "properties": {
    "id": "B-0029",
    "layer": "BUILDING_FOOTPRINT",
    "building_type": "0701",
    "building_type_name_zh": "人才公寓",
    "source_type": "agent_generated_design",
    "confidence": "low",
    "geometry_role": "design_proposal",
    "area_sqm": 6695.2,
    "note": "概念体量，非法定建筑面积；待正式控规与现状权属核验后复算。"
   },
   "geometry": {
    "type": "Polygon",
    "coordinates": [
     [
      [
       116.34107999999999,
       39.95441999999996
      ],
      [
       116.34191999999999,
       39.95441999999996
      ],
      [
       116.34191999999999,
       39.95357999999997
      ],
      [
       116.34107999999999,
       39.95357999999997
      ],
      [
       116.34107999999999,
       39.95441999999996
      ]
     ]
    ]
   }
  },
  {
   "type": "Feature",
   "id": "B-0030",
   "properties": {
    "id": "B-0030",
    "layer": "BUILDING_FOOTPRINT",
    "building_type": "0901",
    "building_type_name_zh": "智能商业",
    "source_type": "agent_generated_design",
    "confidence": "low",
    "geometry_role": "design_proposal",
    "area_sqm": 6695.0,
    "note": "概念体量，非法定建筑面积；待正式控规与现状权属核验后复算。"
   },
   "geometry": {
    "type": "Polygon",
    "coordinates": [
     [
      [
       116.34107999999999,
       39.95681999999996
      ],
      [
       116.34191999999999,
       39.95681999999996
      ],
      [
       116.34191999999999,
       39.95597999999996
      ],
      [
       116.34107999999999,
       39.95597999999996
      ],
      [
       116.34107999999999,
       39.95681999999996
      ]
     ]
    ]
   }
  },
  {
   "type": "Feature",
   "id": "B-0031",
   "properties": {
    "id": "B-0031",
    "layer": "BUILDING_FOOTPRINT",
    "building_type": "0701",
    "building_type_name_zh": "人才公寓",
    "source_type": "agent_generated_design",
    "confidence": "low",
    "geometry_role": "design_proposal",
    "area_sqm": 6694.9,
    "note": "概念体量，非法定建筑面积；待正式控规与现状权属核验后复算。"
   },
   "geometry": {
    "type": "Polygon",
    "coordinates": [
     [
      [
       116.34107999999999,
       39.958019999999955
      ],
      [
       116.34191999999999,
       39.958019999999955
      ],
      [
       116.34191999999999,
       39.95717999999996
      ],
      [
       116.34107999999999,
       39.95717999999996
      ],
      [
       116.34107999999999,
       39.958019999999955
      ]
     ]
    ]
   }
  },
  {
   "type": "Feature",
   "id": "B-0032",
   "properties": {
    "id": "B-0032",
    "layer": "BUILDING_FOOTPRINT",
    "building_type": "0701",
    "building_type_name_zh": "人才公寓",
    "source_type": "agent_generated_design",
    "confidence": "low",
    "geometry_role": "design_proposal",
    "area_sqm": 6694.8,
    "note": "概念体量，非法定建筑面积；待正式控规与现状权属核验后复算。"
   },
   "geometry": {
    "type": "Polygon",
    "coordinates": [
     [
      [
       116.34107999999999,
       39.95921999999995
      ],
      [
       116.34191999999999,
       39.95921999999995
      ],
      [
       116.34191999999999,
       39.958379999999956
      ],
      [
       116.34107999999999,
       39.958379999999956
      ],
      [
       116.34107999999999,
       39.95921999999995
      ]
     ]
    ]
   }
  },
  {
   "type": "Feature",
   "id": "B-0033",
   "properties": {
    "id": "B-0033",
    "layer": "BUILDING_FOOTPRINT",
    "building_type": "0701",
    "building_type_name_zh": "人才公寓",
    "source_type": "agent_generated_design",
    "confidence": "low",
    "geometry_role": "design_proposal",
    "area_sqm": 6694.6,
    "note": "概念体量，非法定建筑面积；待正式控规与现状权属核验后复算。"
   },
   "geometry": {
    "type": "Polygon",
    "coordinates": [
     [
      [
       116.34107999999999,
       39.96041999999995
      ],
      [
       116.34191999999999,
       39.96041999999995
      ],
      [
       116.34191999999999,
       39.95957999999995
      ],
      [
       116.34107999999999,
       39.95957999999995
      ],
      [
       116.34107999999999,
       39.96041999999995
      ]
     ]
    ]
   }
  },
  {
   "type": "Feature",
   "id": "B-0034",
   "properties": {
    "id": "B-0034",
    "layer": "BUILDING_FOOTPRINT",
    "building_type": "0901",
    "building_type_name_zh": "智能商业",
    "source_type": "agent_generated_design",
    "confidence": "low",
    "geometry_role": "design_proposal",
    "area_sqm": 6693.3,
    "note": "概念体量，非法定建筑面积；待正式控规与现状权属核验后复算。"
   },
   "geometry": {
    "type": "Polygon",
    "coordinates": [
     [
      [
       116.34107999999999,
       39.974819999999916
      ],
      [
       116.34191999999999,
       39.974819999999916
      ],
      [
       116.34191999999999,
       39.97397999999992
      ],
      [
       116.34107999999999,
       39.97397999999992
      ],
      [
       116.34107999999999,
       39.974819999999916
      ]
     ]
    ]
   }
  },
  {
   "type": "Feature",
   "id": "B-0035",
   "properties": {
    "id": "B-0035",
    "layer": "BUILDING_FOOTPRINT",
    "building_type": "0701",
    "building_type_name_zh": "人才公寓",
    "source_type": "agent_generated_design",
    "confidence": "low",
    "geometry_role": "design_proposal",
    "area_sqm": 6693.0,
    "note": "概念体量，非法定建筑面积；待正式控规与现状权属核验后复算。"
   },
   "geometry": {
    "type": "Polygon",
    "coordinates": [
     [
      [
       116.34107999999999,
       39.97721999999991
      ],
      [
       116.34191999999999,
       39.97721999999991
      ],
      [
       116.34191999999999,
       39.976379999999914
      ],
      [
       116.34107999999999,
       39.976379999999914
      ],
      [
       116.34107999999999,
       39.97721999999991
      ]
     ]
    ]
   }
  },
  {
   "type": "Feature",
   "id": "B-0036",
   "properties": {
    "id": "B-0036",
    "layer": "BUILDING_FOOTPRINT",
    "building_type": "0701",
    "building_type_name_zh": "人才公寓",
    "source_type": "agent_generated_design",
    "confidence": "low",
    "geometry_role": "design_proposal",
    "area_sqm": 6692.9,
    "note": "概念体量，非法定建筑面积；待正式控规与现状权属核验后复算。"
   },
   "geometry": {
    "type": "Polygon",
    "coordinates": [
     [
      [
       116.34107999999999,
       39.97841999999991
      ],
      [
       116.34191999999999,
       39.97841999999991
      ],
      [
       116.34191999999999,
       39.97757999999991
      ],
      [
       116.34107999999999,
       39.97757999999991
      ],
      [
       116.34107999999999,
       39.97841999999991
      ]
     ]
    ]
   }
  },
  {
   "type": "Feature",
   "id": "B-0037",
   "properties": {
    "id": "B-0037",
    "layer": "BUILDING_FOOTPRINT",
    "building_type": "0901",
    "building_type_name_zh": "智能商业",
    "source_type": "agent_generated_design",
    "confidence": "low",
    "geometry_role": "design_proposal",
    "area_sqm": 6692.7,
    "note": "概念体量，非法定建筑面积；待正式控规与现状权属核验后复算。"
   },
   "geometry": {
    "type": "Polygon",
    "coordinates": [
     [
      [
       116.34107999999999,
       39.9808199999999
      ],
      [
       116.34191999999999,
       39.9808199999999
      ],
      [
       116.34191999999999,
       39.979979999999905
      ],
      [
       116.34107999999999,
       39.979979999999905
      ],
      [
       116.34107999999999,
       39.9808199999999
      ]
     ]
    ]
   }
  },
  {
   "type": "Feature",
   "id": "B-0038",
   "properties": {
    "id": "B-0038",
    "layer": "BUILDING_FOOTPRINT",
    "building_type": "0701",
    "building_type_name_zh": "人才公寓",
    "source_type": "agent_generated_design",
    "confidence": "low",
    "geometry_role": "design_proposal",
    "area_sqm": 6692.6,
    "note": "概念体量，非法定建筑面积；待正式控规与现状权属核验后复算。"
   },
   "geometry": {
    "type": "Polygon",
    "coordinates": [
     [
      [
       116.34107999999999,
       39.9820199999999
      ],
      [
       116.34191999999999,
       39.9820199999999
      ],
      [
       116.34191999999999,
       39.9811799999999
      ],
      [
       116.34107999999999,
       39.9811799999999
      ],
      [
       116.34107999999999,
       39.9820199999999
      ]
     ]
    ]
   }
  },
  {
   "type": "Feature",
   "id": "B-0039",
   "properties": {
    "id": "B-0039",
    "layer": "BUILDING_FOOTPRINT",
    "building_type": "0701",
    "building_type_name_zh": "人才公寓",
    "source_type": "agent_generated_design",
    "confidence": "low",
    "geometry_role": "design_proposal",
    "area_sqm": 6692.4,
    "note": "概念体量，非法定建筑面积；待正式控规与现状权属核验后复算。"
   },
   "geometry": {
    "type": "Polygon",
    "coordinates": [
     [
      [
       116.34107999999999,
       39.983219999999896
      ],
      [
       116.34191999999999,
       39.983219999999896
      ],
      [
       116.34191999999999,
       39.9823799999999
      ],
      [
       116.34107999999999,
       39.9823799999999
      ],
      [
       116.34107999999999,
       39.983219999999896
      ]
     ]
    ]
   }
  },
  {
   "type": "Feature",
   "id": "B-0040",
   "properties": {
    "id": "B-0040",
    "layer": "BUILDING_FOOTPRINT",
    "building_type": "0701",
    "building_type_name_zh": "人才公寓",
    "source_type": "agent_generated_design",
    "confidence": "low",
    "geometry_role": "design_proposal",
    "area_sqm": 6692.3,
    "note": "概念体量，非法定建筑面积；待正式控规与现状权属核验后复算。"
   },
   "geometry": {
    "type": "Polygon",
    "coordinates": [
     [
      [
       116.34107999999999,
       39.98441999999989
      ],
      [
       116.34191999999999,
       39.98441999999989
      ],
      [
       116.34191999999999,
       39.9835799999999
      ],
      [
       116.34107999999999,
       39.9835799999999
      ],
      [
       116.34107999999999,
       39.98441999999989
      ]
     ]
    ]
   }
  },
  {
   "type": "Feature",
   "id": "B-0041",
   "properties": {
    "id": "B-0041",
    "layer": "BUILDING_FOOTPRINT",
    "building_type": "0701",
    "building_type_name_zh": "人才公寓",
    "source_type": "agent_generated_design",
    "confidence": "low",
    "geometry_role": "design_proposal",
    "area_sqm": 6692.2,
    "note": "概念体量，非法定建筑面积；待正式控规与现状权属核验后复算。"
   },
   "geometry": {
    "type": "Polygon",
    "coordinates": [
     [
      [
       116.34107999999999,
       39.98561999999989
      ],
      [
       116.34191999999999,
       39.98561999999989
      ],
      [
       116.34191999999999,
       39.984779999999894
      ],
      [
       116.34107999999999,
       39.984779999999894
      ],
      [
       116.34107999999999,
       39.98561999999989
      ]
     ]
    ]
   }
  },
  {
   "type": "Feature",
   "id": "B-0042",
   "properties": {
    "id": "B-0042",
    "layer": "BUILDING_FOOTPRINT",
    "building_type": "0901",
    "building_type_name_zh": "智能商业",
    "source_type": "agent_generated_design",
    "confidence": "low",
    "geometry_role": "design_proposal",
    "area_sqm": 6692.1,
    "note": "概念体量，非法定建筑面积；待正式控规与现状权属核验后复算。"
   },
   "geometry": {
    "type": "Polygon",
    "coordinates": [
     [
      [
       116.34107999999999,
       39.98681999999989
      ],
      [
       116.34191999999999,
       39.98681999999989
      ],
      [
       116.34191999999999,
       39.98597999999989
      ],
      [
       116.34107999999999,
       39.98597999999989
      ],
      [
       116.34107999999999,
       39.98681999999989
      ]
     ]
    ]
   }
  },
  {
   "type": "Feature",
   "id": "B-0043",
   "properties": {
    "id": "B-0043",
    "layer": "BUILDING_FOOTPRINT",
    "building_type": "0801",
    "building_type_name_zh": "创新服务机构",
    "source_type": "agent_generated_design",
    "confidence": "low",
    "geometry_role": "design_proposal",
    "area_sqm": 6691.9,
    "note": "概念体量，非法定建筑面积；待正式控规与现状权属核验后复算。"
   },
   "geometry": {
    "type": "Polygon",
    "coordinates": [
     [
      [
       116.34107999999999,
       39.98921999999988
      ],
      [
       116.34191999999999,
       39.98921999999988
      ],
      [
       116.34191999999999,
       39.988379999999886
      ],
      [
       116.34107999999999,
       39.988379999999886
      ],
      [
       116.34107999999999,
       39.98921999999988
      ]
     ]
    ]
   }
  },
  {
   "type": "Feature",
   "id": "B-0044",
   "properties": {
    "id": "B-0044",
    "layer": "BUILDING_FOOTPRINT",
    "building_type": "0701",
    "building_type_name_zh": "人才公寓",
    "source_type": "agent_generated_design",
    "confidence": "low",
    "geometry_role": "design_proposal",
    "area_sqm": 6691.8,
    "note": "概念体量，非法定建筑面积；待正式控规与现状权属核验后复算。"
   },
   "geometry": {
    "type": "Polygon",
    "coordinates": [
     [
      [
       116.34107999999999,
       39.99041999999988
      ],
      [
       116.34191999999999,
       39.99041999999988
      ],
      [
       116.34191999999999,
       39.98957999999988
      ],
      [
       116.34107999999999,
       39.98957999999988
      ],
      [
       116.34107999999999,
       39.99041999999988
      ]
     ]
    ]
   }
  },
  {
   "type": "Feature",
   "id": "B-0045",
   "properties": {
    "id": "B-0045",
    "layer": "BUILDING_FOOTPRINT",
    "building_type": "0901",
    "building_type_name_zh": "智能商业",
    "source_type": "agent_generated_design",
    "confidence": "low",
    "geometry_role": "design_proposal",
    "area_sqm": 6691.5,
    "note": "概念体量，非法定建筑面积；待正式控规与现状权属核验后复算。"
   },
   "geometry": {
    "type": "Polygon",
    "coordinates": [
     [
      [
       116.34107999999999,
       39.992819999999874
      ],
      [
       116.34191999999999,
       39.992819999999874
      ],
      [
       116.34191999999999,
       39.99197999999988
      ],
      [
       116.34107999999999,
       39.99197999999988
      ],
      [
       116.34107999999999,
       39.992819999999874
      ]
     ]
    ]
   }
  },
  {
   "type": "Feature",
   "id": "B-0046",
   "properties": {
    "id": "B-0046",
    "layer": "BUILDING_FOOTPRINT",
    "building_type": "0701",
    "building_type_name_zh": "人才公寓",
    "source_type": "agent_generated_design",
    "confidence": "low",
    "geometry_role": "design_proposal",
    "area_sqm": 6635.9,
    "note": "概念体量，非法定建筑面积；待正式控规与现状权属核验后复算。"
   },
   "geometry": {
    "type": "Polygon",
    "coordinates": [
     [
      [
       116.34191999999999,
       39.99401999999987
      ],
      [
       116.34191999999999,
       39.993179999999874
      ],
      [
       116.34107999999999,
       39.993179999999874
      ],
      [
       116.34107999999999,
       39.99359419957771
      ],
      [
       116.34110747099497,
       39.99401999999987
      ],
      [
       116.34191999999999,
       39.99401999999987
      ]
     ]
    ]
   }
  },
  {
   "type": "Feature",
   "id": "B-0047",
   "properties": {
    "id": "B-0047",
    "layer": "BUILDING_FOOTPRINT",
    "building_type": "0701",
    "building_type_name_zh": "人才公寓",
    "source_type": "agent_generated_design",
    "confidence": "low",
    "geometry_role": "design_proposal",
    "area_sqm": 6071.6,
    "note": "概念体量，非法定建筑面积；待正式控规与现状权属核验后复算。"
   },
   "geometry": {
    "type": "Polygon",
    "coordinates": [
     [
      [
       116.34191999999999,
       39.99521999999987
      ],
      [
       116.34191999999999,
       39.99437999999987
      ],
      [
       116.34113069680143,
       39.99437999999987
      ],
      [
       116.34118489034981,
       39.99521999999987
      ],
      [
       116.34191999999999,
       39.99521999999987
      ]
     ]
    ]
   }
  },
  {
   "type": "Feature",
   "id": "B-0048",
   "properties": {
    "id": "B-0048",
    "layer": "BUILDING_FOOTPRINT",
    "building_type": "0701",
    "building_type_name_zh": "人才公寓",
    "source_type": "agent_generated_design",
    "confidence": "low",
    "geometry_role": "design_proposal",
    "area_sqm": 5454.8,
    "note": "概念体量，非法定建筑面积；待正式控规与现状权属核验后复算。"
   },
   "geometry": {
    "type": "Polygon",
    "coordinates": [
     [
      [
       116.34191999999999,
       39.996419999999866
      ],
      [
       116.34191999999999,
       39.99557999999987
      ],
      [
       116.34120811615627,
       39.99557999999987
      ],
      [
       116.34126230970465,
       39.996419999999866
      ],
      [
       116.34191999999999,
       39.996419999999866
      ]
     ]
    ]
   }
  },
  {
   "type": "Feature",
   "id": "B-0049",
   "properties": {
    "id": "B-0049",
    "layer": "BUILDING_FOOTPRINT",
    "building_type": "0801",
    "building_type_name_zh": "创新服务机构",
    "source_type": "agent_generated_design",
    "confidence": "low",
    "geometry_role": "design_proposal",
    "area_sqm": 4838.0,
    "note": "概念体量，非法定建筑面积；待正式控规与现状权属核验后复算。"
   },
   "geometry": {
    "type": "Polygon",
    "coordinates": [
     [
      [
       116.34191999999999,
       39.99761999999986
      ],
      [
       116.34191999999999,
       39.996779999999866
      ],
      [
       116.3412855355111,
       39.996779999999866
      ],
      [
       116.34133972905948,
       39.99761999999986
      ],
      [
       116.34191999999999,
       39.99761999999986
      ]
     ]
    ]
   }
  },
  {
   "type": "Feature",
   "id": "B-0050",
   "properties": {
    "id": "B-0050",
    "layer": "BUILDING_FOOTPRINT",
    "building_type": "0901",
    "building_type_name_zh": "智能商业",
    "source_type": "agent_generated_design",
    "confidence": "low",
    "geometry_role": "design_proposal",
    "area_sqm": 4221.3,
    "note": "概念体量，非法定建筑面积；待正式控规与现状权属核验后复算。"
   },
   "geometry": {
    "type": "Polygon",
    "coordinates": [
     [
      [
       116.34191999999999,
       39.99881999999986
      ],
      [
       116.34191999999999,
       39.99797999999986
      ],
      [
       116.34136295486594,
       39.99797999999986
      ],
      [
       116.34141714841432,
       39.99881999999986
      ],
      [
       116.34191999999999,
       39.99881999999986
      ]
     ]
    ]
   }
  },
  {
   "type": "Feature",
   "id": "B-0051",
   "properties": {
    "id": "B-0051",
    "layer": "BUILDING_FOOTPRINT",
    "building_type": "0701",
    "building_type_name_zh": "人才公寓",
    "source_type": "agent_generated_design",
    "confidence": "low",
    "geometry_role": "design_proposal",
    "area_sqm": 2987.8,
    "note": "概念体量，非法定建筑面积；待正式控规与现状权属核验后复算。"
   },
   "geometry": {
    "type": "Polygon",
    "coordinates": [
     [
      [
       116.34191999999999,
       40.001219999999854
      ],
      [
       116.34191999999999,
       40.00037999999986
      ],
      [
       116.34151779357562,
       40.00037999999986
      ],
      [
       116.341571987124,
       40.001219999999854
      ],
      [
       116.34191999999999,
       40.001219999999854
      ]
     ]
    ]
   }
  },
  {
   "type": "Feature",
   "id": "B-0052",
   "properties": {
    "id": "B-0052",
    "layer": "BUILDING_FOOTPRINT",
    "building_type": "0701",
    "building_type_name_zh": "人才公寓",
    "source_type": "agent_generated_design",
    "confidence": "low",
    "geometry_role": "design_proposal",
    "area_sqm": 2371.1,
    "note": "概念体量，非法定建筑面积；待正式控规与现状权属核验后复算。"
   },
   "geometry": {
    "type": "Polygon",
    "coordinates": [
     [
      [
       116.34191999999999,
       40.00241999999985
      ],
      [
       116.34191999999999,
       40.001579999999855
      ],
      [
       116.34159521293046,
       40.001579999999855
      ],
      [
       116.34164940647884,
       40.00241999999985
      ],
      [
       116.34191999999999,
       40.00241999999985
      ]
     ]
    ]
   }
  },
  {
   "type": "Feature",
   "id": "B-0053",
   "properties": {
    "id": "B-0053",
    "layer": "BUILDING_FOOTPRINT",
    "building_type": "0801",
    "building_type_name_zh": "创新服务机构",
    "source_type": "agent_generated_design",
    "confidence": "low",
    "geometry_role": "design_proposal",
    "area_sqm": 1137.8,
    "note": "概念体量，非法定建筑面积；待正式控规与现状权属核验后复算。"
   },
   "geometry": {
    "type": "Polygon",
    "coordinates": [
     [
      [
       116.34191999999999,
       40.004819999999846
      ],
      [
       116.34191999999999,
       40.00397999999985
      ],
      [
       116.34175005164013,
       40.00397999999985
      ],
      [
       116.34180424518851,
       40.004819999999846
      ],
      [
       116.34191999999999,
       40.004819999999846
      ]
     ]
    ]
   }
  },
  {
   "type": "Feature",
   "id": "B-0054",
   "properties": {
    "id": "B-0054",
    "layer": "BUILDING_FOOTPRINT",
    "building_type": "0701",
    "building_type_name_zh": "人才公寓",
    "source_type": "agent_generated_design",
    "confidence": "low",
    "geometry_role": "design_proposal",
    "area_sqm": 521.2,
    "note": "概念体量，非法定建筑面积；待正式控规与现状权属核验后复算。"
   },
   "geometry": {
    "type": "Polygon",
    "coordinates": [
     [
      [
       116.34191999999999,
       40.00601999999984
      ],
      [
       116.34191999999999,
       40.00517999999985
      ],
      [
       116.34182747099497,
       40.00517999999985
      ],
      [
       116.34187962655562,
       40.00598841118996
      ],
      [
       116.3418797862232,
       40.00599122994033
      ],
      [
       116.34188118964074,
       40.00601999999984
      ],
      [
       116.34191999999999,
       40.00601999999984
      ]
     ]
    ]
   }
  },
  {
   "type": "Feature",
   "id": "B-0055",
   "properties": {
    "id": "B-0055",
    "layer": "BUILDING_FOOTPRINT",
    "building_type": "0701",
    "building_type_name_zh": "人才公寓",
    "source_type": "agent_generated_design",
    "confidence": "low",
    "geometry_role": "design_proposal",
    "area_sqm": 43.9,
    "note": "概念体量，非法定建筑面积；待正式控规与现状权属核验后复算。"
   },
   "geometry": {
    "type": "Polygon",
    "coordinates": [
     [
      [
       116.34191999999999,
       40.00681561236444
      ],
      [
       116.34191999999999,
       40.006379999999844
      ],
      [
       116.34189875061635,
       40.006379999999844
      ],
      [
       116.34191999999999,
       40.00681561236444
      ]
     ]
    ]
   }
  },
  {
   "type": "Feature",
   "id": "B-0056",
   "properties": {
    "id": "B-0056",
    "layer": "BUILDING_FOOTPRINT",
    "building_type": "0701",
    "building_type_name_zh": "人才公寓",
    "source_type": "agent_generated_design",
    "confidence": "low",
    "geometry_role": "design_proposal",
    "area_sqm": 6696.5,
    "note": "概念体量，非法定建筑面积；待正式控规与现状权属核验后复算。"
   },
   "geometry": {
    "type": "Polygon",
    "coordinates": [
     [
      [
       116.34227999999999,
       39.941219999999994
      ],
      [
       116.34311999999998,
       39.941219999999994
      ],
      [
       116.34311999999998,
       39.94038
      ],
      [
       116.34227999999999,
       39.94038
      ],
      [
       116.34227999999999,
       39.941219999999994
      ]
     ]
    ]
   }
  },
  {
   "type": "Feature",
   "id": "B-0057",
   "properties": {
    "id": "B-0057",
    "layer": "BUILDING_FOOTPRINT",
    "building_type": "0901",
    "building_type_name_zh": "智能商业",
    "source_type": "agent_generated_design",
    "confidence": "low",
    "geometry_role": "design_proposal",
    "area_sqm": 6696.4,
    "note": "概念体量，非法定建筑面积；待正式控规与现状权属核验后复算。"
   },
   "geometry": {
    "type": "Polygon",
    "coordinates": [
     [
      [
       116.34227999999999,
       39.94241999999999
      ],
      [
       116.34311999999998,
       39.94241999999999
      ],
      [
       116.34311999999998,
       39.941579999999995
      ],
      [
       116.34227999999999,
       39.941579999999995
      ],
      [
       116.34227999999999,
       39.94241999999999
      ]
     ]
    ]
   }
  },
  {
   "type": "Feature",
   "id": "B-0058",
   "properties": {
    "id": "B-0058",
    "layer": "BUILDING_FOOTPRINT",
    "building_type": "0902",
    "building_type_name_zh": "AI 企业总部",
    "source_type": "agent_generated_design",
    "confidence": "low",
    "geometry_role": "design_proposal",
    "area_sqm": 6696.1,
    "note": "概念体量，非法定建筑面积；待正式控规与现状权属核验后复算。"
   },
   "geometry": {
    "type": "Polygon",
    "coordinates": [
     [
      [
       116.34227999999999,
       39.944819999999986
      ],
      [
       116.34311999999998,
       39.944819999999986
      ],
      [
       116.34311999999998,
       39.94397999999999
      ],
      [
       116.34227999999999,
       39.94397999999999
      ],
      [
       116.34227999999999,
       39.944819999999986
      ]
     ]
    ]
   }
  },
  {
   "type": "Feature",
   "id": "B-0059",
   "properties": {
    "id": "B-0059",
    "layer": "BUILDING_FOOTPRINT",
    "building_type": "0902",
    "building_type_name_zh": "AI 企业总部",
    "source_type": "agent_generated_design",
    "confidence": "low",
    "geometry_role": "design_proposal",
    "area_sqm": 6696.0,
    "note": "概念体量，非法定建筑面积；待正式控规与现状权属核验后复算。"
   },
   "geometry": {
    "type": "Polygon",
    "coordinates": [
     [
      [
       116.34227999999999,
       39.94601999999998
      ],
      [
       116.34311999999998,
       39.94601999999998
      ],
      [
       116.34311999999998,
       39.945179999999986
      ],
      [
       116.34227999999999,
       39.945179999999986
      ],
      [
       116.34227999999999,
       39.94601999999998
      ]
     ]
    ]
   }
  },
  {
   "type": "Feature",
   "id": "B-0060",
   "properties": {
    "id": "B-0060",
    "layer": "BUILDING_FOOTPRINT",
    "building_type": "0902",
    "building_type_name_zh": "AI 企业总部",
    "source_type": "agent_generated_design",
    "confidence": "low",
    "geometry_role": "design_proposal",
    "area_sqm": 6695.9,
    "note": "概念体量，非法定建筑面积；待正式控规与现状权属核验后复算。"
   },
   "geometry": {
    "type": "Polygon",
    "coordinates": [
     [
      [
       116.34227999999999,
       39.94721999999998
      ],
      [
       116.34311999999998,
       39.94721999999998
      ],
      [
       116.34311999999998,
       39.946379999999984
      ],
      [
       116.34227999999999,
       39.946379999999984
      ],
      [
       116.34227999999999,
       39.94721999999998
      ]
     ]
    ]
   }
  },
  {
   "type": "Feature",
   "id": "B-0061",
   "properties": {
    "id": "B-0061",
    "layer": "BUILDING_FOOTPRINT",
    "building_type": "0902",
    "building_type_name_zh": "AI 企业总部",
    "source_type": "agent_generated_design",
    "confidence": "low",
    "geometry_role": "design_proposal",
    "area_sqm": 6695.8,
    "note": "概念体量，非法定建筑面积；待正式控规与现状权属核验后复算。"
   },
   "geometry": {
    "type": "Polygon",
    "coordinates": [
     [
      [
       116.34227999999999,
       39.94841999999998
      ],
      [
       116.34311999999998,
       39.94841999999998
      ],
      [
       116.34311999999998,
       39.94757999999998
      ],
      [
       116.34227999999999,
       39.94757999999998
      ],
      [
       116.34227999999999,
       39.94841999999998
      ]
     ]
    ]
   }
  },
  {
   "type": "Feature",
   "id": "B-0062",
   "properties": {
    "id": "B-0062",
    "layer": "BUILDING_FOOTPRINT",
    "building_type": "0902",
    "building_type_name_zh": "AI 企业总部",
    "source_type": "agent_generated_design",
    "confidence": "low",
    "geometry_role": "design_proposal",
    "area_sqm": 6695.7,
    "note": "概念体量，非法定建筑面积；待正式控规与现状权属核验后复算。"
   },
   "geometry": {
    "type": "Polygon",
    "coordinates": [
     [
      [
       116.34227999999999,
       39.949619999999975
      ],
      [
       116.34311999999998,
       39.949619999999975
      ],
      [
       116.34311999999998,
       39.94877999999998
      ],
      [
       116.34227999999999,
       39.94877999999998
      ],
      [
       116.34227999999999,
       39.949619999999975
      ]
     ]
    ]
   }
  },
  {
   "type": "Feature",
   "id": "B-0063",
   "properties": {
    "id": "B-0063",
    "layer": "BUILDING_FOOTPRINT",
    "building_type": "0701",
    "building_type_name_zh": "人才公寓",
    "source_type": "agent_generated_design",
    "confidence": "low",
    "geometry_role": "design_proposal",
    "area_sqm": 6695.6,
    "note": "概念体量，非法定建筑面积；待正式控规与现状权属核验后复算。"
   },
   "geometry": {
    "type": "Polygon",
    "coordinates": [
     [
      [
       116.34227999999999,
       39.95081999999997
      ],
      [
       116.34311999999998,
       39.95081999999997
      ],
      [
       116.34311999999998,
       39.949979999999975
      ],
      [
       116.34227999999999,
       39.949979999999975
      ],
      [
       116.34227999999999,
       39.95081999999997
      ]
     ]
    ]
   }
  },
  {
   "type": "Feature",
   "id": "B-0064",
   "properties": {
    "id": "B-0064",
    "layer": "BUILDING_FOOTPRINT",
    "building_type": "0701",
    "building_type_name_zh": "人才公寓",
    "source_type": "agent_generated_design",
    "confidence": "low",
    "geometry_role": "design_proposal",
    "area_sqm": 6695.3,
    "note": "概念体量，非法定建筑面积；待正式控规与现状权属核验后复算。"
   },
   "geometry": {
    "type": "Polygon",
    "coordinates": [
     [
      [
       116.34227999999999,
       39.953219999999966
      ],
      [
       116.34311999999998,
       39.953219999999966
      ],
      [
       116.34311999999998,
       39.95237999999997
      ],
      [
       116.34227999999999,
       39.95237999999997
      ],
      [
       116.34227999999999,
       39.953219999999966
      ]
     ]
    ]
   }
  },
  {
   "type": "Feature",
   "id": "B-0065",
   "properties": {
    "id": "B-0065",
    "layer": "BUILDING_FOOTPRINT",
    "building_type": "0801",
    "building_type_name_zh": "创新服务机构",
    "source_type": "agent_generated_design",
    "confidence": "low",
    "geometry_role": "design_proposal",
    "area_sqm": 6695.2,
    "note": "概念体量，非法定建筑面积；待正式控规与现状权属核验后复算。"
   },
   "geometry": {
    "type": "Polygon",
    "coordinates": [
     [
      [
       116.34227999999999,
       39.95441999999996
      ],
      [
       116.34311999999998,
       39.95441999999996
      ],
      [
       116.34311999999998,
       39.95357999999997
      ],
      [
       116.34227999999999,
       39.95357999999997
      ],
      [
       116.34227999999999,
       39.95441999999996
      ]
     ]
    ]
   }
  },
  {
   "type": "Feature",
   "id": "B-0066",
   "properties": {
    "id": "B-0066",
    "layer": "BUILDING_FOOTPRINT",
    "building_type": "0701",
    "building_type_name_zh": "人才公寓",
    "source_type": "agent_generated_design",
    "confidence": "low",
    "geometry_role": "design_proposal",
    "area_sqm": 6695.0,
    "note": "概念体量，非法定建筑面积；待正式控规与现状权属核验后复算。"
   },
   "geometry": {
    "type": "Polygon",
    "coordinates": [
     [
      [
       116.34227999999999,
       39.95681999999996
      ],
      [
       116.34311999999998,
       39.95681999999996
      ],
      [
       116.34311999999998,
       39.95597999999996
      ],
      [
       116.34227999999999,
       39.95597999999996
      ],
      [
       116.34227999999999,
       39.95681999999996
      ]
     ]
    ]
   }
  },
  {
   "type": "Feature",
   "id": "B-0067",
   "properties": {
    "id": "B-0067",
    "layer": "BUILDING_FOOTPRINT",
    "building_type": "0701",
    "building_type_name_zh": "人才公寓",
    "source_type": "agent_generated_design",
    "confidence": "low",
    "geometry_role": "design_proposal",
    "area_sqm": 6694.9,
    "note": "概念体量，非法定建筑面积；待正式控规与现状权属核验后复算。"
   },
   "geometry": {
    "type": "Polygon",
    "coordinates": [
     [
      [
       116.34227999999999,
       39.958019999999955
      ],
      [
       116.34311999999998,
       39.958019999999955
      ],
      [
       116.34311999999998,
       39.95717999999996
      ],
      [
       116.34227999999999,
       39.95717999999996
      ],
      [
       116.34227999999999,
       39.958019999999955
      ]
     ]
    ]
   }
  },
  {
   "type": "Feature",
   "id": "B-0068",
   "properties": {
    "id": "B-0068",
    "layer": "BUILDING_FOOTPRINT",
    "building_type": "0701",
    "building_type_name_zh": "人才公寓",
    "source_type": "agent_generated_design",
    "confidence": "low",
    "geometry_role": "design_proposal",
    "area_sqm": 6694.8,
    "note": "概念体量，非法定建筑面积；待正式控规与现状权属核验后复算。"
   },
   "geometry": {
    "type": "Polygon",
    "coordinates": [
     [
      [
       116.34227999999999,
       39.95921999999995
      ],
      [
       116.34311999999998,
       39.95921999999995
      ],
      [
       116.34311999999998,
       39.958379999999956
      ],
      [
       116.34227999999999,
       39.958379999999956
      ],
      [
       116.34227999999999,
       39.95921999999995
      ]
     ]
    ]
   }
  },
  {
   "type": "Feature",
   "id": "B-0069",
   "properties": {
    "id": "B-0069",
    "layer": "BUILDING_FOOTPRINT",
    "building_type": "0701",
    "building_type_name_zh": "人才公寓",
    "source_type": "agent_generated_design",
    "confidence": "low",
    "geometry_role": "design_proposal",
    "area_sqm": 6694.6,
    "note": "概念体量，非法定建筑面积；待正式控规与现状权属核验后复算。"
   },
   "geometry": {
    "type": "Polygon",
    "coordinates": [
     [
      [
       116.34227999999999,
       39.96041999999995
      ],
      [
       116.34311999999998,
       39.96041999999995
      ],
      [
       116.34311999999998,
       39.95957999999995
      ],
      [
       116.34227999999999,
       39.95957999999995
      ],
      [
       116.34227999999999,
       39.96041999999995
      ]
     ]
    ]
   }
  },
  {
   "type": "Feature",
   "id": "B-0070",
   "properties": {
    "id": "B-0070",
    "layer": "BUILDING_FOOTPRINT",
    "building_type": "0701",
    "building_type_name_zh": "人才公寓",
    "source_type": "agent_generated_design",
    "confidence": "low",
    "geometry_role": "design_proposal",
    "area_sqm": 6693.3,
    "note": "概念体量，非法定建筑面积；待正式控规与现状权属核验后复算。"
   },
   "geometry": {
    "type": "Polygon",
    "coordinates": [
     [
      [
       116.34227999999999,
       39.974819999999916
      ],
      [
       116.34311999999998,
       39.974819999999916
      ],
      [
       116.34311999999998,
       39.97397999999992
      ],
      [
       116.34227999999999,
       39.97397999999992
      ],
      [
       116.34227999999999,
       39.974819999999916
      ]
     ]
    ]
   }
  },
  {
   "type": "Feature",
   "id": "B-0071",
   "properties": {
    "id": "B-0071",
    "layer": "BUILDING_FOOTPRINT",
    "building_type": "0701",
    "building_type_name_zh": "人才公寓",
    "source_type": "agent_generated_design",
    "confidence": "low",
    "geometry_role": "design_proposal",
    "area_sqm": 6693.0,
    "note": "概念体量，非法定建筑面积；待正式控规与现状权属核验后复算。"
   },
   "geometry": {
    "type": "Polygon",
    "coordinates": [
     [
      [
       116.34227999999999,
       39.97721999999991
      ],
      [
       116.34311999999998,
       39.97721999999991
      ],
      [
       116.34311999999998,
       39.976379999999914
      ],
      [
       116.34227999999999,
       39.976379999999914
      ],
      [
       116.34227999999999,
       39.97721999999991
      ]
     ]
    ]
   }
  },
  {
   "type": "Feature",
   "id": "B-0072",
   "properties": {
    "id": "B-0072",
    "layer": "BUILDING_FOOTPRINT",
    "building_type": "0701",
    "building_type_name_zh": "人才公寓",
    "source_type": "agent_generated_design",
    "confidence": "low",
    "geometry_role": "design_proposal",
    "area_sqm": 6692.9,
    "note": "概念体量，非法定建筑面积；待正式控规与现状权属核验后复算。"
   },
   "geometry": {
    "type": "Polygon",
    "coordinates": [
     [
      [
       116.34227999999999,
       39.97841999999991
      ],
      [
       116.34311999999998,
       39.97841999999991
      ],
      [
       116.34311999999998,
       39.97757999999991
      ],
      [
       116.34227999999999,
       39.97757999999991
      ],
      [
       116.34227999999999,
       39.97841999999991
      ]
     ]
    ]
   }
  },
  {
   "type": "Feature",
   "id": "B-0073",
   "properties": {
    "id": "B-0073",
    "layer": "BUILDING_FOOTPRINT",
    "building_type": "0701",
    "building_type_name_zh": "人才公寓",
    "source_type": "agent_generated_design",
    "confidence": "low",
    "geometry_role": "design_proposal",
    "area_sqm": 6692.7,
    "note": "概念体量，非法定建筑面积；待正式控规与现状权属核验后复算。"
   },
   "geometry": {
    "type": "Polygon",
    "coordinates": [
     [
      [
       116.34227999999999,
       39.9808199999999
      ],
      [
       116.34311999999998,
       39.9808199999999
      ],
      [
       116.34311999999998,
       39.979979999999905
      ],
      [
       116.34227999999999,
       39.979979999999905
      ],
      [
       116.34227999999999,
       39.9808199999999
      ]
     ]
    ]
   }
  },
  {
   "type": "Feature",
   "id": "B-0074",
   "properties": {
    "id": "B-0074",
    "layer": "BUILDING_FOOTPRINT",
    "building_type": "0701",
    "building_type_name_zh": "人才公寓",
    "source_type": "agent_generated_design",
    "confidence": "low",
    "geometry_role": "design_proposal",
    "area_sqm": 6692.6,
    "note": "概念体量，非法定建筑面积；待正式控规与现状权属核验后复算。"
   },
   "geometry": {
    "type": "Polygon",
    "coordinates": [
     [
      [
       116.34227999999999,
       39.9820199999999
      ],
      [
       116.34311999999998,
       39.9820199999999
      ],
      [
       116.34311999999998,
       39.9811799999999
      ],
      [
       116.34227999999999,
       39.9811799999999
      ],
      [
       116.34227999999999,
       39.9820199999999
      ]
     ]
    ]
   }
  },
  {
   "type": "Feature",
   "id": "B-0075",
   "properties": {
    "id": "B-0075",
    "layer": "BUILDING_FOOTPRINT",
    "building_type": "0701",
    "building_type_name_zh": "人才公寓",
    "source_type": "agent_generated_design",
    "confidence": "low",
    "geometry_role": "design_proposal",
    "area_sqm": 6692.4,
    "note": "概念体量，非法定建筑面积；待正式控规与现状权属核验后复算。"
   },
   "geometry": {
    "type": "Polygon",
    "coordinates": [
     [
      [
       116.34227999999999,
       39.983219999999896
      ],
      [
       116.34311999999998,
       39.983219999999896
      ],
      [
       116.34311999999998,
       39.9823799999999
      ],
      [
       116.34227999999999,
       39.9823799999999
      ],
      [
       116.34227999999999,
       39.983219999999896
      ]
     ]
    ]
   }
  },
  {
   "type": "Feature",
   "id": "B-0076",
   "properties": {
    "id": "B-0076",
    "layer": "BUILDING_FOOTPRINT",
    "building_type": "0701",
    "building_type_name_zh": "人才公寓",
    "source_type": "agent_generated_design",
    "confidence": "low",
    "geometry_role": "design_proposal",
    "area_sqm": 6692.3,
    "note": "概念体量，非法定建筑面积；待正式控规与现状权属核验后复算。"
   },
   "geometry": {
    "type": "Polygon",
    "coordinates": [
     [
      [
       116.34227999999999,
       39.98441999999989
      ],
      [
       116.34311999999998,
       39.98441999999989
      ],
      [
       116.34311999999998,
       39.9835799999999
      ],
      [
       116.34227999999999,
       39.9835799999999
      ],
      [
       116.34227999999999,
       39.98441999999989
      ]
     ]
    ]
   }
  },
  {
   "type": "Feature",
   "id": "B-0077",
   "properties": {
    "id": "B-0077",
    "layer": "BUILDING_FOOTPRINT",
    "building_type": "0701",
    "building_type_name_zh": "人才公寓",
    "source_type": "agent_generated_design",
    "confidence": "low",
    "geometry_role": "design_proposal",
    "area_sqm": 6692.2,
    "note": "概念体量，非法定建筑面积；待正式控规与现状权属核验后复算。"
   },
   "geometry": {
    "type": "Polygon",
    "coordinates": [
     [
      [
       116.34227999999999,
       39.98561999999989
      ],
      [
       116.34311999999998,
       39.98561999999989
      ],
      [
       116.34311999999998,
       39.984779999999894
      ],
      [
       116.34227999999999,
       39.984779999999894
      ],
      [
       116.34227999999999,
       39.98561999999989
      ]
     ]
    ]
   }
  },
  {
   "type": "Feature",
   "id": "B-0078",
   "properties": {
    "id": "B-0078",
    "layer": "BUILDING_FOOTPRINT",
    "building_type": "0701",
    "building_type_name_zh": "人才公寓",
    "source_type": "agent_generated_design",
    "confidence": "low",
    "geometry_role": "design_proposal",
    "area_sqm": 6692.1,
    "note": "概念体量，非法定建筑面积；待正式控规与现状权属核验后复算。"
   },
   "geometry": {
    "type": "Polygon",
    "coordinates": [
     [
      [
       116.34227999999999,
       39.98681999999989
      ],
      [
       116.34311999999998,
       39.98681999999989
      ],
      [
       116.34311999999998,
       39.98597999999989
      ],
      [
       116.34227999999999,
       39.98597999999989
      ],
      [
       116.34227999999999,
       39.98681999999989
      ]
     ]
    ]
   }
  },
  {
   "type": "Feature",
   "id": "B-0079",
   "properties": {
    "id": "B-0079",
    "layer": "BUILDING_FOOTPRINT",
    "building_type": "0702",
    "building_type_name_zh": "社区服务中心",
    "source_type": "agent_generated_design",
    "confidence": "low",
    "geometry_role": "design_proposal",
    "area_sqm": 6692.0,
    "note": "概念体量，非法定建筑面积；待正式控规与现状权属核验后复算。"
   },
   "geometry": {
    "type": "Polygon",
    "coordinates": [
     [
      [
       116.34227999999999,
       39.988019999999885
      ],
      [
       116.34311999999998,
       39.988019999999885
      ],
      [
       116.34311999999998,
       39.98717999999989
      ],
      [
       116.34227999999999,
       39.98717999999989
      ],
      [
       116.34227999999999,
       39.988019999999885
      ]
     ]
    ]
   }
  },
  {
   "type": "Feature",
   "id": "B-0080",
   "properties": {
    "id": "B-0080",
    "layer": "BUILDING_FOOTPRINT",
    "building_type": "0702",
    "building_type_name_zh": "社区服务中心",
    "source_type": "agent_generated_design",
    "confidence": "low",
    "geometry_role": "design_proposal",
    "area_sqm": 6691.9,
    "note": "概念体量，非法定建筑面积；待正式控规与现状权属核验后复算。"
   },
   "geometry": {
    "type": "Polygon",
    "coordinates": [
     [
      [
       116.34227999999999,
       39.98921999999988
      ],
      [
       116.34311999999998,
       39.98921999999988
      ],
      [
       116.34311999999998,
       39.988379999999886
      ],
      [
       116.34227999999999,
       39.988379999999886
      ],
      [
       116.34227999999999,
       39.98921999999988
      ]
     ]
    ]
   }
  },
  {
   "type": "Feature",
   "id": "B-0081",
   "properties": {
    "id": "B-0081",
    "layer": "BUILDING_FOOTPRINT",
    "building_type": "0702",
    "building_type_name_zh": "社区服务中心",
    "source_type": "agent_generated_design",
    "confidence": "low",
    "geometry_role": "design_proposal",
    "area_sqm": 6691.8,
    "note": "概念体量，非法定建筑面积；待正式控规与现状权属核验后复算。"
   },
   "geometry": {
    "type": "Polygon",
    "coordinates": [
     [
      [
       116.34227999999999,
       39.99041999999988
      ],
      [
       116.34311999999998,
       39.99041999999988
      ],
      [
       116.34311999999998,
       39.98957999999988
      ],
      [
       116.34227999999999,
       39.98957999999988
      ],
      [
       116.34227999999999,
       39.99041999999988
      ]
     ]
    ]
   }
  },
  {
   "type": "Feature",
   "id": "B-0082",
   "properties": {
    "id": "B-0082",
    "layer": "BUILDING_FOOTPRINT",
    "building_type": "0804",
    "building_type_name_zh": "科研教学",
    "source_type": "agent_generated_design",
    "confidence": "low",
    "geometry_role": "design_proposal",
    "area_sqm": 6691.6,
    "note": "概念体量，非法定建筑面积；待正式控规与现状权属核验后复算。"
   },
   "geometry": {
    "type": "Polygon",
    "coordinates": [
     [
      [
       116.34227999999999,
       39.99161999999988
      ],
      [
       116.34311999999998,
       39.99161999999988
      ],
      [
       116.34311999999998,
       39.99077999999988
      ],
      [
       116.34227999999999,
       39.99077999999988
      ],
      [
       116.34227999999999,
       39.99161999999988
      ]
     ]
    ]
   }
  },
  {
   "type": "Feature",
   "id": "B-0083",
   "properties": {
    "id": "B-0083",
    "layer": "BUILDING_FOOTPRINT",
    "building_type": "0804",
    "building_type_name_zh": "科研教学",
    "source_type": "agent_generated_design",
    "confidence": "low",
    "geometry_role": "design_proposal",
    "area_sqm": 6691.5,
    "note": "概念体量，非法定建筑面积；待正式控规与现状权属核验后复算。"
   },
   "geometry": {
    "type": "Polygon",
    "coordinates": [
     [
      [
       116.34227999999999,
       39.992819999999874
      ],
      [
       116.34311999999998,
       39.992819999999874
      ],
      [
       116.34311999999998,
       39.99197999999988
      ],
      [
       116.34227999999999,
       39.99197999999988
      ],
      [
       116.34227999999999,
       39.992819999999874
      ]
     ]
    ]
   }
  },
  {
   "type": "Feature",
   "id": "B-0084",
   "properties": {
    "id": "B-0084",
    "layer": "BUILDING_FOOTPRINT",
    "building_type": "0701",
    "building_type_name_zh": "人才公寓",
    "source_type": "agent_generated_design",
    "confidence": "low",
    "geometry_role": "design_proposal",
    "area_sqm": 6691.4,
    "note": "概念体量，非法定建筑面积；待正式控规与现状权属核验后复算。"
   },
   "geometry": {
    "type": "Polygon",
    "coordinates": [
     [
      [
       116.34227999999999,
       39.99401999999987
      ],
      [
       116.34311999999998,
       39.99401999999987
      ],
      [
       116.34311999999998,
       39.993179999999874
      ],
      [
       116.34227999999999,
       39.993179999999874
      ],
      [
       116.34227999999999,
       39.99401999999987
      ]
     ]
    ]
   }
  },
  {
   "type": "Feature",
   "id": "B-0085",
   "properties": {
    "id": "B-0085",
    "layer": "BUILDING_FOOTPRINT",
    "building_type": "0701",
    "building_type_name_zh": "人才公寓",
    "source_type": "agent_generated_design",
    "confidence": "low",
    "geometry_role": "design_proposal",
    "area_sqm": 6691.3,
    "note": "概念体量，非法定建筑面积；待正式控规与现状权属核验后复算。"
   },
   "geometry": {
    "type": "Polygon",
    "coordinates": [
     [
      [
       116.34227999999999,
       39.99521999999987
      ],
      [
       116.34311999999998,
       39.99521999999987
      ],
      [
       116.34311999999998,
       39.99437999999987
      ],
      [
       116.34227999999999,
       39.99437999999987
      ],
      [
       116.34227999999999,
       39.99521999999987
      ]
     ]
    ]
   }
  },
  {
   "type": "Feature",
   "id": "B-0086",
   "properties": {
    "id": "B-0086",
    "layer": "BUILDING_FOOTPRINT",
    "building_type": "0801",
    "building_type_name_zh": "创新服务机构",
    "source_type": "agent_generated_design",
    "confidence": "low",
    "geometry_role": "design_proposal",
    "area_sqm": 6691.2,
    "note": "概念体量，非法定建筑面积；待正式控规与现状权属核验后复算。"
   },
   "geometry": {
    "type": "Polygon",
    "coordinates": [
     [
      [
       116.34227999999999,
       39.996419999999866
      ],
      [
       116.34311999999998,
       39.996419999999866
      ],
      [
       116.34311999999998,
       39.99557999999987
      ],
      [
       116.34227999999999,
       39.99557999999987
      ],
      [
       116.34227999999999,
       39.996419999999866
      ]
     ]
    ]
   }
  },
  {
   "type": "Feature",
   "id": "B-0087",
   "properties": {
    "id": "B-0087",
    "layer": "BUILDING_FOOTPRINT",
    "building_type": "0901",
    "building_type_name_zh": "智能商业",
    "source_type": "agent_generated_design",
    "confidence": "low",
    "geometry_role": "design_proposal",
    "area_sqm": 6691.1,
    "note": "概念体量，非法定建筑面积；待正式控规与现状权属核验后复算。"
   },
   "geometry": {
    "type": "Polygon",
    "coordinates": [
     [
      [
       116.34227999999999,
       39.99761999999986
      ],
      [
       116.34311999999998,
       39.99761999999986
      ],
      [
       116.34311999999998,
       39.996779999999866
      ],
      [
       116.34227999999999,
       39.996779999999866
      ],
      [
       116.34227999999999,
       39.99761999999986
      ]
     ]
    ]
   }
  },
  {
   "type": "Feature",
   "id": "B-0088",
   "properties": {
    "id": "B-0088",
    "layer": "BUILDING_FOOTPRINT",
    "building_type": "0701",
    "building_type_name_zh": "人才公寓",
    "source_type": "agent_generated_design",
    "confidence": "low",
    "geometry_role": "design_proposal",
    "area_sqm": 6690.9,
    "note": "概念体量，非法定建筑面积；待正式控规与现状权属核验后复算。"
   },
   "geometry": {
    "type": "Polygon",
    "coordinates": [
     [
      [
       116.34227999999999,
       39.99881999999986
      ],
      [
       116.34311999999998,
       39.99881999999986
      ],
      [
       116.34311999999998,
       39.99797999999986
      ],
      [
       116.34227999999999,
       39.99797999999986
      ],
      [
       116.34227999999999,
       39.99881999999986
      ]
     ]
    ]
   }
  },
  {
   "type": "Feature",
   "id": "B-0089",
   "properties": {
    "id": "B-0089",
    "layer": "BUILDING_FOOTPRINT",
    "building_type": "0701",
    "building_type_name_zh": "人才公寓",
    "source_type": "agent_generated_design",
    "confidence": "low",
    "geometry_role": "design_proposal",
    "area_sqm": 6690.7,
    "note": "概念体量，非法定建筑面积；待正式控规与现状权属核验后复算。"
   },
   "geometry": {
    "type": "Polygon",
    "coordinates": [
     [
      [
       116.34227999999999,
       40.001219999999854
      ],
      [
       116.34311999999998,
       40.001219999999854
      ],
      [
       116.34311999999998,
       40.00037999999986
      ],
      [
       116.34227999999999,
       40.00037999999986
      ],
      [
       116.34227999999999,
       40.001219999999854
      ]
     ]
    ]
   }
  },
  {
   "type": "Feature",
   "id": "B-0090",
   "properties": {
    "id": "B-0090",
    "layer": "BUILDING_FOOTPRINT",
    "building_type": "0701",
    "building_type_name_zh": "人才公寓",
    "source_type": "agent_generated_design",
    "confidence": "low",
    "geometry_role": "design_proposal",
    "area_sqm": 6690.6,
    "note": "概念体量，非法定建筑面积；待正式控规与现状权属核验后复算。"
   },
   "geometry": {
    "type": "Polygon",
    "coordinates": [
     [
      [
       116.34227999999999,
       40.00241999999985
      ],
      [
       116.34311999999998,
       40.00241999999985
      ],
      [
       116.34311999999998,
       40.001579999999855
      ],
      [
       116.34227999999999,
       40.001579999999855
      ],
      [
       116.34227999999999,
       40.00241999999985
      ]
     ]
    ]
   }
  },
  {
   "type": "Feature",
   "id": "B-0091",
   "properties": {
    "id": "B-0091",
    "layer": "BUILDING_FOOTPRINT",
    "building_type": "0801",
    "building_type_name_zh": "创新服务机构",
    "source_type": "agent_generated_design",
    "confidence": "low",
    "geometry_role": "design_proposal",
    "area_sqm": 6690.4,
    "note": "概念体量，非法定建筑面积；待正式控规与现状权属核验后复算。"
   },
   "geometry": {
    "type": "Polygon",
    "coordinates": [
     [
      [
       116.34227999999999,
       40.004819999999846
      ],
      [
       116.34311999999998,
       40.004819999999846
      ],
      [
       116.34311999999998,
       40.00397999999985
      ],
      [
       116.34227999999999,
       40.00397999999985
      ],
      [
       116.34227999999999,
       40.004819999999846
      ]
     ]
    ]
   }
  },
  {
   "type": "Feature",
   "id": "B-0092",
   "properties": {
    "id": "B-0092",
    "layer": "BUILDING_FOOTPRINT",
    "building_type": "0701",
    "building_type_name_zh": "人才公寓",
    "source_type": "agent_generated_design",
    "confidence": "low",
    "geometry_role": "design_proposal",
    "area_sqm": 6690.2,
    "note": "概念体量，非法定建筑面积；待正式控规与现状权属核验后复算。"
   },
   "geometry": {
    "type": "Polygon",
    "coordinates": [
     [
      [
       116.34227999999999,
       40.00601999999984
      ],
      [
       116.34311999999998,
       40.00601999999984
      ],
      [
       116.34311999999998,
       40.00517999999985
      ],
      [
       116.34227999999999,
       40.00517999999985
      ],
      [
       116.34227999999999,
       40.00601999999984
      ]
     ]
    ]
   }
  },
  {
   "type": "Feature",
   "id": "B-0093",
   "properties": {
    "id": "B-0093",
    "layer": "BUILDING_FOOTPRINT",
    "building_type": "0701",
    "building_type_name_zh": "人才公寓",
    "source_type": "agent_generated_design",
    "confidence": "low",
    "geometry_role": "design_proposal",
    "area_sqm": 6690.1,
    "note": "概念体量，非法定建筑面积；待正式控规与现状权属核验后复算。"
   },
   "geometry": {
    "type": "Polygon",
    "coordinates": [
     [
      [
       116.34227999999999,
       40.00721999999984
      ],
      [
       116.34311999999998,
       40.00721999999984
      ],
      [
       116.34311999999998,
       40.006379999999844
      ],
      [
       116.34227999999999,
       40.006379999999844
      ],
      [
       116.34227999999999,
       40.00721999999984
      ]
     ]
    ]
   }
  },
  {
   "type": "Feature",
   "id": "B-0094",
   "properties": {
    "id": "B-0094",
    "layer": "BUILDING_FOOTPRINT",
    "building_type": "0701",
    "building_type_name_zh": "人才公寓",
    "source_type": "agent_generated_design",
    "confidence": "low",
    "geometry_role": "design_proposal",
    "area_sqm": 6690.0,
    "note": "概念体量，非法定建筑面积；待正式控规与现状权属核验后复算。"
   },
   "geometry": {
    "type": "Polygon",
    "coordinates": [
     [
      [
       116.34227999999999,
       40.00841999999984
      ],
      [
       116.34311999999998,
       40.00841999999984
      ],
      [
       116.34311999999998,
       40.00757999999984
      ],
      [
       116.34227999999999,
       40.00757999999984
      ],
      [
       116.34227999999999,
       40.00841999999984
      ]
     ]
    ]
   }
  },
  {
   "type": "Feature",
   "id": "B-0095",
   "properties": {
    "id": "B-0095",
    "layer": "BUILDING_FOOTPRINT",
    "building_type": "0901",
    "building_type_name_zh": "智能商业",
    "source_type": "agent_generated_design",
    "confidence": "low",
    "geometry_role": "design_proposal",
    "area_sqm": 6689.9,
    "note": "概念体量，非法定建筑面积；待正式控规与现状权属核验后复算。"
   },
   "geometry": {
    "type": "Polygon",
    "coordinates": [
     [
      [
       116.34227999999999,
       40.009619999999835
      ],
      [
       116.34311999999998,
       40.009619999999835
      ],
      [
       116.34311999999998,
       40.00877999999984
      ],
      [
       116.34227999999999,
       40.00877999999984
      ],
      [
       116.34227999999999,
       40.009619999999835
      ]
     ]
    ]
   }
  },
  {
   "type": "Feature",
   "id": "B-0096",
   "properties": {
    "id": "B-0096",
    "layer": "BUILDING_FOOTPRINT",
    "building_type": "0701",
    "building_type_name_zh": "人才公寓",
    "source_type": "agent_generated_design",
    "confidence": "low",
    "geometry_role": "design_proposal",
    "area_sqm": 6689.8,
    "note": "概念体量，非法定建筑面积；待正式控规与现状权属核验后复算。"
   },
   "geometry": {
    "type": "Polygon",
    "coordinates": [
     [
      [
       116.34227999999999,
       40.01081999999983
      ],
      [
       116.34311999999998,
       40.01081999999983
      ],
      [
       116.34311999999998,
       40.009979999999835
      ],
      [
       116.34227999999999,
       40.009979999999835
      ],
      [
       116.34227999999999,
       40.01081999999983
      ]
     ]
    ]
   }
  },
  {
   "type": "Feature",
   "id": "B-0097",
   "properties": {
    "id": "B-0097",
    "layer": "BUILDING_FOOTPRINT",
    "building_type": "0801",
    "building_type_name_zh": "创新服务机构",
    "source_type": "agent_generated_design",
    "confidence": "low",
    "geometry_role": "design_proposal",
    "area_sqm": 6689.6,
    "note": "概念体量，非法定建筑面积；待正式控规与现状权属核验后复算。"
   },
   "geometry": {
    "type": "Polygon",
    "coordinates": [
     [
      [
       116.34227999999999,
       40.013219999999826
      ],
      [
       116.34311999999998,
       40.013219999999826
      ],
      [
       116.34311999999998,
       40.01237999999983
      ],
      [
       116.34227999999999,
       40.01237999999983
      ],
      [
       116.34227999999999,
       40.013219999999826
      ]
     ]
    ]
   }
  },
  {
   "type": "Feature",
   "id": "B-0098",
   "properties": {
    "id": "B-0098",
    "layer": "BUILDING_FOOTPRINT",
    "building_type": "0701",
    "building_type_name_zh": "人才公寓",
    "source_type": "agent_generated_design",
    "confidence": "low",
    "geometry_role": "design_proposal",
    "area_sqm": 6677.8,
    "note": "概念体量，非法定建筑面积；待正式控规与现状权属核验后复算。"
   },
   "geometry": {
    "type": "Polygon",
    "coordinates": [
     [
      [
       116.34311999999998,
       40.014419999999824
      ],
      [
       116.34311999999998,
       40.01357999999983
      ],
      [
       116.34227999999999,
       40.01357999999983
      ],
      [
       116.34227999999999,
       40.01419561236452
      ],
      [
       116.3422909457383,
       40.014419999999824
      ],
      [
       116.34311999999998,
       40.014419999999824
      ]
     ]
    ]
   }
  },
  {
   "type": "Feature",
   "id": "B-0099",
   "properties": {
    "id": "B-0099",
    "layer": "BUILDING_FOOTPRINT",
    "building_type": "0701",
    "building_type_name_zh": "人才公寓",
    "source_type": "agent_generated_design",
    "confidence": "low",
    "geometry_role": "design_proposal",
    "area_sqm": 5832.9,
    "note": "概念体量，非法定建筑面积；待正式控规与现状权属核验后复算。"
   },
   "geometry": {
    "type": "Polygon",
    "coordinates": [
     [
      [
       116.34311999999998,
       40.01681999999982
      ],
      [
       116.34311999999998,
       40.01597999999982
      ],
      [
       116.34236704329928,
       40.01597999999982
      ],
      [
       116.34240801890903,
       40.01681999999982
      ],
      [
       116.34311999999998,
       40.01681999999982
      ]
     ]
    ]
   }
  },
  {
   "type": "Feature",
   "id": "B-0100",
   "properties": {
    "id": "B-0100",
    "layer": "BUILDING_FOOTPRINT",
    "building_type": "0701",
    "building_type_name_zh": "人才公寓",
    "source_type": "agent_generated_design",
    "confidence": "low",
    "geometry_role": "design_proposal",
    "area_sqm": 5366.7,
    "note": "概念体量，非法定建筑面积；待正式控规与现状权属核验后复算。"
   },
   "geometry": {
    "type": "Polygon",
    "coordinates": [
     [
      [
       116.34311999999998,
       40.018019999999815
      ],
      [
       116.34311999999998,
       40.01717999999982
      ],
      [
       116.34242557988463,
       40.01717999999982
      ],
      [
       116.3424665554944,
       40.018019999999815
      ],
      [
       116.34311999999998,
       40.018019999999815
      ]
     ]
    ]
   }
  },
  {
   "type": "Feature",
   "id": "B-0101",
   "properties": {
    "id": "B-0101",
    "layer": "BUILDING_FOOTPRINT",
    "building_type": "0701",
    "building_type_name_zh": "人才公寓",
    "source_type": "agent_generated_design",
    "confidence": "low",
    "geometry_role": "design_proposal",
    "area_sqm": 4900.4,
    "note": "概念体量，非法定建筑面积；待正式控规与现状权属核验后复算。"
   },
   "geometry": {
    "type": "Polygon",
    "coordinates": [
     [
      [
       116.34311999999998,
       40.01921999999981
      ],
      [
       116.34311999999998,
       40.018379999999816
      ],
      [
       116.34248411647,
       40.018379999999816
      ],
      [
       116.34252509207975,
       40.01921999999981
      ],
      [
       116.34311999999998,
       40.01921999999981
      ]
     ]
    ]
   }
  },
  {
   "type": "Feature",
   "id": "B-0102",
   "properties": {
    "id": "B-0102",
    "layer": "BUILDING_FOOTPRINT",
    "building_type": "0701",
    "building_type_name_zh": "人才公寓",
    "source_type": "agent_generated_design",
    "confidence": "low",
    "geometry_role": "design_proposal",
    "area_sqm": 4434.2,
    "note": "概念体量，非法定建筑面积；待正式控规与现状权属核验后复算。"
   },
   "geometry": {
    "type": "Polygon",
    "coordinates": [
     [
      [
       116.34311999999998,
       40.02041999999981
      ],
      [
       116.34311999999998,
       40.01957999999981
      ],
      [
       116.34254265305536,
       40.01957999999981
      ],
      [
       116.34258362866512,
       40.02041999999981
      ],
      [
       116.34311999999998,
       40.02041999999981
      ]
     ]
    ]
   }
  },
  {
   "type": "Feature",
   "id": "B-0103",
   "properties": {
    "id": "B-0103",
    "layer": "BUILDING_FOOTPRINT",
    "building_type": "0901",
    "building_type_name_zh": "智能商业",
    "source_type": "agent_generated_design",
    "confidence": "low",
    "geometry_role": "design_proposal",
    "area_sqm": 3968.0,
    "note": "概念体量，非法定建筑面积；待正式控规与现状权属核验后复算。"
   },
   "geometry": {
    "type": "Polygon",
    "coordinates": [
     [
      [
       116.34311999999998,
       40.02161999999981
      ],
      [
       116.34311999999998,
       40.02077999999981
      ],
      [
       116.34260118964073,
       40.02077999999981
      ],
      [
       116.3426421652505,
       40.02161999999981
      ],
      [
       116.34311999999998,
       40.02161999999981
      ]
     ]
    ]
   }
  },
  {
   "type": "Feature",
   "id": "B-0104",
   "properties": {
    "id": "B-0104",
    "layer": "BUILDING_FOOTPRINT",
    "building_type": "0701",
    "building_type_name_zh": "人才公寓",
    "source_type": "agent_generated_design",
    "confidence": "low",
    "geometry_role": "design_proposal",
    "area_sqm": 3501.9,
    "note": "概念体量，非法定建筑面积；待正式控规与现状权属核验后复算。"
   },
   "geometry": {
    "type": "Polygon",
    "coordinates": [
     [
      [
       116.34311999999998,
       40.022819999999804
      ],
      [
       116.34311999999998,
       40.02197999999981
      ],
      [
       116.3426597262261,
       40.02197999999981
      ],
      [
       116.34270070183585,
       40.022819999999804
      ],
      [
       116.34311999999998,
       40.022819999999804
      ]
     ]
    ]
   }
  },
  {
   "type": "Feature",
   "id": "B-0105",
   "properties": {
    "id": "B-0105",
    "layer": "BUILDING_FOOTPRINT",
    "building_type": "0701",
    "building_type_name_zh": "人才公寓",
    "source_type": "agent_generated_design",
    "confidence": "low",
    "geometry_role": "design_proposal",
    "area_sqm": 2569.6,
    "note": "概念体量，非法定建筑面积；待正式控规与现状权属核验后复算。"
   },
   "geometry": {
    "type": "Polygon",
    "coordinates": [
     [
      [
       116.34311999999998,
       40.0252199999998
      ],
      [
       116.34311999999998,
       40.0243799999998
      ],
      [
       116.34277679939683,
       40.0243799999998
      ],
      [
       116.34281777500658,
       40.0252199999998
      ],
      [
       116.34311999999998,
       40.0252199999998
      ]
     ]
    ]
   }
  },
  {
   "type": "Feature",
   "id": "B-0106",
   "properties": {
    "id": "B-0106",
    "layer": "BUILDING_FOOTPRINT",
    "building_type": "0701",
    "building_type_name_zh": "人才公寓",
    "source_type": "agent_generated_design",
    "confidence": "low",
    "geometry_role": "design_proposal",
    "area_sqm": 1870.1,
    "note": "概念体量，非法定建筑面积；待正式控规与现状权属核验后复算。"
   },
   "geometry": {
    "type": "Polygon",
    "coordinates": [
     [
      [
       116.34311999999998,
       40.0255799999998
      ],
      [
       116.34283533598219,
       40.0255799999998
      ],
      [
       116.34287143354318,
       40.02632
      ],
      [
       116.34311999999998,
       40.02632
      ],
      [
       116.34311999999998,
       40.0255799999998
      ]
     ]
    ]
   }
  },
  {
   "type": "Feature",
   "id": "B-0107",
   "properties": {
    "id": "B-0107",
    "layer": "BUILDING_FOOTPRINT",
    "building_type": "0701",
    "building_type_name_zh": "人才公寓",
    "source_type": "agent_generated_design",
    "confidence": "low",
    "geometry_role": "design_proposal",
    "area_sqm": 6696.5,
    "note": "概念体量，非法定建筑面积；待正式控规与现状权属核验后复算。"
   },
   "geometry": {
    "type": "Polygon",
    "coordinates": [
     [
      [
       116.34347999999999,
       39.941219999999994
      ],
      [
       116.34431999999998,
       39.941219999999994
      ],
      [
       116.34431999999998,
       39.94038
      ],
      [
       116.34347999999999,
       39.94038
      ],
      [
       116.34347999999999,
       39.941219999999994
      ]
     ]
    ]
   }
  },
  {
   "type": "Feature",
   "id": "B-0108",
   "properties": {
    "id": "B-0108",
    "layer": "BUILDING_FOOTPRINT",
    "building_type": "0701",
    "building_type_name_zh": "人才公寓",
    "source_type": "agent_generated_design",
    "confidence": "low",
    "geometry_role": "design_proposal",
    "area_sqm": 6696.4,
    "note": "概念体量，非法定建筑面积；待正式控规与现状权属核验后复算。"
   },
   "geometry": {
    "type": "Polygon",
    "coordinates": [
     [
      [
       116.34347999999999,
       39.94241999999999
      ],
      [
       116.34431999999998,
       39.94241999999999
      ],
      [
       116.34431999999998,
       39.941579999999995
      ],
      [
       116.34347999999999,
       39.941579999999995
      ],
      [
       116.34347999999999,
       39.94241999999999
      ]
     ]
    ]
   }
  },
  {
   "type": "Feature",
   "id": "B-0109",
   "properties": {
    "id": "B-0109",
    "layer": "BUILDING_FOOTPRINT",
    "building_type": "0902",
    "building_type_name_zh": "AI 企业总部",
    "source_type": "agent_generated_design",
    "confidence": "low",
    "geometry_role": "design_proposal",
    "area_sqm": 6696.1,
    "note": "概念体量，非法定建筑面积；待正式控规与现状权属核验后复算。"
   },
   "geometry": {
    "type": "Polygon",
    "coordinates": [
     [
      [
       116.34347999999999,
       39.944819999999986
      ],
      [
       116.34431999999998,
       39.944819999999986
      ],
      [
       116.34431999999998,
       39.94397999999999
      ],
      [
       116.34347999999999,
       39.94397999999999
      ],
      [
       116.34347999999999,
       39.944819999999986
      ]
     ]
    ]
   }
  },
  {
   "type": "Feature",
   "id": "B-0110",
   "properties": {
    "id": "B-0110",
    "layer": "BUILDING_FOOTPRINT",
    "building_type": "0902",
    "building_type_name_zh": "AI 企业总部",
    "source_type": "agent_generated_design",
    "confidence": "low",
    "geometry_role": "design_proposal",
    "area_sqm": 6696.0,
    "note": "概念体量，非法定建筑面积；待正式控规与现状权属核验后复算。"
   },
   "geometry": {
    "type": "Polygon",
    "coordinates": [
     [
      [
       116.34347999999999,
       39.94601999999998
      ],
      [
       116.34431999999998,
       39.94601999999998
      ],
      [
       116.34431999999998,
       39.945179999999986
      ],
      [
       116.34347999999999,
       39.945179999999986
      ],
      [
       116.34347999999999,
       39.94601999999998
      ]
     ]
    ]
   }
  },
  {
   "type": "Feature",
   "id": "B-0111",
   "properties": {
    "id": "B-0111",
    "layer": "BUILDING_FOOTPRINT",
    "building_type": "0902",
    "building_type_name_zh": "AI 企业总部",
    "source_type": "agent_generated_design",
    "confidence": "low",
    "geometry_role": "design_proposal",
    "area_sqm": 6695.9,
    "note": "概念体量，非法定建筑面积；待正式控规与现状权属核验后复算。"
   },
   "geometry": {
    "type": "Polygon",
    "coordinates": [
     [
      [
       116.34347999999999,
       39.94721999999998
      ],
      [
       116.34431999999998,
       39.94721999999998
      ],
      [
       116.34431999999998,
       39.946379999999984
      ],
      [
       116.34347999999999,
       39.946379999999984
      ],
      [
       116.34347999999999,
       39.94721999999998
      ]
     ]
    ]
   }
  },
  {
   "type": "Feature",
   "id": "B-0112",
   "properties": {
    "id": "B-0112",
    "layer": "BUILDING_FOOTPRINT",
    "building_type": "0902",
    "building_type_name_zh": "AI 企业总部",
    "source_type": "agent_generated_design",
    "confidence": "low",
    "geometry_role": "design_proposal",
    "area_sqm": 6695.8,
    "note": "概念体量，非法定建筑面积；待正式控规与现状权属核验后复算。"
   },
   "geometry": {
    "type": "Polygon",
    "coordinates": [
     [
      [
       116.34347999999999,
       39.94841999999998
      ],
      [
       116.34431999999998,
       39.94841999999998
      ],
      [
       116.34431999999998,
       39.94757999999998
      ],
      [
       116.34347999999999,
       39.94757999999998
      ],
      [
       116.34347999999999,
       39.94841999999998
      ]
     ]
    ]
   }
  },
  {
   "type": "Feature",
   "id": "B-0113",
   "properties": {
    "id": "B-0113",
    "layer": "BUILDING_FOOTPRINT",
    "building_type": "0902",
    "building_type_name_zh": "AI 企业总部",
    "source_type": "agent_generated_design",
    "confidence": "low",
    "geometry_role": "design_proposal",
    "area_sqm": 6695.7,
    "note": "概念体量，非法定建筑面积；待正式控规与现状权属核验后复算。"
   },
   "geometry": {
    "type": "Polygon",
    "coordinates": [
     [
      [
       116.34347999999999,
       39.949619999999975
      ],
      [
       116.34431999999998,
       39.949619999999975
      ],
      [
       116.34431999999998,
       39.94877999999998
      ],
      [
       116.34347999999999,
       39.94877999999998
      ],
      [
       116.34347999999999,
       39.949619999999975
      ]
     ]
    ]
   }
  },
  {
   "type": "Feature",
   "id": "B-0114",
   "properties": {
    "id": "B-0114",
    "layer": "BUILDING_FOOTPRINT",
    "building_type": "0701",
    "building_type_name_zh": "人才公寓",
    "source_type": "agent_generated_design",
    "confidence": "low",
    "geometry_role": "design_proposal",
    "area_sqm": 6695.6,
    "note": "概念体量，非法定建筑面积；待正式控规与现状权属核验后复算。"
   },
   "geometry": {
    "type": "Polygon",
    "coordinates": [
     [
      [
       116.34347999999999,
       39.95081999999997
      ],
      [
       116.34431999999998,
       39.95081999999997
      ],
      [
       116.34431999999998,
       39.949979999999975
      ],
      [
       116.34347999999999,
       39.949979999999975
      ],
      [
       116.34347999999999,
       39.95081999999997
      ]
     ]
    ]
   }
  },
  {
   "type": "Feature",
   "id": "B-0115",
   "properties": {
    "id": "B-0115",
    "layer": "BUILDING_FOOTPRINT",
    "building_type": "0801",
    "building_type_name_zh": "创新服务机构",
    "source_type": "agent_generated_design",
    "confidence": "low",
    "geometry_role": "design_proposal",
    "area_sqm": 6695.3,
    "note": "概念体量，非法定建筑面积；待正式控规与现状权属核验后复算。"
   },
   "geometry": {
    "type": "Polygon",
    "coordinates": [
     [
      [
       116.34347999999999,
       39.953219999999966
      ],
      [
       116.34431999999998,
       39.953219999999966
      ],
      [
       116.34431999999998,
       39.95237999999997
      ],
      [
       116.34347999999999,
       39.95237999999997
      ],
      [
       116.34347999999999,
       39.953219999999966
      ]
     ]
    ]
   }
  },
  {
   "type": "Feature",
   "id": "B-0116",
   "properties": {
    "id": "B-0116",
    "layer": "BUILDING_FOOTPRINT",
    "building_type": "0901",
    "building_type_name_zh": "智能商业",
    "source_type": "agent_generated_design",
    "confidence": "low",
    "geometry_role": "design_proposal",
    "area_sqm": 6695.2,
    "note": "概念体量，非法定建筑面积；待正式控规与现状权属核验后复算。"
   },
   "geometry": {
    "type": "Polygon",
    "coordinates": [
     [
      [
       116.34347999999999,
       39.95441999999996
      ],
      [
       116.34431999999998,
       39.95441999999996
      ],
      [
       116.34431999999998,
       39.95357999999997
      ],
      [
       116.34347999999999,
       39.95357999999997
      ],
      [
       116.34347999999999,
       39.95441999999996
      ]
     ]
    ]
   }
  },
  {
   "type": "Feature",
   "id": "B-0117",
   "properties": {
    "id": "B-0117",
    "layer": "BUILDING_FOOTPRINT",
    "building_type": "0701",
    "building_type_name_zh": "人才公寓",
    "source_type": "agent_generated_design",
    "confidence": "low",
    "geometry_role": "design_proposal",
    "area_sqm": 6695.0,
    "note": "概念体量，非法定建筑面积；待正式控规与现状权属核验后复算。"
   },
   "geometry": {
    "type": "Polygon",
    "coordinates": [
     [
      [
       116.34347999999999,
       39.95681999999996
      ],
      [
       116.34431999999998,
       39.95681999999996
      ],
      [
       116.34431999999998,
       39.95597999999996
      ],
      [
       116.34347999999999,
       39.95597999999996
      ],
      [
       116.34347999999999,
       39.95681999999996
      ]
     ]
    ]
   }
  },
  {
   "type": "Feature",
   "id": "B-0118",
   "properties": {
    "id": "B-0118",
    "layer": "BUILDING_FOOTPRINT",
    "building_type": "0701",
    "building_type_name_zh": "人才公寓",
    "source_type": "agent_generated_design",
    "confidence": "low",
    "geometry_role": "design_proposal",
    "area_sqm": 6694.8,
    "note": "概念体量，非法定建筑面积；待正式控规与现状权属核验后复算。"
   },
   "geometry": {
    "type": "Polygon",
    "coordinates": [
     [
      [
       116.34347999999999,
       39.95921999999995
      ],
      [
       116.34431999999998,
       39.95921999999995
      ],
      [
       116.34431999999998,
       39.958379999999956
      ],
      [
       116.34347999999999,
       39.958379999999956
      ],
      [
       116.34347999999999,
       39.95921999999995
      ]
     ]
    ]
   }
  },
  {
   "type": "Feature",
   "id": "B-0119",
   "properties": {
    "id": "B-0119",
    "layer": "BUILDING_FOOTPRINT",
    "building_type": "0901",
    "building_type_name_zh": "智能商业",
    "source_type": "agent_generated_design",
    "confidence": "low",
    "geometry_role": "design_proposal",
    "area_sqm": 6694.6,
    "note": "概念体量，非法定建筑面积；待正式控规与现状权属核验后复算。"
   },
   "geometry": {
    "type": "Polygon",
    "coordinates": [
     [
      [
       116.34347999999999,
       39.96041999999995
      ],
      [
       116.34431999999998,
       39.96041999999995
      ],
      [
       116.34431999999998,
       39.95957999999995
      ],
      [
       116.34347999999999,
       39.95957999999995
      ],
      [
       116.34347999999999,
       39.96041999999995
      ]
     ]
    ]
   }
  },
  {
   "type": "Feature",
   "id": "B-0120",
   "properties": {
    "id": "B-0120",
    "layer": "BUILDING_FOOTPRINT",
    "building_type": "0701",
    "building_type_name_zh": "人才公寓",
    "source_type": "agent_generated_design",
    "confidence": "low",
    "geometry_role": "design_proposal",
    "area_sqm": 6693.3,
    "note": "概念体量，非法定建筑面积；待正式控规与现状权属核验后复算。"
   },
   "geometry": {
    "type": "Polygon",
    "coordinates": [
     [
      [
       116.34347999999999,
       39.974819999999916
      ],
      [
       116.34431999999998,
       39.974819999999916
      ],
      [
       116.34431999999998,
       39.97397999999992
      ],
      [
       116.34347999999999,
       39.97397999999992
      ],
      [
       116.34347999999999,
       39.974819999999916
      ]
     ]
    ]
   }
  },
  {
   "type": "Feature",
   "id": "B-0121",
   "properties": {
    "id": "B-0121",
    "layer": "BUILDING_FOOTPRINT",
    "building_type": "0701",
    "building_type_name_zh": "人才公寓",
    "source_type": "agent_generated_design",
    "confidence": "low",
    "geometry_role": "design_proposal",
    "area_sqm": 6693.0,
    "note": "概念体量，非法定建筑面积；待正式控规与现状权属核验后复算。"
   },
   "geometry": {
    "type": "Polygon",
    "coordinates": [
     [
      [
       116.34347999999999,
       39.97721999999991
      ],
      [
       116.34431999999998,
       39.97721999999991
      ],
      [
       116.34431999999998,
       39.976379999999914
      ],
      [
       116.34347999999999,
       39.976379999999914
      ],
      [
       116.34347999999999,
       39.97721999999991
      ]
     ]
    ]
   }
  },
  {
   "type": "Feature",
   "id": "B-0122",
   "properties": {
    "id": "B-0122",
    "layer": "BUILDING_FOOTPRINT",
    "building_type": "0901",
    "building_type_name_zh": "智能商业",
    "source_type": "agent_generated_design",
    "confidence": "low",
    "geometry_role": "design_proposal",
    "area_sqm": 6692.9,
    "note": "概念体量，非法定建筑面积；待正式控规与现状权属核验后复算。"
   },
   "geometry": {
    "type": "Polygon",
    "coordinates": [
     [
      [
       116.34347999999999,
       39.97841999999991
      ],
      [
       116.34431999999998,
       39.97841999999991
      ],
      [
       116.34431999999998,
       39.97757999999991
      ],
      [
       116.34347999999999,
       39.97757999999991
      ],
      [
       116.34347999999999,
       39.97841999999991
      ]
     ]
    ]
   }
  },
  {
   "type": "Feature",
   "id": "B-0123",
   "properties": {
    "id": "B-0123",
    "layer": "BUILDING_FOOTPRINT",
    "building_type": "0701",
    "building_type_name_zh": "人才公寓",
    "source_type": "agent_generated_design",
    "confidence": "low",
    "geometry_role": "design_proposal",
    "area_sqm": 6692.7,
    "note": "概念体量，非法定建筑面积；待正式控规与现状权属核验后复算。"
   },
   "geometry": {
    "type": "Polygon",
    "coordinates": [
     [
      [
       116.34347999999999,
       39.9808199999999
      ],
      [
       116.34431999999998,
       39.9808199999999
      ],
      [
       116.34431999999998,
       39.979979999999905
      ],
      [
       116.34347999999999,
       39.979979999999905
      ],
      [
       116.34347999999999,
       39.9808199999999
      ]
     ]
    ]
   }
  },
  {
   "type": "Feature",
   "id": "B-0124",
   "properties": {
    "id": "B-0124",
    "layer": "BUILDING_FOOTPRINT",
    "building_type": "0701",
    "building_type_name_zh": "人才公寓",
    "source_type": "agent_generated_design",
    "confidence": "low",
    "geometry_role": "design_proposal",
    "area_sqm": 6692.6,
    "note": "概念体量，非法定建筑面积；待正式控规与现状权属核验后复算。"
   },
   "geometry": {
    "type": "Polygon",
    "coordinates": [
     [
      [
       116.34347999999999,
       39.9820199999999
      ],
      [
       116.34431999999998,
       39.9820199999999
      ],
      [
       116.34431999999998,
       39.9811799999999
      ],
      [
       116.34347999999999,
       39.9811799999999
      ],
      [
       116.34347999999999,
       39.9820199999999
      ]
     ]
    ]
   }
  },
  {
   "type": "Feature",
   "id": "B-0125",
   "properties": {
    "id": "B-0125",
    "layer": "BUILDING_FOOTPRINT",
    "building_type": "0701",
    "building_type_name_zh": "人才公寓",
    "source_type": "agent_generated_design",
    "confidence": "low",
    "geometry_role": "design_proposal",
    "area_sqm": 6692.3,
    "note": "概念体量，非法定建筑面积；待正式控规与现状权属核验后复算。"
   },
   "geometry": {
    "type": "Polygon",
    "coordinates": [
     [
      [
       116.34347999999999,
       39.98441999999989
      ],
      [
       116.34431999999998,
       39.98441999999989
      ],
      [
       116.34431999999998,
       39.9835799999999
      ],
      [
       116.34347999999999,
       39.9835799999999
      ],
      [
       116.34347999999999,
       39.98441999999989
      ]
     ]
    ]
   }
  },
  {
   "type": "Feature",
   "id": "B-0126",
   "properties": {
    "id": "B-0126",
    "layer": "BUILDING_FOOTPRINT",
    "building_type": "0701",
    "building_type_name_zh": "人才公寓",
    "source_type": "agent_generated_design",
    "confidence": "low",
    "geometry_role": "design_proposal",
    "area_sqm": 6692.2,
    "note": "概念体量，非法定建筑面积；待正式控规与现状权属核验后复算。"
   },
   "geometry": {
    "type": "Polygon",
    "coordinates": [
     [
      [
       116.34347999999999,
       39.98561999999989
      ],
      [
       116.34431999999998,
       39.98561999999989
      ],
      [
       116.34431999999998,
       39.984779999999894
      ],
      [
       116.34347999999999,
       39.984779999999894
      ],
      [
       116.34347999999999,
       39.98561999999989
      ]
     ]
    ]
   }
  },
  {
   "type": "Feature",
   "id": "B-0127",
   "properties": {
    "id": "B-0127",
    "layer": "BUILDING_FOOTPRINT",
    "building_type": "0701",
    "building_type_name_zh": "人才公寓",
    "source_type": "agent_generated_design",
    "confidence": "low",
    "geometry_role": "design_proposal",
    "area_sqm": 6692.1,
    "note": "概念体量，非法定建筑面积；待正式控规与现状权属核验后复算。"
   },
   "geometry": {
    "type": "Polygon",
    "coordinates": [
     [
      [
       116.34347999999999,
       39.98681999999989
      ],
      [
       116.34431999999998,
       39.98681999999989
      ],
      [
       116.34431999999998,
       39.98597999999989
      ],
      [
       116.34347999999999,
       39.98597999999989
      ],
      [
       116.34347999999999,
       39.98681999999989
      ]
     ]
    ]
   }
  },
  {
   "type": "Feature",
   "id": "B-0128",
   "properties": {
    "id": "B-0128",
    "layer": "BUILDING_FOOTPRINT",
    "building_type": "0702",
    "building_type_name_zh": "社区服务中心",
    "source_type": "agent_generated_design",
    "confidence": "low",
    "geometry_role": "design_proposal",
    "area_sqm": 6692.0,
    "note": "概念体量，非法定建筑面积；待正式控规与现状权属核验后复算。"
   },
   "geometry": {
    "type": "Polygon",
    "coordinates": [
     [
      [
       116.34347999999999,
       39.988019999999885
      ],
      [
       116.34431999999998,
       39.988019999999885
      ],
      [
       116.34431999999998,
       39.98717999999989
      ],
      [
       116.34347999999999,
       39.98717999999989
      ],
      [
       116.34347999999999,
       39.988019999999885
      ]
     ]
    ]
   }
  },
  {
   "type": "Feature",
   "id": "B-0129",
   "properties": {
    "id": "B-0129",
    "layer": "BUILDING_FOOTPRINT",
    "building_type": "0702",
    "building_type_name_zh": "社区服务中心",
    "source_type": "agent_generated_design",
    "confidence": "low",
    "geometry_role": "design_proposal",
    "area_sqm": 6691.9,
    "note": "概念体量，非法定建筑面积；待正式控规与现状权属核验后复算。"
   },
   "geometry": {
    "type": "Polygon",
    "coordinates": [
     [
      [
       116.34347999999999,
       39.98921999999988
      ],
      [
       116.34431999999998,
       39.98921999999988
      ],
      [
       116.34431999999998,
       39.988379999999886
      ],
      [
       116.34347999999999,
       39.988379999999886
      ],
      [
       116.34347999999999,
       39.98921999999988
      ]
     ]
    ]
   }
  },
  {
   "type": "Feature",
   "id": "B-0130",
   "properties": {
    "id": "B-0130",
    "layer": "BUILDING_FOOTPRINT",
    "building_type": "0702",
    "building_type_name_zh": "社区服务中心",
    "source_type": "agent_generated_design",
    "confidence": "low",
    "geometry_role": "design_proposal",
    "area_sqm": 6691.8,
    "note": "概念体量，非法定建筑面积；待正式控规与现状权属核验后复算。"
   },
   "geometry": {
    "type": "Polygon",
    "coordinates": [
     [
      [
       116.34347999999999,
       39.99041999999988
      ],
      [
       116.34431999999998,
       39.99041999999988
      ],
      [
       116.34431999999998,
       39.98957999999988
      ],
      [
       116.34347999999999,
       39.98957999999988
      ],
      [
       116.34347999999999,
       39.99041999999988
      ]
     ]
    ]
   }
  },
  {
   "type": "Feature",
   "id": "B-0131",
   "properties": {
    "id": "B-0131",
    "layer": "BUILDING_FOOTPRINT",
    "building_type": "0804",
    "building_type_name_zh": "科研教学",
    "source_type": "agent_generated_design",
    "confidence": "low",
    "geometry_role": "design_proposal",
    "area_sqm": 6691.6,
    "note": "概念体量，非法定建筑面积；待正式控规与现状权属核验后复算。"
   },
   "geometry": {
    "type": "Polygon",
    "coordinates": [
     [
      [
       116.34347999999999,
       39.99161999999988
      ],
      [
       116.34431999999998,
       39.99161999999988
      ],
      [
       116.34431999999998,
       39.99077999999988
      ],
      [
       116.34347999999999,
       39.99077999999988
      ],
      [
       116.34347999999999,
       39.99161999999988
      ]
     ]
    ]
   }
  },
  {
   "type": "Feature",
   "id": "B-0132",
   "properties": {
    "id": "B-0132",
    "layer": "BUILDING_FOOTPRINT",
    "building_type": "0804",
    "building_type_name_zh": "科研教学",
    "source_type": "agent_generated_design",
    "confidence": "low",
    "geometry_role": "design_proposal",
    "area_sqm": 6691.5,
    "note": "概念体量，非法定建筑面积；待正式控规与现状权属核验后复算。"
   },
   "geometry": {
    "type": "Polygon",
    "coordinates": [
     [
      [
       116.34347999999999,
       39.992819999999874
      ],
      [
       116.34431999999998,
       39.992819999999874
      ],
      [
       116.34431999999998,
       39.99197999999988
      ],
      [
       116.34347999999999,
       39.99197999999988
      ],
      [
       116.34347999999999,
       39.992819999999874
      ]
     ]
    ]
   }
  },
  {
   "type": "Feature",
   "id": "B-0133",
   "properties": {
    "id": "B-0133",
    "layer": "BUILDING_FOOTPRINT",
    "building_type": "0701",
    "building_type_name_zh": "人才公寓",
    "source_type": "agent_generated_design",
    "confidence": "low",
    "geometry_role": "design_proposal",
    "area_sqm": 6691.4,
    "note": "概念体量，非法定建筑面积；待正式控规与现状权属核验后复算。"
   },
   "geometry": {
    "type": "Polygon",
    "coordinates": [
     [
      [
       116.34347999999999,
       39.99401999999987
      ],
      [
       116.34431999999998,
       39.99401999999987
      ],
      [
       116.34431999999998,
       39.993179999999874
      ],
      [
       116.34347999999999,
       39.993179999999874
      ],
      [
       116.34347999999999,
       39.99401999999987
      ]
     ]
    ]
   }
  },
  {
   "type": "Feature",
   "id": "B-0134",
   "properties": {
    "id": "B-0134",
    "layer": "BUILDING_FOOTPRINT",
    "building_type": "0801",
    "building_type_name_zh": "创新服务机构",
    "source_type": "agent_generated_design",
    "confidence": "low",
    "geometry_role": "design_proposal",
    "area_sqm": 6691.3,
    "note": "概念体量，非法定建筑面积；待正式控规与现状权属核验后复算。"
   },
   "geometry": {
    "type": "Polygon",
    "coordinates": [
     [
      [
       116.34347999999999,
       39.99521999999987
      ],
      [
       116.34431999999998,
       39.99521999999987
      ],
      [
       116.34431999999998,
       39.99437999999987
      ],
      [
       116.34347999999999,
       39.99437999999987
      ],
      [
       116.34347999999999,
       39.99521999999987
      ]
     ]
    ]
   }
  },
  {
   "type": "Feature",
   "id": "B-0135",
   "properties": {
    "id": "B-0135",
    "layer": "BUILDING_FOOTPRINT",
    "building_type": "0901",
    "building_type_name_zh": "智能商业",
    "source_type": "agent_generated_design",
    "confidence": "low",
    "geometry_role": "design_proposal",
    "area_sqm": 6691.2,
    "note": "概念体量，非法定建筑面积；待正式控规与现状权属核验后复算。"
   },
   "geometry": {
    "type": "Polygon",
    "coordinates": [
     [
      [
       116.34347999999999,
       39.996419999999866
      ],
      [
       116.34431999999998,
       39.996419999999866
      ],
      [
       116.34431999999998,
       39.99557999999987
      ],
      [
       116.34347999999999,
       39.99557999999987
      ],
      [
       116.34347999999999,
       39.996419999999866
      ]
     ]
    ]
   }
  },
  {
   "type": "Feature",
   "id": "B-0136",
   "properties": {
    "id": "B-0136",
    "layer": "BUILDING_FOOTPRINT",
    "building_type": "0701",
    "building_type_name_zh": "人才公寓",
    "source_type": "agent_generated_design",
    "confidence": "low",
    "geometry_role": "design_proposal",
    "area_sqm": 6691.1,
    "note": "概念体量，非法定建筑面积；待正式控规与现状权属核验后复算。"
   },
   "geometry": {
    "type": "Polygon",
    "coordinates": [
     [
      [
       116.34347999999999,
       39.99761999999986
      ],
      [
       116.34431999999998,
       39.99761999999986
      ],
      [
       116.34431999999998,
       39.996779999999866
      ],
      [
       116.34347999999999,
       39.996779999999866
      ],
      [
       116.34347999999999,
       39.99761999999986
      ]
     ]
    ]
   }
  },
  {
   "type": "Feature",
   "id": "B-0137",
   "properties": {
    "id": "B-0137",
    "layer": "BUILDING_FOOTPRINT",
    "building_type": "0701",
    "building_type_name_zh": "人才公寓",
    "source_type": "agent_generated_design",
    "confidence": "low",
    "geometry_role": "design_proposal",
    "area_sqm": 6690.9,
    "note": "概念体量，非法定建筑面积；待正式控规与现状权属核验后复算。"
   },
   "geometry": {
    "type": "Polygon",
    "coordinates": [
     [
      [
       116.34347999999999,
       39.99881999999986
      ],
      [
       116.34431999999998,
       39.99881999999986
      ],
      [
       116.34431999999998,
       39.99797999999986
      ],
      [
       116.34347999999999,
       39.99797999999986
      ],
      [
       116.34347999999999,
       39.99881999999986
      ]
     ]
    ]
   }
  },
  {
   "type": "Feature",
   "id": "B-0138",
   "properties": {
    "id": "B-0138",
    "layer": "BUILDING_FOOTPRINT",
    "building_type": "0701",
    "building_type_name_zh": "人才公寓",
    "source_type": "agent_generated_design",
    "confidence": "low",
    "geometry_role": "design_proposal",
    "area_sqm": 6690.7,
    "note": "概念体量，非法定建筑面积；待正式控规与现状权属核验后复算。"
   },
   "geometry": {
    "type": "Polygon",
    "coordinates": [
     [
      [
       116.34347999999999,
       40.001219999999854
      ],
      [
       116.34431999999998,
       40.001219999999854
      ],
      [
       116.34431999999998,
       40.00037999999986
      ],
      [
       116.34347999999999,
       40.00037999999986
      ],
      [
       116.34347999999999,
       40.001219999999854
      ]
     ]
    ]
   }
  },
  {
   "type": "Feature",
   "id": "B-0139",
   "properties": {
    "id": "B-0139",
    "layer": "BUILDING_FOOTPRINT",
    "building_type": "0901",
    "building_type_name_zh": "智能商业",
    "source_type": "agent_generated_design",
    "confidence": "low",
    "geometry_role": "design_proposal",
    "area_sqm": 6690.6,
    "note": "概念体量，非法定建筑面积；待正式控规与现状权属核验后复算。"
   },
   "geometry": {
    "type": "Polygon",
    "coordinates": [
     [
      [
       116.34347999999999,
       40.00241999999985
      ],
      [
       116.34431999999998,
       40.00241999999985
      ],
      [
       116.34431999999998,
       40.001579999999855
      ],
      [
       116.34347999999999,
       40.001579999999855
      ],
      [
       116.34347999999999,
       40.00241999999985
      ]
     ]
    ]
   }
  },
  {
   "type": "Feature",
   "id": "B-0140",
   "properties": {
    "id": "B-0140",
    "layer": "BUILDING_FOOTPRINT",
    "building_type": "0701",
    "building_type_name_zh": "人才公寓",
    "source_type": "agent_generated_design",
    "confidence": "low",
    "geometry_role": "design_proposal",
    "area_sqm": 6690.4,
    "note": "概念体量，非法定建筑面积；待正式控规与现状权属核验后复算。"
   },
   "geometry": {
    "type": "Polygon",
    "coordinates": [
     [
      [
       116.34347999999999,
       40.004819999999846
      ],
      [
       116.34431999999998,
       40.004819999999846
      ],
      [
       116.34431999999998,
       40.00397999999985
      ],
      [
       116.34347999999999,
       40.00397999999985
      ],
      [
       116.34347999999999,
       40.004819999999846
      ]
     ]
    ]
   }
  },
  {
   "type": "Feature",
   "id": "B-0141",
   "properties": {
    "id": "B-0141",
    "layer": "BUILDING_FOOTPRINT",
    "building_type": "0701",
    "building_type_name_zh": "人才公寓",
    "source_type": "agent_generated_design",
    "confidence": "low",
    "geometry_role": "design_proposal",
    "area_sqm": 6690.2,
    "note": "概念体量，非法定建筑面积；待正式控规与现状权属核验后复算。"
   },
   "geometry": {
    "type": "Polygon",
    "coordinates": [
     [
      [
       116.34347999999999,
       40.00601999999984
      ],
      [
       116.34431999999998,
       40.00601999999984
      ],
      [
       116.34431999999998,
       40.00517999999985
      ],
      [
       116.34347999999999,
       40.00517999999985
      ],
      [
       116.34347999999999,
       40.00601999999984
      ]
     ]
    ]
   }
  },
  {
   "type": "Feature",
   "id": "B-0142",
   "properties": {
    "id": "B-0142",
    "layer": "BUILDING_FOOTPRINT",
    "building_type": "0701",
    "building_type_name_zh": "人才公寓",
    "source_type": "agent_generated_design",
    "confidence": "low",
    "geometry_role": "design_proposal",
    "area_sqm": 6690.1,
    "note": "概念体量，非法定建筑面积；待正式控规与现状权属核验后复算。"
   },
   "geometry": {
    "type": "Polygon",
    "coordinates": [
     [
      [
       116.34347999999999,
       40.00721999999984
      ],
      [
       116.34431999999998,
       40.00721999999984
      ],
      [
       116.34431999999998,
       40.006379999999844
      ],
      [
       116.34347999999999,
       40.006379999999844
      ],
      [
       116.34347999999999,
       40.00721999999984
      ]
     ]
    ]
   }
  },
  {
   "type": "Feature",
   "id": "B-0143",
   "properties": {
    "id": "B-0143",
    "layer": "BUILDING_FOOTPRINT",
    "building_type": "1001",
    "building_type_name_zh": "AI 研发厂房",
    "source_type": "agent_generated_design",
    "confidence": "low",
    "geometry_role": "design_proposal",
    "area_sqm": 6690.0,
    "note": "概念体量，非法定建筑面积；待正式控规与现状权属核验后复算。"
   },
   "geometry": {
    "type": "Polygon",
    "coordinates": [
     [
      [
       116.34347999999999,
       40.00841999999984
      ],
      [
       116.34431999999998,
       40.00841999999984
      ],
      [
       116.34431999999998,
       40.00757999999984
      ],
      [
       116.34347999999999,
       40.00757999999984
      ],
      [
       116.34347999999999,
       40.00841999999984
      ]
     ]
    ]
   }
  },
  {
   "type": "Feature",
   "id": "B-0144",
   "properties": {
    "id": "B-0144",
    "layer": "BUILDING_FOOTPRINT",
    "building_type": "1001",
    "building_type_name_zh": "AI 研发厂房",
    "source_type": "agent_generated_design",
    "confidence": "low",
    "geometry_role": "design_proposal",
    "area_sqm": 6689.9,
    "note": "概念体量，非法定建筑面积；待正式控规与现状权属核验后复算。"
   },
   "geometry": {
    "type": "Polygon",
    "coordinates": [
     [
      [
       116.34347999999999,
       40.009619999999835
      ],
      [
       116.34431999999998,
       40.009619999999835
      ],
      [
       116.34431999999998,
       40.00877999999984
      ],
      [
       116.34347999999999,
       40.00877999999984
      ],
      [
       116.34347999999999,
       40.009619999999835
      ]
     ]
    ]
   }
  },
  {
   "type": "Feature",
   "id": "B-0145",
   "properties": {
    "id": "B-0145",
    "layer": "BUILDING_FOOTPRINT",
    "building_type": "1001",
    "building_type_name_zh": "AI 研发厂房",
    "source_type": "agent_generated_design",
    "confidence": "low",
    "geometry_role": "design_proposal",
    "area_sqm": 6689.8,
    "note": "概念体量，非法定建筑面积；待正式控规与现状权属核验后复算。"
   },
   "geometry": {
    "type": "Polygon",
    "coordinates": [
     [
      [
       116.34347999999999,
       40.01081999999983
      ],
      [
       116.34431999999998,
       40.01081999999983
      ],
      [
       116.34431999999998,
       40.009979999999835
      ],
      [
       116.34347999999999,
       40.009979999999835
      ],
      [
       116.34347999999999,
       40.01081999999983
      ]
     ]
    ]
   }
  },
  {
   "type": "Feature",
   "id": "B-0146",
   "properties": {
    "id": "B-0146",
    "layer": "BUILDING_FOOTPRINT",
    "building_type": "1001",
    "building_type_name_zh": "AI 研发厂房",
    "source_type": "agent_generated_design",
    "confidence": "low",
    "geometry_role": "design_proposal",
    "area_sqm": 6689.7,
    "note": "概念体量，非法定建筑面积；待正式控规与现状权属核验后复算。"
   },
   "geometry": {
    "type": "Polygon",
    "coordinates": [
     [
      [
       116.34347999999999,
       40.01201999999983
      ],
      [
       116.34431999999998,
       40.01201999999983
      ],
      [
       116.34431999999998,
       40.01117999999983
      ],
      [
       116.34347999999999,
       40.01117999999983
      ],
      [
       116.34347999999999,
       40.01201999999983
      ]
     ]
    ]
   }
  },
  {
   "type": "Feature",
   "id": "B-0147",
   "properties": {
    "id": "B-0147",
    "layer": "BUILDING_FOOTPRINT",
    "building_type": "1001",
    "building_type_name_zh": "AI 研发厂房",
    "source_type": "agent_generated_design",
    "confidence": "low",
    "geometry_role": "design_proposal",
    "area_sqm": 6689.6,
    "note": "概念体量，非法定建筑面积；待正式控规与现状权属核验后复算。"
   },
   "geometry": {
    "type": "Polygon",
    "coordinates": [
     [
      [
       116.34347999999999,
       40.013219999999826
      ],
      [
       116.34431999999998,
       40.013219999999826
      ],
      [
       116.34431999999998,
       40.01237999999983
      ],
      [
       116.34347999999999,
       40.01237999999983
      ],
      [
       116.34347999999999,
       40.013219999999826
      ]
     ]
    ]
   }
  },
  {
   "type": "Feature",
   "id": "B-0148",
   "properties": {
    "id": "B-0148",
    "layer": "BUILDING_FOOTPRINT",
    "building_type": "1001",
    "building_type_name_zh": "AI 研发厂房",
    "source_type": "agent_generated_design",
    "confidence": "low",
    "geometry_role": "design_proposal",
    "area_sqm": 6689.4,
    "note": "概念体量，非法定建筑面积；待正式控规与现状权属核验后复算。"
   },
   "geometry": {
    "type": "Polygon",
    "coordinates": [
     [
      [
       116.34347999999999,
       40.014419999999824
      ],
      [
       116.34431999999998,
       40.014419999999824
      ],
      [
       116.34431999999998,
       40.01357999999983
      ],
      [
       116.34347999999999,
       40.01357999999983
      ],
      [
       116.34347999999999,
       40.014419999999824
      ]
     ]
    ]
   }
  },
  {
   "type": "Feature",
   "id": "B-0149",
   "properties": {
    "id": "B-0149",
    "layer": "BUILDING_FOOTPRINT",
    "building_type": "1001",
    "building_type_name_zh": "AI 研发厂房",
    "source_type": "agent_generated_design",
    "confidence": "low",
    "geometry_role": "design_proposal",
    "area_sqm": 6689.3,
    "note": "概念体量，非法定建筑面积；待正式控规与现状权属核验后复算。"
   },
   "geometry": {
    "type": "Polygon",
    "coordinates": [
     [
      [
       116.34347999999999,
       40.01561999999982
      ],
      [
       116.34431999999998,
       40.01561999999982
      ],
      [
       116.34431999999998,
       40.014779999999824
      ],
      [
       116.34347999999999,
       40.014779999999824
      ],
      [
       116.34347999999999,
       40.01561999999982
      ]
     ]
    ]
   }
  },
  {
   "type": "Feature",
   "id": "B-0150",
   "properties": {
    "id": "B-0150",
    "layer": "BUILDING_FOOTPRINT",
    "building_type": "1001",
    "building_type_name_zh": "AI 研发厂房",
    "source_type": "agent_generated_design",
    "confidence": "low",
    "geometry_role": "design_proposal",
    "area_sqm": 6689.2,
    "note": "概念体量，非法定建筑面积；待正式控规与现状权属核验后复算。"
   },
   "geometry": {
    "type": "Polygon",
    "coordinates": [
     [
      [
       116.34347999999999,
       40.01681999999982
      ],
      [
       116.34431999999998,
       40.01681999999982
      ],
      [
       116.34431999999998,
       40.01597999999982
      ],
      [
       116.34347999999999,
       40.01597999999982
      ],
      [
       116.34347999999999,
       40.01681999999982
      ]
     ]
    ]
   }
  },
  {
   "type": "Feature",
   "id": "B-0151",
   "properties": {
    "id": "B-0151",
    "layer": "BUILDING_FOOTPRINT",
    "building_type": "1001",
    "building_type_name_zh": "AI 研发厂房",
    "source_type": "agent_generated_design",
    "confidence": "low",
    "geometry_role": "design_proposal",
    "area_sqm": 6689.1,
    "note": "概念体量，非法定建筑面积；待正式控规与现状权属核验后复算。"
   },
   "geometry": {
    "type": "Polygon",
    "coordinates": [
     [
      [
       116.34347999999999,
       40.018019999999815
      ],
      [
       116.34431999999998,
       40.018019999999815
      ],
      [
       116.34431999999998,
       40.01717999999982
      ],
      [
       116.34347999999999,
       40.01717999999982
      ],
      [
       116.34347999999999,
       40.018019999999815
      ]
     ]
    ]
   }
  },
  {
   "type": "Feature",
   "id": "B-0152",
   "properties": {
    "id": "B-0152",
    "layer": "BUILDING_FOOTPRINT",
    "building_type": "1001",
    "building_type_name_zh": "AI 研发厂房",
    "source_type": "agent_generated_design",
    "confidence": "low",
    "geometry_role": "design_proposal",
    "area_sqm": 6689.0,
    "note": "概念体量，非法定建筑面积；待正式控规与现状权属核验后复算。"
   },
   "geometry": {
    "type": "Polygon",
    "coordinates": [
     [
      [
       116.34347999999999,
       40.01921999999981
      ],
      [
       116.34431999999998,
       40.01921999999981
      ],
      [
       116.34431999999998,
       40.018379999999816
      ],
      [
       116.34347999999999,
       40.018379999999816
      ],
      [
       116.34347999999999,
       40.01921999999981
      ]
     ]
    ]
   }
  },
  {
   "type": "Feature",
   "id": "B-0153",
   "properties": {
    "id": "B-0153",
    "layer": "BUILDING_FOOTPRINT",
    "building_type": "1001",
    "building_type_name_zh": "AI 研发厂房",
    "source_type": "agent_generated_design",
    "confidence": "low",
    "geometry_role": "design_proposal",
    "area_sqm": 6688.9,
    "note": "概念体量，非法定建筑面积；待正式控规与现状权属核验后复算。"
   },
   "geometry": {
    "type": "Polygon",
    "coordinates": [
     [
      [
       116.34347999999999,
       40.02041999999981
      ],
      [
       116.34431999999998,
       40.02041999999981
      ],
      [
       116.34431999999998,
       40.01957999999981
      ],
      [
       116.34347999999999,
       40.01957999999981
      ],
      [
       116.34347999999999,
       40.02041999999981
      ]
     ]
    ]
   }
  },
  {
   "type": "Feature",
   "id": "B-0154",
   "properties": {
    "id": "B-0154",
    "layer": "BUILDING_FOOTPRINT",
    "building_type": "1001",
    "building_type_name_zh": "AI 研发厂房",
    "source_type": "agent_generated_design",
    "confidence": "low",
    "geometry_role": "design_proposal",
    "area_sqm": 6688.7,
    "note": "概念体量，非法定建筑面积；待正式控规与现状权属核验后复算。"
   },
   "geometry": {
    "type": "Polygon",
    "coordinates": [
     [
      [
       116.34347999999999,
       40.02161999999981
      ],
      [
       116.34431999999998,
       40.02161999999981
      ],
      [
       116.34431999999998,
       40.02077999999981
      ],
      [
       116.34347999999999,
       40.02077999999981
      ],
      [
       116.34347999999999,
       40.02161999999981
      ]
     ]
    ]
   }
  },
  {
   "type": "Feature",
   "id": "B-0155",
   "properties": {
    "id": "B-0155",
    "layer": "BUILDING_FOOTPRINT",
    "building_type": "1001",
    "building_type_name_zh": "AI 研发厂房",
    "source_type": "agent_generated_design",
    "confidence": "low",
    "geometry_role": "design_proposal",
    "area_sqm": 6688.6,
    "note": "概念体量，非法定建筑面积；待正式控规与现状权属核验后复算。"
   },
   "geometry": {
    "type": "Polygon",
    "coordinates": [
     [
      [
       116.34347999999999,
       40.022819999999804
      ],
      [
       116.34431999999998,
       40.022819999999804
      ],
      [
       116.34431999999998,
       40.02197999999981
      ],
      [
       116.34347999999999,
       40.02197999999981
      ],
      [
       116.34347999999999,
       40.022819999999804
      ]
     ]
    ]
   }
  },
  {
   "type": "Feature",
   "id": "B-0156",
   "properties": {
    "id": "B-0156",
    "layer": "BUILDING_FOOTPRINT",
    "building_type": "1001",
    "building_type_name_zh": "AI 研发厂房",
    "source_type": "agent_generated_design",
    "confidence": "low",
    "geometry_role": "design_proposal",
    "area_sqm": 6688.5,
    "note": "概念体量，非法定建筑面积；待正式控规与现状权属核验后复算。"
   },
   "geometry": {
    "type": "Polygon",
    "coordinates": [
     [
      [
       116.34347999999999,
       40.0240199999998
      ],
      [
       116.34431999999998,
       40.0240199999998
      ],
      [
       116.34431999999998,
       40.023179999999805
      ],
      [
       116.34347999999999,
       40.023179999999805
      ],
      [
       116.34347999999999,
       40.0240199999998
      ]
     ]
    ]
   }
  },
  {
   "type": "Feature",
   "id": "B-0157",
   "properties": {
    "id": "B-0157",
    "layer": "BUILDING_FOOTPRINT",
    "building_type": "1001",
    "building_type_name_zh": "AI 研发厂房",
    "source_type": "agent_generated_design",
    "confidence": "low",
    "geometry_role": "design_proposal",
    "area_sqm": 6688.4,
    "note": "概念体量，非法定建筑面积；待正式控规与现状权属核验后复算。"
   },
   "geometry": {
    "type": "Polygon",
    "coordinates": [
     [
      [
       116.34347999999999,
       40.0252199999998
      ],
      [
       116.34431999999998,
       40.0252199999998
      ],
      [
       116.34431999999998,
       40.0243799999998
      ],
      [
       116.34347999999999,
       40.0243799999998
      ],
      [
       116.34347999999999,
       40.0252199999998
      ]
     ]
    ]
   }
  },
  {
   "type": "Feature",
   "id": "B-0158",
   "properties": {
    "id": "B-0158",
    "layer": "BUILDING_FOOTPRINT",
    "building_type": "1001",
    "building_type_name_zh": "AI 研发厂房",
    "source_type": "agent_generated_design",
    "confidence": "low",
    "geometry_role": "design_proposal",
    "area_sqm": 5892.1,
    "note": "概念体量，非法定建筑面积；待正式控规与现状权属核验后复算。"
   },
   "geometry": {
    "type": "Polygon",
    "coordinates": [
     [
      [
       116.34431999999998,
       40.0255799999998
      ],
      [
       116.34347999999999,
       40.0255799999998
      ],
      [
       116.34347999999999,
       40.02632
      ],
      [
       116.34431999999998,
       40.02632
      ],
      [
       116.34431999999998,
       40.0255799999998
      ]
     ]
    ]
   }
  },
  {
   "type": "Feature",
   "id": "B-0159",
   "properties": {
    "id": "B-0159",
    "layer": "BUILDING_FOOTPRINT",
    "building_type": "0902",
    "building_type_name_zh": "AI 企业总部",
    "source_type": "agent_generated_design",
    "confidence": "low",
    "geometry_role": "design_proposal",
    "area_sqm": 6696.1,
    "note": "概念体量，非法定建筑面积；待正式控规与现状权属核验后复算。"
   },
   "geometry": {
    "type": "Polygon",
    "coordinates": [
     [
      [
       116.34467999999998,
       39.944819999999986
      ],
      [
       116.34551999999998,
       39.944819999999986
      ],
      [
       116.34551999999998,
       39.94397999999999
      ],
      [
       116.34467999999998,
       39.94397999999999
      ],
      [
       116.34467999999998,
       39.944819999999986
      ]
     ]
    ]
   }
  },
  {
   "type": "Feature",
   "id": "B-0160",
   "properties": {
    "id": "B-0160",
    "layer": "BUILDING_FOOTPRINT",
    "building_type": "0902",
    "building_type_name_zh": "AI 企业总部",
    "source_type": "agent_generated_design",
    "confidence": "low",
    "geometry_role": "design_proposal",
    "area_sqm": 6696.0,
    "note": "概念体量，非法定建筑面积；待正式控规与现状权属核验后复算。"
   },
   "geometry": {
    "type": "Polygon",
    "coordinates": [
     [
      [
       116.34467999999998,
       39.94601999999998
      ],
      [
       116.34551999999998,
       39.94601999999998
      ],
      [
       116.34551999999998,
       39.945179999999986
      ],
      [
       116.34467999999998,
       39.945179999999986
      ],
      [
       116.34467999999998,
       39.94601999999998
      ]
     ]
    ]
   }
  },
  {
   "type": "Feature",
   "id": "B-0161",
   "properties": {
    "id": "B-0161",
    "layer": "BUILDING_FOOTPRINT",
    "building_type": "0902",
    "building_type_name_zh": "AI 企业总部",
    "source_type": "agent_generated_design",
    "confidence": "low",
    "geometry_role": "design_proposal",
    "area_sqm": 6695.9,
    "note": "概念体量，非法定建筑面积；待正式控规与现状权属核验后复算。"
   },
   "geometry": {
    "type": "Polygon",
    "coordinates": [
     [
      [
       116.34467999999998,
       39.94721999999998
      ],
      [
       116.34551999999998,
       39.94721999999998
      ],
      [
       116.34551999999998,
       39.946379999999984
      ],
      [
       116.34467999999998,
       39.946379999999984
      ],
      [
       116.34467999999998,
       39.94721999999998
      ]
     ]
    ]
   }
  },
  {
   "type": "Feature",
   "id": "B-0162",
   "properties": {
    "id": "B-0162",
    "layer": "BUILDING_FOOTPRINT",
    "building_type": "0902",
    "building_type_name_zh": "AI 企业总部",
    "source_type": "agent_generated_design",
    "confidence": "low",
    "geometry_role": "design_proposal",
    "area_sqm": 6695.8,
    "note": "概念体量，非法定建筑面积；待正式控规与现状权属核验后复算。"
   },
   "geometry": {
    "type": "Polygon",
    "coordinates": [
     [
      [
       116.34467999999998,
       39.94841999999998
      ],
      [
       116.34551999999998,
       39.94841999999998
      ],
      [
       116.34551999999998,
       39.94757999999998
      ],
      [
       116.34467999999998,
       39.94757999999998
      ],
      [
       116.34467999999998,
       39.94841999999998
      ]
     ]
    ]
   }
  },
  {
   "type": "Feature",
   "id": "B-0163",
   "properties": {
    "id": "B-0163",
    "layer": "BUILDING_FOOTPRINT",
    "building_type": "0902",
    "building_type_name_zh": "AI 企业总部",
    "source_type": "agent_generated_design",
    "confidence": "low",
    "geometry_role": "design_proposal",
    "area_sqm": 6695.7,
    "note": "概念体量，非法定建筑面积；待正式控规与现状权属核验后复算。"
   },
   "geometry": {
    "type": "Polygon",
    "coordinates": [
     [
      [
       116.34467999999998,
       39.949619999999975
      ],
      [
       116.34551999999998,
       39.949619999999975
      ],
      [
       116.34551999999998,
       39.94877999999998
      ],
      [
       116.34467999999998,
       39.94877999999998
      ],
      [
       116.34467999999998,
       39.949619999999975
      ]
     ]
    ]
   }
  },
  {
   "type": "Feature",
   "id": "B-0164",
   "properties": {
    "id": "B-0164",
    "layer": "BUILDING_FOOTPRINT",
    "building_type": "0701",
    "building_type_name_zh": "人才公寓",
    "source_type": "agent_generated_design",
    "confidence": "low",
    "geometry_role": "design_proposal",
    "area_sqm": 6692.3,
    "note": "概念体量，非法定建筑面积；待正式控规与现状权属核验后复算。"
   },
   "geometry": {
    "type": "Polygon",
    "coordinates": [
     [
      [
       116.34467999999998,
       39.98441999999989
      ],
      [
       116.34551999999998,
       39.98441999999989
      ],
      [
       116.34551999999998,
       39.9835799999999
      ],
      [
       116.34467999999998,
       39.9835799999999
      ],
      [
       116.34467999999998,
       39.98441999999989
      ]
     ]
    ]
   }
  },
  {
   "type": "Feature",
   "id": "B-0165",
   "properties": {
    "id": "B-0165",
    "layer": "BUILDING_FOOTPRINT",
    "building_type": "0701",
    "building_type_name_zh": "人才公寓",
    "source_type": "agent_generated_design",
    "confidence": "low",
    "geometry_role": "design_proposal",
    "area_sqm": 6692.2,
    "note": "概念体量，非法定建筑面积；待正式控规与现状权属核验后复算。"
   },
   "geometry": {
    "type": "Polygon",
    "coordinates": [
     [
      [
       116.34467999999998,
       39.98561999999989
      ],
      [
       116.34551999999998,
       39.98561999999989
      ],
      [
       116.34551999999998,
       39.984779999999894
      ],
      [
       116.34467999999998,
       39.984779999999894
      ],
      [
       116.34467999999998,
       39.98561999999989
      ]
     ]
    ]
   }
  },
  {
   "type": "Feature",
   "id": "B-0166",
   "properties": {
    "id": "B-0166",
    "layer": "BUILDING_FOOTPRINT",
    "building_type": "0701",
    "building_type_name_zh": "人才公寓",
    "source_type": "agent_generated_design",
    "confidence": "low",
    "geometry_role": "design_proposal",
    "area_sqm": 6692.1,
    "note": "概念体量，非法定建筑面积；待正式控规与现状权属核验后复算。"
   },
   "geometry": {
    "type": "Polygon",
    "coordinates": [
     [
      [
       116.34467999999998,
       39.98681999999989
      ],
      [
       116.34551999999998,
       39.98681999999989
      ],
      [
       116.34551999999998,
       39.98597999999989
      ],
      [
       116.34467999999998,
       39.98597999999989
      ],
      [
       116.34467999999998,
       39.98681999999989
      ]
     ]
    ]
   }
  },
  {
   "type": "Feature",
   "id": "B-0167",
   "properties": {
    "id": "B-0167",
    "layer": "BUILDING_FOOTPRINT",
    "building_type": "0702",
    "building_type_name_zh": "社区服务中心",
    "source_type": "agent_generated_design",
    "confidence": "low",
    "geometry_role": "design_proposal",
    "area_sqm": 6692.0,
    "note": "概念体量，非法定建筑面积；待正式控规与现状权属核验后复算。"
   },
   "geometry": {
    "type": "Polygon",
    "coordinates": [
     [
      [
       116.34467999999998,
       39.988019999999885
      ],
      [
       116.34551999999998,
       39.988019999999885
      ],
      [
       116.34551999999998,
       39.98717999999989
      ],
      [
       116.34467999999998,
       39.98717999999989
      ],
      [
       116.34467999999998,
       39.988019999999885
      ]
     ]
    ]
   }
  },
  {
   "type": "Feature",
   "id": "B-0168",
   "properties": {
    "id": "B-0168",
    "layer": "BUILDING_FOOTPRINT",
    "building_type": "0702",
    "building_type_name_zh": "社区服务中心",
    "source_type": "agent_generated_design",
    "confidence": "low",
    "geometry_role": "design_proposal",
    "area_sqm": 6691.9,
    "note": "概念体量，非法定建筑面积；待正式控规与现状权属核验后复算。"
   },
   "geometry": {
    "type": "Polygon",
    "coordinates": [
     [
      [
       116.34467999999998,
       39.98921999999988
      ],
      [
       116.34551999999998,
       39.98921999999988
      ],
      [
       116.34551999999998,
       39.988379999999886
      ],
      [
       116.34467999999998,
       39.988379999999886
      ],
      [
       116.34467999999998,
       39.98921999999988
      ]
     ]
    ]
   }
  },
  {
   "type": "Feature",
   "id": "B-0169",
   "properties": {
    "id": "B-0169",
    "layer": "BUILDING_FOOTPRINT",
    "building_type": "0702",
    "building_type_name_zh": "社区服务中心",
    "source_type": "agent_generated_design",
    "confidence": "low",
    "geometry_role": "design_proposal",
    "area_sqm": 6691.7,
    "note": "概念体量，非法定建筑面积；待正式控规与现状权属核验后复算。"
   },
   "geometry": {
    "type": "Polygon",
    "coordinates": [
     [
      [
       116.34467999999998,
       39.99041999999988
      ],
      [
       116.34551999999998,
       39.99041999999988
      ],
      [
       116.34551999999998,
       39.98957999999988
      ],
      [
       116.34467999999998,
       39.98957999999988
      ],
      [
       116.34467999999998,
       39.99041999999988
      ]
     ]
    ]
   }
  },
  {
   "type": "Feature",
   "id": "B-0170",
   "properties": {
    "id": "B-0170",
    "layer": "BUILDING_FOOTPRINT",
    "building_type": "0804",
    "building_type_name_zh": "科研教学",
    "source_type": "agent_generated_design",
    "confidence": "low",
    "geometry_role": "design_proposal",
    "area_sqm": 6691.6,
    "note": "概念体量，非法定建筑面积；待正式控规与现状权属核验后复算。"
   },
   "geometry": {
    "type": "Polygon",
    "coordinates": [
     [
      [
       116.34467999999998,
       39.99161999999988
      ],
      [
       116.34551999999998,
       39.99161999999988
      ],
      [
       116.34551999999998,
       39.99077999999988
      ],
      [
       116.34467999999998,
       39.99077999999988
      ],
      [
       116.34467999999998,
       39.99161999999988
      ]
     ]
    ]
   }
  },
  {
   "type": "Feature",
   "id": "B-0171",
   "properties": {
    "id": "B-0171",
    "layer": "BUILDING_FOOTPRINT",
    "building_type": "0804",
    "building_type_name_zh": "科研教学",
    "source_type": "agent_generated_design",
    "confidence": "low",
    "geometry_role": "design_proposal",
    "area_sqm": 6691.5,
    "note": "概念体量，非法定建筑面积；待正式控规与现状权属核验后复算。"
   },
   "geometry": {
    "type": "Polygon",
    "coordinates": [
     [
      [
       116.34467999999998,
       39.992819999999874
      ],
      [
       116.34551999999998,
       39.992819999999874
      ],
      [
       116.34551999999998,
       39.99197999999988
      ],
      [
       116.34467999999998,
       39.99197999999988
      ],
      [
       116.34467999999998,
       39.992819999999874
      ]
     ]
    ]
   }
  },
  {
   "type": "Feature",
   "id": "B-0172",
   "properties": {
    "id": "B-0172",
    "layer": "BUILDING_FOOTPRINT",
    "building_type": "1001",
    "building_type_name_zh": "AI 研发厂房",
    "source_type": "agent_generated_design",
    "confidence": "low",
    "geometry_role": "design_proposal",
    "area_sqm": 6690.0,
    "note": "概念体量，非法定建筑面积；待正式控规与现状权属核验后复算。"
   },
   "geometry": {
    "type": "Polygon",
    "coordinates": [
     [
      [
       116.34467999999998,
       40.00841999999984
      ],
      [
       116.34551999999998,
       40.00841999999984
      ],
      [
       116.34551999999998,
       40.00757999999984
      ],
      [
       116.34467999999998,
       40.00757999999984
      ],
      [
       116.34467999999998,
       40.00841999999984
      ]
     ]
    ]
   }
  },
  {
   "type": "Feature",
   "id": "B-0173",
   "properties": {
    "id": "B-0173",
    "layer": "BUILDING_FOOTPRINT",
    "building_type": "1001",
    "building_type_name_zh": "AI 研发厂房",
    "source_type": "agent_generated_design",
    "confidence": "low",
    "geometry_role": "design_proposal",
    "area_sqm": 6689.9,
    "note": "概念体量，非法定建筑面积；待正式控规与现状权属核验后复算。"
   },
   "geometry": {
    "type": "Polygon",
    "coordinates": [
     [
      [
       116.34467999999998,
       40.009619999999835
      ],
      [
       116.34551999999998,
       40.009619999999835
      ],
      [
       116.34551999999998,
       40.00877999999984
      ],
      [
       116.34467999999998,
       40.00877999999984
      ],
      [
       116.34467999999998,
       40.009619999999835
      ]
     ]
    ]
   }
  },
  {
   "type": "Feature",
   "id": "B-0174",
   "properties": {
    "id": "B-0174",
    "layer": "BUILDING_FOOTPRINT",
    "building_type": "1001",
    "building_type_name_zh": "AI 研发厂房",
    "source_type": "agent_generated_design",
    "confidence": "low",
    "geometry_role": "design_proposal",
    "area_sqm": 6689.8,
    "note": "概念体量，非法定建筑面积；待正式控规与现状权属核验后复算。"
   },
   "geometry": {
    "type": "Polygon",
    "coordinates": [
     [
      [
       116.34467999999998,
       40.01081999999983
      ],
      [
       116.34551999999998,
       40.01081999999983
      ],
      [
       116.34551999999998,
       40.009979999999835
      ],
      [
       116.34467999999998,
       40.009979999999835
      ],
      [
       116.34467999999998,
       40.01081999999983
      ]
     ]
    ]
   }
  },
  {
   "type": "Feature",
   "id": "B-0175",
   "properties": {
    "id": "B-0175",
    "layer": "BUILDING_FOOTPRINT",
    "building_type": "1001",
    "building_type_name_zh": "AI 研发厂房",
    "source_type": "agent_generated_design",
    "confidence": "low",
    "geometry_role": "design_proposal",
    "area_sqm": 6689.7,
    "note": "概念体量，非法定建筑面积；待正式控规与现状权属核验后复算。"
   },
   "geometry": {
    "type": "Polygon",
    "coordinates": [
     [
      [
       116.34467999999998,
       40.01201999999983
      ],
      [
       116.34551999999998,
       40.01201999999983
      ],
      [
       116.34551999999998,
       40.01117999999983
      ],
      [
       116.34467999999998,
       40.01117999999983
      ],
      [
       116.34467999999998,
       40.01201999999983
      ]
     ]
    ]
   }
  },
  {
   "type": "Feature",
   "id": "B-0176",
   "properties": {
    "id": "B-0176",
    "layer": "BUILDING_FOOTPRINT",
    "building_type": "1001",
    "building_type_name_zh": "AI 研发厂房",
    "source_type": "agent_generated_design",
    "confidence": "low",
    "geometry_role": "design_proposal",
    "area_sqm": 6689.6,
    "note": "概念体量，非法定建筑面积；待正式控规与现状权属核验后复算。"
   },
   "geometry": {
    "type": "Polygon",
    "coordinates": [
     [
      [
       116.34467999999998,
       40.013219999999826
      ],
      [
       116.34551999999998,
       40.013219999999826
      ],
      [
       116.34551999999998,
       40.01237999999983
      ],
      [
       116.34467999999998,
       40.01237999999983
      ],
      [
       116.34467999999998,
       40.013219999999826
      ]
     ]
    ]
   }
  },
  {
   "type": "Feature",
   "id": "B-0177",
   "properties": {
    "id": "B-0177",
    "layer": "BUILDING_FOOTPRINT",
    "building_type": "1001",
    "building_type_name_zh": "AI 研发厂房",
    "source_type": "agent_generated_design",
    "confidence": "low",
    "geometry_role": "design_proposal",
    "area_sqm": 6689.4,
    "note": "概念体量，非法定建筑面积；待正式控规与现状权属核验后复算。"
   },
   "geometry": {
    "type": "Polygon",
    "coordinates": [
     [
      [
       116.34467999999998,
       40.014419999999824
      ],
      [
       116.34551999999998,
       40.014419999999824
      ],
      [
       116.34551999999998,
       40.01357999999983
      ],
      [
       116.34467999999998,
       40.01357999999983
      ],
      [
       116.34467999999998,
       40.014419999999824
      ]
     ]
    ]
   }
  },
  {
   "type": "Feature",
   "id": "B-0178",
   "properties": {
    "id": "B-0178",
    "layer": "BUILDING_FOOTPRINT",
    "building_type": "1001",
    "building_type_name_zh": "AI 研发厂房",
    "source_type": "agent_generated_design",
    "confidence": "low",
    "geometry_role": "design_proposal",
    "area_sqm": 6689.3,
    "note": "概念体量，非法定建筑面积；待正式控规与现状权属核验后复算。"
   },
   "geometry": {
    "type": "Polygon",
    "coordinates": [
     [
      [
       116.34467999999998,
       40.01561999999982
      ],
      [
       116.34551999999998,
       40.01561999999982
      ],
      [
       116.34551999999998,
       40.014779999999824
      ],
      [
       116.34467999999998,
       40.014779999999824
      ],
      [
       116.34467999999998,
       40.01561999999982
      ]
     ]
    ]
   }
  },
  {
   "type": "Feature",
   "id": "B-0179",
   "properties": {
    "id": "B-0179",
    "layer": "BUILDING_FOOTPRINT",
    "building_type": "1001",
    "building_type_name_zh": "AI 研发厂房",
    "source_type": "agent_generated_design",
    "confidence": "low",
    "geometry_role": "design_proposal",
    "area_sqm": 6689.2,
    "note": "概念体量，非法定建筑面积；待正式控规与现状权属核验后复算。"
   },
   "geometry": {
    "type": "Polygon",
    "coordinates": [
     [
      [
       116.34467999999998,
       40.01681999999982
      ],
      [
       116.34551999999998,
       40.01681999999982
      ],
      [
       116.34551999999998,
       40.01597999999982
      ],
      [
       116.34467999999998,
       40.01597999999982
      ],
      [
       116.34467999999998,
       40.01681999999982
      ]
     ]
    ]
   }
  },
  {
   "type": "Feature",
   "id": "B-0180",
   "properties": {
    "id": "B-0180",
    "layer": "BUILDING_FOOTPRINT",
    "building_type": "1001",
    "building_type_name_zh": "AI 研发厂房",
    "source_type": "agent_generated_design",
    "confidence": "low",
    "geometry_role": "design_proposal",
    "area_sqm": 6689.1,
    "note": "概念体量，非法定建筑面积；待正式控规与现状权属核验后复算。"
   },
   "geometry": {
    "type": "Polygon",
    "coordinates": [
     [
      [
       116.34467999999998,
       40.018019999999815
      ],
      [
       116.34551999999998,
       40.018019999999815
      ],
      [
       116.34551999999998,
       40.01717999999982
      ],
      [
       116.34467999999998,
       40.01717999999982
      ],
      [
       116.34467999999998,
       40.018019999999815
      ]
     ]
    ]
   }
  },
  {
   "type": "Feature",
   "id": "B-0181",
   "properties": {
    "id": "B-0181",
    "layer": "BUILDING_FOOTPRINT",
    "building_type": "1001",
    "building_type_name_zh": "AI 研发厂房",
    "source_type": "agent_generated_design",
    "confidence": "low",
    "geometry_role": "design_proposal",
    "area_sqm": 6689.0,
    "note": "概念体量，非法定建筑面积；待正式控规与现状权属核验后复算。"
   },
   "geometry": {
    "type": "Polygon",
    "coordinates": [
     [
      [
       116.34467999999998,
       40.01921999999981
      ],
      [
       116.34551999999998,
       40.01921999999981
      ],
      [
       116.34551999999998,
       40.018379999999816
      ],
      [
       116.34467999999998,
       40.018379999999816
      ],
      [
       116.34467999999998,
       40.01921999999981
      ]
     ]
    ]
   }
  },
  {
   "type": "Feature",
   "id": "B-0182",
   "properties": {
    "id": "B-0182",
    "layer": "BUILDING_FOOTPRINT",
    "building_type": "1001",
    "building_type_name_zh": "AI 研发厂房",
    "source_type": "agent_generated_design",
    "confidence": "low",
    "geometry_role": "design_proposal",
    "area_sqm": 6688.9,
    "note": "概念体量，非法定建筑面积；待正式控规与现状权属核验后复算。"
   },
   "geometry": {
    "type": "Polygon",
    "coordinates": [
     [
      [
       116.34467999999998,
       40.02041999999981
      ],
      [
       116.34551999999998,
       40.02041999999981
      ],
      [
       116.34551999999998,
       40.01957999999981
      ],
      [
       116.34467999999998,
       40.01957999999981
      ],
      [
       116.34467999999998,
       40.02041999999981
      ]
     ]
    ]
   }
  },
  {
   "type": "Feature",
   "id": "B-0183",
   "properties": {
    "id": "B-0183",
    "layer": "BUILDING_FOOTPRINT",
    "building_type": "1001",
    "building_type_name_zh": "AI 研发厂房",
    "source_type": "agent_generated_design",
    "confidence": "low",
    "geometry_role": "design_proposal",
    "area_sqm": 6688.7,
    "note": "概念体量，非法定建筑面积；待正式控规与现状权属核验后复算。"
   },
   "geometry": {
    "type": "Polygon",
    "coordinates": [
     [
      [
       116.34467999999998,
       40.02161999999981
      ],
      [
       116.34551999999998,
       40.02161999999981
      ],
      [
       116.34551999999998,
       40.02077999999981
      ],
      [
       116.34467999999998,
       40.02077999999981
      ],
      [
       116.34467999999998,
       40.02161999999981
      ]
     ]
    ]
   }
  },
  {
   "type": "Feature",
   "id": "B-0184",
   "properties": {
    "id": "B-0184",
    "layer": "BUILDING_FOOTPRINT",
    "building_type": "1001",
    "building_type_name_zh": "AI 研发厂房",
    "source_type": "agent_generated_design",
    "confidence": "low",
    "geometry_role": "design_proposal",
    "area_sqm": 6688.6,
    "note": "概念体量，非法定建筑面积；待正式控规与现状权属核验后复算。"
   },
   "geometry": {
    "type": "Polygon",
    "coordinates": [
     [
      [
       116.34467999999998,
       40.022819999999804
      ],
      [
       116.34551999999998,
       40.022819999999804
      ],
      [
       116.34551999999998,
       40.02197999999981
      ],
      [
       116.34467999999998,
       40.02197999999981
      ],
      [
       116.34467999999998,
       40.022819999999804
      ]
     ]
    ]
   }
  },
  {
   "type": "Feature",
   "id": "B-0185",
   "properties": {
    "id": "B-0185",
    "layer": "BUILDING_FOOTPRINT",
    "building_type": "1001",
    "building_type_name_zh": "AI 研发厂房",
    "source_type": "agent_generated_design",
    "confidence": "low",
    "geometry_role": "design_proposal",
    "area_sqm": 6688.5,
    "note": "概念体量，非法定建筑面积；待正式控规与现状权属核验后复算。"
   },
   "geometry": {
    "type": "Polygon",
    "coordinates": [
     [
      [
       116.34467999999998,
       40.0240199999998
      ],
      [
       116.34551999999998,
       40.0240199999998
      ],
      [
       116.34551999999998,
       40.023179999999805
      ],
      [
       116.34467999999998,
       40.023179999999805
      ],
      [
       116.34467999999998,
       40.0240199999998
      ]
     ]
    ]
   }
  },
  {
   "type": "Feature",
   "id": "B-0186",
   "properties": {
    "id": "B-0186",
    "layer": "BUILDING_FOOTPRINT",
    "building_type": "1001",
    "building_type_name_zh": "AI 研发厂房",
    "source_type": "agent_generated_design",
    "confidence": "low",
    "geometry_role": "design_proposal",
    "area_sqm": 6688.4,
    "note": "概念体量，非法定建筑面积；待正式控规与现状权属核验后复算。"
   },
   "geometry": {
    "type": "Polygon",
    "coordinates": [
     [
      [
       116.34467999999998,
       40.0252199999998
      ],
      [
       116.34551999999998,
       40.0252199999998
      ],
      [
       116.34551999999998,
       40.0243799999998
      ],
      [
       116.34467999999998,
       40.0243799999998
      ],
      [
       116.34467999999998,
       40.0252199999998
      ]
     ]
    ]
   }
  },
  {
   "type": "Feature",
   "id": "B-0187",
   "properties": {
    "id": "B-0187",
    "layer": "BUILDING_FOOTPRINT",
    "building_type": "1001",
    "building_type_name_zh": "AI 研发厂房",
    "source_type": "agent_generated_design",
    "confidence": "low",
    "geometry_role": "design_proposal",
    "area_sqm": 5892.1,
    "note": "概念体量，非法定建筑面积；待正式控规与现状权属核验后复算。"
   },
   "geometry": {
    "type": "Polygon",
    "coordinates": [
     [
      [
       116.34551999999998,
       40.0255799999998
      ],
      [
       116.34467999999998,
       40.0255799999998
      ],
      [
       116.34467999999998,
       40.02632
      ],
      [
       116.34551999999998,
       40.02632
      ],
      [
       116.34551999999998,
       40.0255799999998
      ]
     ]
    ]
   }
  },
  {
   "type": "Feature",
   "id": "B-0188",
   "properties": {
    "id": "B-0188",
    "layer": "BUILDING_FOOTPRINT",
    "building_type": "0701",
    "building_type_name_zh": "人才公寓",
    "source_type": "agent_generated_design",
    "confidence": "low",
    "geometry_role": "design_proposal",
    "area_sqm": 6696.5,
    "note": "概念体量，非法定建筑面积；待正式控规与现状权属核验后复算。"
   },
   "geometry": {
    "type": "Polygon",
    "coordinates": [
     [
      [
       116.34587999999998,
       39.941219999999994
      ],
      [
       116.34671999999998,
       39.941219999999994
      ],
      [
       116.34671999999998,
       39.94038
      ],
      [
       116.34587999999998,
       39.94038
      ],
      [
       116.34587999999998,
       39.941219999999994
      ]
     ]
    ]
   }
  },
  {
   "type": "Feature",
   "id": "B-0189",
   "properties": {
    "id": "B-0189",
    "layer": "BUILDING_FOOTPRINT",
    "building_type": "0701",
    "building_type_name_zh": "人才公寓",
    "source_type": "agent_generated_design",
    "confidence": "low",
    "geometry_role": "design_proposal",
    "area_sqm": 6696.4,
    "note": "概念体量，非法定建筑面积；待正式控规与现状权属核验后复算。"
   },
   "geometry": {
    "type": "Polygon",
    "coordinates": [
     [
      [
       116.34587999999998,
       39.94241999999999
      ],
      [
       116.34671999999998,
       39.94241999999999
      ],
      [
       116.34671999999998,
       39.941579999999995
      ],
      [
       116.34587999999998,
       39.941579999999995
      ],
      [
       116.34587999999998,
       39.94241999999999
      ]
     ]
    ]
   }
  },
  {
   "type": "Feature",
   "id": "B-0190",
   "properties": {
    "id": "B-0190",
    "layer": "BUILDING_FOOTPRINT",
    "building_type": "0902",
    "building_type_name_zh": "AI 企业总部",
    "source_type": "agent_generated_design",
    "confidence": "low",
    "geometry_role": "design_proposal",
    "area_sqm": 6696.1,
    "note": "概念体量，非法定建筑面积；待正式控规与现状权属核验后复算。"
   },
   "geometry": {
    "type": "Polygon",
    "coordinates": [
     [
      [
       116.34587999999998,
       39.944819999999986
      ],
      [
       116.34671999999998,
       39.944819999999986
      ],
      [
       116.34671999999998,
       39.94397999999999
      ],
      [
       116.34587999999998,
       39.94397999999999
      ],
      [
       116.34587999999998,
       39.944819999999986
      ]
     ]
    ]
   }
  },
  {
   "type": "Feature",
   "id": "B-0191",
   "properties": {
    "id": "B-0191",
    "layer": "BUILDING_FOOTPRINT",
    "building_type": "0902",
    "building_type_name_zh": "AI 企业总部",
    "source_type": "agent_generated_design",
    "confidence": "low",
    "geometry_role": "design_proposal",
    "area_sqm": 6696.0,
    "note": "概念体量，非法定建筑面积；待正式控规与现状权属核验后复算。"
   },
   "geometry": {
    "type": "Polygon",
    "coordinates": [
     [
      [
       116.34587999999998,
       39.94601999999998
      ],
      [
       116.34671999999998,
       39.94601999999998
      ],
      [
       116.34671999999998,
       39.945179999999986
      ],
      [
       116.34587999999998,
       39.945179999999986
      ],
      [
       116.34587999999998,
       39.94601999999998
      ]
     ]
    ]
   }
  },
  {
   "type": "Feature",
   "id": "B-0192",
   "properties": {
    "id": "B-0192",
    "layer": "BUILDING_FOOTPRINT",
    "building_type": "0902",
    "building_type_name_zh": "AI 企业总部",
    "source_type": "agent_generated_design",
    "confidence": "low",
    "geometry_role": "design_proposal",
    "area_sqm": 6695.9,
    "note": "概念体量，非法定建筑面积；待正式控规与现状权属核验后复算。"
   },
   "geometry": {
    "type": "Polygon",
    "coordinates": [
     [
      [
       116.34587999999998,
       39.94721999999998
      ],
      [
       116.34671999999998,
       39.94721999999998
      ],
      [
       116.34671999999998,
       39.946379999999984
      ],
      [
       116.34587999999998,
       39.946379999999984
      ],
      [
       116.34587999999998,
       39.94721999999998
      ]
     ]
    ]
   }
  },
  {
   "type": "Feature",
   "id": "B-0193",
   "properties": {
    "id": "B-0193",
    "layer": "BUILDING_FOOTPRINT",
    "building_type": "0902",
    "building_type_name_zh": "AI 企业总部",
    "source_type": "agent_generated_design",
    "confidence": "low",
    "geometry_role": "design_proposal",
    "area_sqm": 6695.8,
    "note": "概念体量，非法定建筑面积；待正式控规与现状权属核验后复算。"
   },
   "geometry": {
    "type": "Polygon",
    "coordinates": [
     [
      [
       116.34587999999998,
       39.94841999999998
      ],
      [
       116.34671999999998,
       39.94841999999998
      ],
      [
       116.34671999999998,
       39.94757999999998
      ],
      [
       116.34587999999998,
       39.94757999999998
      ],
      [
       116.34587999999998,
       39.94841999999998
      ]
     ]
    ]
   }
  },
  {
   "type": "Feature",
   "id": "B-0194",
   "properties": {
    "id": "B-0194",
    "layer": "BUILDING_FOOTPRINT",
    "building_type": "0902",
    "building_type_name_zh": "AI 企业总部",
    "source_type": "agent_generated_design",
    "confidence": "low",
    "geometry_role": "design_proposal",
    "area_sqm": 6695.7,
    "note": "概念体量，非法定建筑面积；待正式控规与现状权属核验后复算。"
   },
   "geometry": {
    "type": "Polygon",
    "coordinates": [
     [
      [
       116.34587999999998,
       39.949619999999975
      ],
      [
       116.34671999999998,
       39.949619999999975
      ],
      [
       116.34671999999998,
       39.94877999999998
      ],
      [
       116.34587999999998,
       39.94877999999998
      ],
      [
       116.34587999999998,
       39.949619999999975
      ]
     ]
    ]
   }
  },
  {
   "type": "Feature",
   "id": "B-0195",
   "properties": {
    "id": "B-0195",
    "layer": "BUILDING_FOOTPRINT",
    "building_type": "0801",
    "building_type_name_zh": "创新服务机构",
    "source_type": "agent_generated_design",
    "confidence": "low",
    "geometry_role": "design_proposal",
    "area_sqm": 6695.6,
    "note": "概念体量，非法定建筑面积；待正式控规与现状权属核验后复算。"
   },
   "geometry": {
    "type": "Polygon",
    "coordinates": [
     [
      [
       116.34587999999998,
       39.95081999999997
      ],
      [
       116.34671999999998,
       39.95081999999997
      ],
      [
       116.34671999999998,
       39.949979999999975
      ],
      [
       116.34587999999998,
       39.949979999999975
      ],
      [
       116.34587999999998,
       39.95081999999997
      ]
     ]
    ]
   }
  },
  {
   "type": "Feature",
   "id": "B-0196",
   "properties": {
    "id": "B-0196",
    "layer": "BUILDING_FOOTPRINT",
    "building_type": "0701",
    "building_type_name_zh": "人才公寓",
    "source_type": "agent_generated_design",
    "confidence": "low",
    "geometry_role": "design_proposal",
    "area_sqm": 6695.3,
    "note": "概念体量，非法定建筑面积；待正式控规与现状权属核验后复算。"
   },
   "geometry": {
    "type": "Polygon",
    "coordinates": [
     [
      [
       116.34587999999998,
       39.953219999999966
      ],
      [
       116.34671999999998,
       39.953219999999966
      ],
      [
       116.34671999999998,
       39.95237999999997
      ],
      [
       116.34587999999998,
       39.95237999999997
      ],
      [
       116.34587999999998,
       39.953219999999966
      ]
     ]
    ]
   }
  },
  {
   "type": "Feature",
   "id": "B-0197",
   "properties": {
    "id": "B-0197",
    "layer": "BUILDING_FOOTPRINT",
    "building_type": "0701",
    "building_type_name_zh": "人才公寓",
    "source_type": "agent_generated_design",
    "confidence": "low",
    "geometry_role": "design_proposal",
    "area_sqm": 6695.2,
    "note": "概念体量，非法定建筑面积；待正式控规与现状权属核验后复算。"
   },
   "geometry": {
    "type": "Polygon",
    "coordinates": [
     [
      [
       116.34587999999998,
       39.95441999999996
      ],
      [
       116.34671999999998,
       39.95441999999996
      ],
      [
       116.34671999999998,
       39.95357999999997
      ],
      [
       116.34587999999998,
       39.95357999999997
      ],
      [
       116.34587999999998,
       39.95441999999996
      ]
     ]
    ]
   }
  },
  {
   "type": "Feature",
   "id": "B-0198",
   "properties": {
    "id": "B-0198",
    "layer": "BUILDING_FOOTPRINT",
    "building_type": "0701",
    "building_type_name_zh": "人才公寓",
    "source_type": "agent_generated_design",
    "confidence": "low",
    "geometry_role": "design_proposal",
    "area_sqm": 6695.0,
    "note": "概念体量，非法定建筑面积；待正式控规与现状权属核验后复算。"
   },
   "geometry": {
    "type": "Polygon",
    "coordinates": [
     [
      [
       116.34587999999998,
       39.95681999999996
      ],
      [
       116.34671999999998,
       39.95681999999996
      ],
      [
       116.34671999999998,
       39.95597999999996
      ],
      [
       116.34587999999998,
       39.95597999999996
      ],
      [
       116.34587999999998,
       39.95681999999996
      ]
     ]
    ]
   }
  },
  {
   "type": "Feature",
   "id": "B-0199",
   "properties": {
    "id": "B-0199",
    "layer": "BUILDING_FOOTPRINT",
    "building_type": "0901",
    "building_type_name_zh": "智能商业",
    "source_type": "agent_generated_design",
    "confidence": "low",
    "geometry_role": "design_proposal",
    "area_sqm": 6694.9,
    "note": "概念体量，非法定建筑面积；待正式控规与现状权属核验后复算。"
   },
   "geometry": {
    "type": "Polygon",
    "coordinates": [
     [
      [
       116.34587999999998,
       39.958019999999955
      ],
      [
       116.34671999999998,
       39.958019999999955
      ],
      [
       116.34671999999998,
       39.95717999999996
      ],
      [
       116.34587999999998,
       39.95717999999996
      ],
      [
       116.34587999999998,
       39.958019999999955
      ]
     ]
    ]
   }
  },
  {
   "type": "Feature",
   "id": "B-0200",
   "properties": {
    "id": "B-0200",
    "layer": "BUILDING_FOOTPRINT",
    "building_type": "0801",
    "building_type_name_zh": "创新服务机构",
    "source_type": "agent_generated_design",
    "confidence": "low",
    "geometry_role": "design_proposal",
    "area_sqm": 6694.8,
    "note": "概念体量，非法定建筑面积；待正式控规与现状权属核验后复算。"
   },
   "geometry": {
    "type": "Polygon",
    "coordinates": [
     [
      [
       116.34587999999998,
       39.95921999999995
      ],
      [
       116.34671999999998,
       39.95921999999995
      ],
      [
       116.34671999999998,
       39.958379999999956
      ],
      [
       116.34587999999998,
       39.958379999999956
      ],
      [
       116.34587999999998,
       39.95921999999995
      ]
     ]
    ]
   }
  },
  {
   "type": "Feature",
   "id": "B-0201",
   "properties": {
    "id": "B-0201",
    "layer": "BUILDING_FOOTPRINT",
    "building_type": "0701",
    "building_type_name_zh": "人才公寓",
    "source_type": "agent_generated_design",
    "confidence": "low",
    "geometry_role": "design_proposal",
    "area_sqm": 6694.6,
    "note": "概念体量，非法定建筑面积；待正式控规与现状权属核验后复算。"
   },
   "geometry": {
    "type": "Polygon",
    "coordinates": [
     [
      [
       116.34587999999998,
       39.96041999999995
      ],
      [
       116.34671999999998,
       39.96041999999995
      ],
      [
       116.34671999999998,
       39.95957999999995
      ],
      [
       116.34587999999998,
       39.95957999999995
      ],
      [
       116.34587999999998,
       39.96041999999995
      ]
     ]
    ]
   }
  },
  {
   "type": "Feature",
   "id": "B-0202",
   "properties": {
    "id": "B-0202",
    "layer": "BUILDING_FOOTPRINT",
    "building_type": "0701",
    "building_type_name_zh": "人才公寓",
    "source_type": "agent_generated_design",
    "confidence": "low",
    "geometry_role": "design_proposal",
    "area_sqm": 6693.3,
    "note": "概念体量，非法定建筑面积；待正式控规与现状权属核验后复算。"
   },
   "geometry": {
    "type": "Polygon",
    "coordinates": [
     [
      [
       116.34587999999998,
       39.974819999999916
      ],
      [
       116.34671999999998,
       39.974819999999916
      ],
      [
       116.34671999999998,
       39.97397999999992
      ],
      [
       116.34587999999998,
       39.97397999999992
      ],
      [
       116.34587999999998,
       39.974819999999916
      ]
     ]
    ]
   }
  },
  {
   "type": "Feature",
   "id": "B-0203",
   "properties": {
    "id": "B-0203",
    "layer": "BUILDING_FOOTPRINT",
    "building_type": "0701",
    "building_type_name_zh": "人才公寓",
    "source_type": "agent_generated_design",
    "confidence": "low",
    "geometry_role": "design_proposal",
    "area_sqm": 6693.0,
    "note": "概念体量，非法定建筑面积；待正式控规与现状权属核验后复算。"
   },
   "geometry": {
    "type": "Polygon",
    "coordinates": [
     [
      [
       116.34587999999998,
       39.97721999999991
      ],
      [
       116.34671999999998,
       39.97721999999991
      ],
      [
       116.34671999999998,
       39.976379999999914
      ],
      [
       116.34587999999998,
       39.976379999999914
      ],
      [
       116.34587999999998,
       39.97721999999991
      ]
     ]
    ]
   }
  },
  {
   "type": "Feature",
   "id": "B-0204",
   "properties": {
    "id": "B-0204",
    "layer": "BUILDING_FOOTPRINT",
    "building_type": "0701",
    "building_type_name_zh": "人才公寓",
    "source_type": "agent_generated_design",
    "confidence": "low",
    "geometry_role": "design_proposal",
    "area_sqm": 6692.9,
    "note": "概念体量，非法定建筑面积；待正式控规与现状权属核验后复算。"
   },
   "geometry": {
    "type": "Polygon",
    "coordinates": [
     [
      [
       116.34587999999998,
       39.97841999999991
      ],
      [
       116.34671999999998,
       39.97841999999991
      ],
      [
       116.34671999999998,
       39.97757999999991
      ],
      [
       116.34587999999998,
       39.97757999999991
      ],
      [
       116.34587999999998,
       39.97841999999991
      ]
     ]
    ]
   }
  },
  {
   "type": "Feature",
   "id": "B-0205",
   "properties": {
    "id": "B-0205",
    "layer": "BUILDING_FOOTPRINT",
    "building_type": "0701",
    "building_type_name_zh": "人才公寓",
    "source_type": "agent_generated_design",
    "confidence": "low",
    "geometry_role": "design_proposal",
    "area_sqm": 6692.7,
    "note": "概念体量，非法定建筑面积；待正式控规与现状权属核验后复算。"
   },
   "geometry": {
    "type": "Polygon",
    "coordinates": [
     [
      [
       116.34587999999998,
       39.9808199999999
      ],
      [
       116.34671999999998,
       39.9808199999999
      ],
      [
       116.34671999999998,
       39.979979999999905
      ],
      [
       116.34587999999998,
       39.979979999999905
      ],
      [
       116.34587999999998,
       39.9808199999999
      ]
     ]
    ]
   }
  },
  {
   "type": "Feature",
   "id": "B-0206",
   "properties": {
    "id": "B-0206",
    "layer": "BUILDING_FOOTPRINT",
    "building_type": "0901",
    "building_type_name_zh": "智能商业",
    "source_type": "agent_generated_design",
    "confidence": "low",
    "geometry_role": "design_proposal",
    "area_sqm": 6692.6,
    "note": "概念体量，非法定建筑面积；待正式控规与现状权属核验后复算。"
   },
   "geometry": {
    "type": "Polygon",
    "coordinates": [
     [
      [
       116.34587999999998,
       39.9820199999999
      ],
      [
       116.34671999999998,
       39.9820199999999
      ],
      [
       116.34671999999998,
       39.9811799999999
      ],
      [
       116.34587999999998,
       39.9811799999999
      ],
      [
       116.34587999999998,
       39.9820199999999
      ]
     ]
    ]
   }
  },
  {
   "type": "Feature",
   "id": "B-0207",
   "properties": {
    "id": "B-0207",
    "layer": "BUILDING_FOOTPRINT",
    "building_type": "0701",
    "building_type_name_zh": "人才公寓",
    "source_type": "agent_generated_design",
    "confidence": "low",
    "geometry_role": "design_proposal",
    "area_sqm": 6692.4,
    "note": "概念体量，非法定建筑面积；待正式控规与现状权属核验后复算。"
   },
   "geometry": {
    "type": "Polygon",
    "coordinates": [
     [
      [
       116.34587999999998,
       39.983219999999896
      ],
      [
       116.34671999999998,
       39.983219999999896
      ],
      [
       116.34671999999998,
       39.9823799999999
      ],
      [
       116.34587999999998,
       39.9823799999999
      ],
      [
       116.34587999999998,
       39.983219999999896
      ]
     ]
    ]
   }
  },
  {
   "type": "Feature",
   "id": "B-0208",
   "properties": {
    "id": "B-0208",
    "layer": "BUILDING_FOOTPRINT",
    "building_type": "0701",
    "building_type_name_zh": "人才公寓",
    "source_type": "agent_generated_design",
    "confidence": "low",
    "geometry_role": "design_proposal",
    "area_sqm": 6692.3,
    "note": "概念体量，非法定建筑面积；待正式控规与现状权属核验后复算。"
   },
   "geometry": {
    "type": "Polygon",
    "coordinates": [
     [
      [
       116.34587999999998,
       39.98441999999989
      ],
      [
       116.34671999999998,
       39.98441999999989
      ],
      [
       116.34671999999998,
       39.9835799999999
      ],
      [
       116.34587999999998,
       39.9835799999999
      ],
      [
       116.34587999999998,
       39.98441999999989
      ]
     ]
    ]
   }
  },
  {
   "type": "Feature",
   "id": "B-0209",
   "properties": {
    "id": "B-0209",
    "layer": "BUILDING_FOOTPRINT",
    "building_type": "0701",
    "building_type_name_zh": "人才公寓",
    "source_type": "agent_generated_design",
    "confidence": "low",
    "geometry_role": "design_proposal",
    "area_sqm": 6692.2,
    "note": "概念体量，非法定建筑面积；待正式控规与现状权属核验后复算。"
   },
   "geometry": {
    "type": "Polygon",
    "coordinates": [
     [
      [
       116.34587999999998,
       39.98561999999989
      ],
      [
       116.34671999999998,
       39.98561999999989
      ],
      [
       116.34671999999998,
       39.984779999999894
      ],
      [
       116.34587999999998,
       39.984779999999894
      ],
      [
       116.34587999999998,
       39.98561999999989
      ]
     ]
    ]
   }
  },
  {
   "type": "Feature",
   "id": "B-0210",
   "properties": {
    "id": "B-0210",
    "layer": "BUILDING_FOOTPRINT",
    "building_type": "0701",
    "building_type_name_zh": "人才公寓",
    "source_type": "agent_generated_design",
    "confidence": "low",
    "geometry_role": "design_proposal",
    "area_sqm": 6692.1,
    "note": "概念体量，非法定建筑面积；待正式控规与现状权属核验后复算。"
   },
   "geometry": {
    "type": "Polygon",
    "coordinates": [
     [
      [
       116.34587999999998,
       39.98681999999989
      ],
      [
       116.34671999999998,
       39.98681999999989
      ],
      [
       116.34671999999998,
       39.98597999999989
      ],
      [
       116.34587999999998,
       39.98597999999989
      ],
      [
       116.34587999999998,
       39.98681999999989
      ]
     ]
    ]
   }
  },
  {
   "type": "Feature",
   "id": "B-0211",
   "properties": {
    "id": "B-0211",
    "layer": "BUILDING_FOOTPRINT",
    "building_type": "0702",
    "building_type_name_zh": "社区服务中心",
    "source_type": "agent_generated_design",
    "confidence": "low",
    "geometry_role": "design_proposal",
    "area_sqm": 6692.0,
    "note": "概念体量，非法定建筑面积；待正式控规与现状权属核验后复算。"
   },
   "geometry": {
    "type": "Polygon",
    "coordinates": [
     [
      [
       116.34587999999998,
       39.988019999999885
      ],
      [
       116.34671999999998,
       39.988019999999885
      ],
      [
       116.34671999999998,
       39.98717999999989
      ],
      [
       116.34587999999998,
       39.98717999999989
      ],
      [
       116.34587999999998,
       39.988019999999885
      ]
     ]
    ]
   }
  },
  {
   "type": "Feature",
   "id": "B-0212",
   "properties": {
    "id": "B-0212",
    "layer": "BUILDING_FOOTPRINT",
    "building_type": "0702",
    "building_type_name_zh": "社区服务中心",
    "source_type": "agent_generated_design",
    "confidence": "low",
    "geometry_role": "design_proposal",
    "area_sqm": 6691.9,
    "note": "概念体量，非法定建筑面积；待正式控规与现状权属核验后复算。"
   },
   "geometry": {
    "type": "Polygon",
    "coordinates": [
     [
      [
       116.34587999999998,
       39.98921999999988
      ],
      [
       116.34671999999998,
       39.98921999999988
      ],
      [
       116.34671999999998,
       39.988379999999886
      ],
      [
       116.34587999999998,
       39.988379999999886
      ],
      [
       116.34587999999998,
       39.98921999999988
      ]
     ]
    ]
   }
  },
  {
   "type": "Feature",
   "id": "B-0213",
   "properties": {
    "id": "B-0213",
    "layer": "BUILDING_FOOTPRINT",
    "building_type": "0702",
    "building_type_name_zh": "社区服务中心",
    "source_type": "agent_generated_design",
    "confidence": "low",
    "geometry_role": "design_proposal",
    "area_sqm": 6691.7,
    "note": "概念体量，非法定建筑面积；待正式控规与现状权属核验后复算。"
   },
   "geometry": {
    "type": "Polygon",
    "coordinates": [
     [
      [
       116.34587999999998,
       39.99041999999988
      ],
      [
       116.34671999999998,
       39.99041999999988
      ],
      [
       116.34671999999998,
       39.98957999999988
      ],
      [
       116.34587999999998,
       39.98957999999988
      ],
      [
       116.34587999999998,
       39.99041999999988
      ]
     ]
    ]
   }
  },
  {
   "type": "Feature",
   "id": "B-0214",
   "properties": {
    "id": "B-0214",
    "layer": "BUILDING_FOOTPRINT",
    "building_type": "0804",
    "building_type_name_zh": "科研教学",
    "source_type": "agent_generated_design",
    "confidence": "low",
    "geometry_role": "design_proposal",
    "area_sqm": 6691.6,
    "note": "概念体量，非法定建筑面积；待正式控规与现状权属核验后复算。"
   },
   "geometry": {
    "type": "Polygon",
    "coordinates": [
     [
      [
       116.34587999999998,
       39.99161999999988
      ],
      [
       116.34671999999998,
       39.99161999999988
      ],
      [
       116.34671999999998,
       39.99077999999988
      ],
      [
       116.34587999999998,
       39.99077999999988
      ],
      [
       116.34587999999998,
       39.99161999999988
      ]
     ]
    ]
   }
  },
  {
   "type": "Feature",
   "id": "B-0215",
   "properties": {
    "id": "B-0215",
    "layer": "BUILDING_FOOTPRINT",
    "building_type": "0804",
    "building_type_name_zh": "科研教学",
    "source_type": "agent_generated_design",
    "confidence": "low",
    "geometry_role": "design_proposal",
    "area_sqm": 6691.5,
    "note": "概念体量，非法定建筑面积；待正式控规与现状权属核验后复算。"
   },
   "geometry": {
    "type": "Polygon",
    "coordinates": [
     [
      [
       116.34587999999998,
       39.992819999999874
      ],
      [
       116.34671999999998,
       39.992819999999874
      ],
      [
       116.34671999999998,
       39.99197999999988
      ],
      [
       116.34587999999998,
       39.99197999999988
      ],
      [
       116.34587999999998,
       39.992819999999874
      ]
     ]
    ]
   }
  },
  {
   "type": "Feature",
   "id": "B-0216",
   "properties": {
    "id": "B-0216",
    "layer": "BUILDING_FOOTPRINT",
    "building_type": "0901",
    "building_type_name_zh": "智能商业",
    "source_type": "agent_generated_design",
    "confidence": "low",
    "geometry_role": "design_proposal",
    "area_sqm": 6691.4,
    "note": "概念体量，非法定建筑面积；待正式控规与现状权属核验后复算。"
   },
   "geometry": {
    "type": "Polygon",
    "coordinates": [
     [
      [
       116.34587999999998,
       39.99401999999987
      ],
      [
       116.34671999999998,
       39.99401999999987
      ],
      [
       116.34671999999998,
       39.993179999999874
      ],
      [
       116.34587999999998,
       39.993179999999874
      ],
      [
       116.34587999999998,
       39.99401999999987
      ]
     ]
    ]
   }
  },
  {
   "type": "Feature",
   "id": "B-0217",
   "properties": {
    "id": "B-0217",
    "layer": "BUILDING_FOOTPRINT",
    "building_type": "0701",
    "building_type_name_zh": "人才公寓",
    "source_type": "agent_generated_design",
    "confidence": "low",
    "geometry_role": "design_proposal",
    "area_sqm": 6691.3,
    "note": "概念体量，非法定建筑面积；待正式控规与现状权属核验后复算。"
   },
   "geometry": {
    "type": "Polygon",
    "coordinates": [
     [
      [
       116.34587999999998,
       39.99521999999987
      ],
      [
       116.34671999999998,
       39.99521999999987
      ],
      [
       116.34671999999998,
       39.99437999999987
      ],
      [
       116.34587999999998,
       39.99437999999987
      ],
      [
       116.34587999999998,
       39.99521999999987
      ]
     ]
    ]
   }
  },
  {
   "type": "Feature",
   "id": "B-0218",
   "properties": {
    "id": "B-0218",
    "layer": "BUILDING_FOOTPRINT",
    "building_type": "0701",
    "building_type_name_zh": "人才公寓",
    "source_type": "agent_generated_design",
    "confidence": "low",
    "geometry_role": "design_proposal",
    "area_sqm": 6691.2,
    "note": "概念体量，非法定建筑面积；待正式控规与现状权属核验后复算。"
   },
   "geometry": {
    "type": "Polygon",
    "coordinates": [
     [
      [
       116.34587999999998,
       39.996419999999866
      ],
      [
       116.34671999999998,
       39.996419999999866
      ],
      [
       116.34671999999998,
       39.99557999999987
      ],
      [
       116.34587999999998,
       39.99557999999987
      ],
      [
       116.34587999999998,
       39.996419999999866
      ]
     ]
    ]
   }
  },
  {
   "type": "Feature",
   "id": "B-0219",
   "properties": {
    "id": "B-0219",
    "layer": "BUILDING_FOOTPRINT",
    "building_type": "0701",
    "building_type_name_zh": "人才公寓",
    "source_type": "agent_generated_design",
    "confidence": "low",
    "geometry_role": "design_proposal",
    "area_sqm": 6691.1,
    "note": "概念体量，非法定建筑面积；待正式控规与现状权属核验后复算。"
   },
   "geometry": {
    "type": "Polygon",
    "coordinates": [
     [
      [
       116.34587999999998,
       39.99761999999986
      ],
      [
       116.34671999999998,
       39.99761999999986
      ],
      [
       116.34671999999998,
       39.996779999999866
      ],
      [
       116.34587999999998,
       39.996779999999866
      ],
      [
       116.34587999999998,
       39.99761999999986
      ]
     ]
    ]
   }
  },
  {
   "type": "Feature",
   "id": "B-0220",
   "properties": {
    "id": "B-0220",
    "layer": "BUILDING_FOOTPRINT",
    "building_type": "0701",
    "building_type_name_zh": "人才公寓",
    "source_type": "agent_generated_design",
    "confidence": "low",
    "geometry_role": "design_proposal",
    "area_sqm": 6690.9,
    "note": "概念体量，非法定建筑面积；待正式控规与现状权属核验后复算。"
   },
   "geometry": {
    "type": "Polygon",
    "coordinates": [
     [
      [
       116.34587999999998,
       39.99881999999986
      ],
      [
       116.34671999999998,
       39.99881999999986
      ],
      [
       116.34671999999998,
       39.99797999999986
      ],
      [
       116.34587999999998,
       39.99797999999986
      ],
      [
       116.34587999999998,
       39.99881999999986
      ]
     ]
    ]
   }
  },
  {
   "type": "Feature",
   "id": "B-0221",
   "properties": {
    "id": "B-0221",
    "layer": "BUILDING_FOOTPRINT",
    "building_type": "0801",
    "building_type_name_zh": "创新服务机构",
    "source_type": "agent_generated_design",
    "confidence": "low",
    "geometry_role": "design_proposal",
    "area_sqm": 6690.7,
    "note": "概念体量，非法定建筑面积；待正式控规与现状权属核验后复算。"
   },
   "geometry": {
    "type": "Polygon",
    "coordinates": [
     [
      [
       116.34587999999998,
       40.001219999999854
      ],
      [
       116.34671999999998,
       40.001219999999854
      ],
      [
       116.34671999999998,
       40.00037999999986
      ],
      [
       116.34587999999998,
       40.00037999999986
      ],
      [
       116.34587999999998,
       40.001219999999854
      ]
     ]
    ]
   }
  },
  {
   "type": "Feature",
   "id": "B-0222",
   "properties": {
    "id": "B-0222",
    "layer": "BUILDING_FOOTPRINT",
    "building_type": "0701",
    "building_type_name_zh": "人才公寓",
    "source_type": "agent_generated_design",
    "confidence": "low",
    "geometry_role": "design_proposal",
    "area_sqm": 6690.6,
    "note": "概念体量，非法定建筑面积；待正式控规与现状权属核验后复算。"
   },
   "geometry": {
    "type": "Polygon",
    "coordinates": [
     [
      [
       116.34587999999998,
       40.00241999999985
      ],
      [
       116.34671999999998,
       40.00241999999985
      ],
      [
       116.34671999999998,
       40.001579999999855
      ],
      [
       116.34587999999998,
       40.001579999999855
      ],
      [
       116.34587999999998,
       40.00241999999985
      ]
     ]
    ]
   }
  },
  {
   "type": "Feature",
   "id": "B-0223",
   "properties": {
    "id": "B-0223",
    "layer": "BUILDING_FOOTPRINT",
    "building_type": "0701",
    "building_type_name_zh": "人才公寓",
    "source_type": "agent_generated_design",
    "confidence": "low",
    "geometry_role": "design_proposal",
    "area_sqm": 6690.1,
    "note": "概念体量，非法定建筑面积；待正式控规与现状权属核验后复算。"
   },
   "geometry": {
    "type": "Polygon",
    "coordinates": [
     [
      [
       116.34587999999998,
       40.00721999999984
      ],
      [
       116.34671999999998,
       40.00721999999984
      ],
      [
       116.34671999999998,
       40.006379999999844
      ],
      [
       116.34587999999998,
       40.006379999999844
      ],
      [
       116.34587999999998,
       40.00721999999984
      ]
     ]
    ]
   }
  },
  {
   "type": "Feature",
   "id": "B-0224",
   "properties": {
    "id": "B-0224",
    "layer": "BUILDING_FOOTPRINT",
    "building_type": "1001",
    "building_type_name_zh": "AI 研发厂房",
    "source_type": "agent_generated_design",
    "confidence": "low",
    "geometry_role": "design_proposal",
    "area_sqm": 6690.0,
    "note": "概念体量，非法定建筑面积；待正式控规与现状权属核验后复算。"
   },
   "geometry": {
    "type": "Polygon",
    "coordinates": [
     [
      [
       116.34587999999998,
       40.00841999999984
      ],
      [
       116.34671999999998,
       40.00841999999984
      ],
      [
       116.34671999999998,
       40.00757999999984
      ],
      [
       116.34587999999998,
       40.00757999999984
      ],
      [
       116.34587999999998,
       40.00841999999984
      ]
     ]
    ]
   }
  },
  {
   "type": "Feature",
   "id": "B-0225",
   "properties": {
    "id": "B-0225",
    "layer": "BUILDING_FOOTPRINT",
    "building_type": "1001",
    "building_type_name_zh": "AI 研发厂房",
    "source_type": "agent_generated_design",
    "confidence": "low",
    "geometry_role": "design_proposal",
    "area_sqm": 6689.9,
    "note": "概念体量，非法定建筑面积；待正式控规与现状权属核验后复算。"
   },
   "geometry": {
    "type": "Polygon",
    "coordinates": [
     [
      [
       116.34587999999998,
       40.009619999999835
      ],
      [
       116.34671999999998,
       40.009619999999835
      ],
      [
       116.34671999999998,
       40.00877999999984
      ],
      [
       116.34587999999998,
       40.00877999999984
      ],
      [
       116.34587999999998,
       40.009619999999835
      ]
     ]
    ]
   }
  },
  {
   "type": "Feature",
   "id": "B-0226",
   "properties": {
    "id": "B-0226",
    "layer": "BUILDING_FOOTPRINT",
    "building_type": "1001",
    "building_type_name_zh": "AI 研发厂房",
    "source_type": "agent_generated_design",
    "confidence": "low",
    "geometry_role": "design_proposal",
    "area_sqm": 6689.8,
    "note": "概念体量，非法定建筑面积；待正式控规与现状权属核验后复算。"
   },
   "geometry": {
    "type": "Polygon",
    "coordinates": [
     [
      [
       116.34587999999998,
       40.01081999999983
      ],
      [
       116.34671999999998,
       40.01081999999983
      ],
      [
       116.34671999999998,
       40.009979999999835
      ],
      [
       116.34587999999998,
       40.009979999999835
      ],
      [
       116.34587999999998,
       40.01081999999983
      ]
     ]
    ]
   }
  },
  {
   "type": "Feature",
   "id": "B-0227",
   "properties": {
    "id": "B-0227",
    "layer": "BUILDING_FOOTPRINT",
    "building_type": "1001",
    "building_type_name_zh": "AI 研发厂房",
    "source_type": "agent_generated_design",
    "confidence": "low",
    "geometry_role": "design_proposal",
    "area_sqm": 6689.7,
    "note": "概念体量，非法定建筑面积；待正式控规与现状权属核验后复算。"
   },
   "geometry": {
    "type": "Polygon",
    "coordinates": [
     [
      [
       116.34587999999998,
       40.01201999999983
      ],
      [
       116.34671999999998,
       40.01201999999983
      ],
      [
       116.34671999999998,
       40.01117999999983
      ],
      [
       116.34587999999998,
       40.01117999999983
      ],
      [
       116.34587999999998,
       40.01201999999983
      ]
     ]
    ]
   }
  },
  {
   "type": "Feature",
   "id": "B-0228",
   "properties": {
    "id": "B-0228",
    "layer": "BUILDING_FOOTPRINT",
    "building_type": "1001",
    "building_type_name_zh": "AI 研发厂房",
    "source_type": "agent_generated_design",
    "confidence": "low",
    "geometry_role": "design_proposal",
    "area_sqm": 6689.5,
    "note": "概念体量，非法定建筑面积；待正式控规与现状权属核验后复算。"
   },
   "geometry": {
    "type": "Polygon",
    "coordinates": [
     [
      [
       116.34587999999998,
       40.013219999999826
      ],
      [
       116.34671999999998,
       40.013219999999826
      ],
      [
       116.34671999999998,
       40.01237999999983
      ],
      [
       116.34587999999998,
       40.01237999999983
      ],
      [
       116.34587999999998,
       40.013219999999826
      ]
     ]
    ]
   }
  },
  {
   "type": "Feature",
   "id": "B-0229",
   "properties": {
    "id": "B-0229",
    "layer": "BUILDING_FOOTPRINT",
    "building_type": "1001",
    "building_type_name_zh": "AI 研发厂房",
    "source_type": "agent_generated_design",
    "confidence": "low",
    "geometry_role": "design_proposal",
    "area_sqm": 6689.4,
    "note": "概念体量，非法定建筑面积；待正式控规与现状权属核验后复算。"
   },
   "geometry": {
    "type": "Polygon",
    "coordinates": [
     [
      [
       116.34587999999998,
       40.014419999999824
      ],
      [
       116.34671999999998,
       40.014419999999824
      ],
      [
       116.34671999999998,
       40.01357999999983
      ],
      [
       116.34587999999998,
       40.01357999999983
      ],
      [
       116.34587999999998,
       40.014419999999824
      ]
     ]
    ]
   }
  },
  {
   "type": "Feature",
   "id": "B-0230",
   "properties": {
    "id": "B-0230",
    "layer": "BUILDING_FOOTPRINT",
    "building_type": "1001",
    "building_type_name_zh": "AI 研发厂房",
    "source_type": "agent_generated_design",
    "confidence": "low",
    "geometry_role": "design_proposal",
    "area_sqm": 6689.3,
    "note": "概念体量，非法定建筑面积；待正式控规与现状权属核验后复算。"
   },
   "geometry": {
    "type": "Polygon",
    "coordinates": [
     [
      [
       116.34587999999998,
       40.01561999999982
      ],
      [
       116.34671999999998,
       40.01561999999982
      ],
      [
       116.34671999999998,
       40.014779999999824
      ],
      [
       116.34587999999998,
       40.014779999999824
      ],
      [
       116.34587999999998,
       40.01561999999982
      ]
     ]
    ]
   }
  },
  {
   "type": "Feature",
   "id": "B-0231",
   "properties": {
    "id": "B-0231",
    "layer": "BUILDING_FOOTPRINT",
    "building_type": "1001",
    "building_type_name_zh": "AI 研发厂房",
    "source_type": "agent_generated_design",
    "confidence": "low",
    "geometry_role": "design_proposal",
    "area_sqm": 6689.2,
    "note": "概念体量，非法定建筑面积；待正式控规与现状权属核验后复算。"
   },
   "geometry": {
    "type": "Polygon",
    "coordinates": [
     [
      [
       116.34587999999998,
       40.01681999999982
      ],
      [
       116.34671999999998,
       40.01681999999982
      ],
      [
       116.34671999999998,
       40.01597999999982
      ],
      [
       116.34587999999998,
       40.01597999999982
      ],
      [
       116.34587999999998,
       40.01681999999982
      ]
     ]
    ]
   }
  },
  {
   "type": "Feature",
   "id": "B-0232",
   "properties": {
    "id": "B-0232",
    "layer": "BUILDING_FOOTPRINT",
    "building_type": "1001",
    "building_type_name_zh": "AI 研发厂房",
    "source_type": "agent_generated_design",
    "confidence": "low",
    "geometry_role": "design_proposal",
    "area_sqm": 6689.1,
    "note": "概念体量，非法定建筑面积；待正式控规与现状权属核验后复算。"
   },
   "geometry": {
    "type": "Polygon",
    "coordinates": [
     [
      [
       116.34587999999998,
       40.018019999999815
      ],
      [
       116.34671999999998,
       40.018019999999815
      ],
      [
       116.34671999999998,
       40.01717999999982
      ],
      [
       116.34587999999998,
       40.01717999999982
      ],
      [
       116.34587999999998,
       40.018019999999815
      ]
     ]
    ]
   }
  },
  {
   "type": "Feature",
   "id": "B-0233",
   "properties": {
    "id": "B-0233",
    "layer": "BUILDING_FOOTPRINT",
    "building_type": "1001",
    "building_type_name_zh": "AI 研发厂房",
    "source_type": "agent_generated_design",
    "confidence": "low",
    "geometry_role": "design_proposal",
    "area_sqm": 6689.0,
    "note": "概念体量，非法定建筑面积；待正式控规与现状权属核验后复算。"
   },
   "geometry": {
    "type": "Polygon",
    "coordinates": [
     [
      [
       116.34587999999998,
       40.01921999999981
      ],
      [
       116.34671999999998,
       40.01921999999981
      ],
      [
       116.34671999999998,
       40.018379999999816
      ],
      [
       116.34587999999998,
       40.018379999999816
      ],
      [
       116.34587999999998,
       40.01921999999981
      ]
     ]
    ]
   }
  },
  {
   "type": "Feature",
   "id": "B-0234",
   "properties": {
    "id": "B-0234",
    "layer": "BUILDING_FOOTPRINT",
    "building_type": "1001",
    "building_type_name_zh": "AI 研发厂房",
    "source_type": "agent_generated_design",
    "confidence": "low",
    "geometry_role": "design_proposal",
    "area_sqm": 6688.9,
    "note": "概念体量，非法定建筑面积；待正式控规与现状权属核验后复算。"
   },
   "geometry": {
    "type": "Polygon",
    "coordinates": [
     [
      [
       116.34587999999998,
       40.02041999999981
      ],
      [
       116.34671999999998,
       40.02041999999981
      ],
      [
       116.34671999999998,
       40.01957999999981
      ],
      [
       116.34587999999998,
       40.01957999999981
      ],
      [
       116.34587999999998,
       40.02041999999981
      ]
     ]
    ]
   }
  },
  {
   "type": "Feature",
   "id": "B-0235",
   "properties": {
    "id": "B-0235",
    "layer": "BUILDING_FOOTPRINT",
    "building_type": "1001",
    "building_type_name_zh": "AI 研发厂房",
    "source_type": "agent_generated_design",
    "confidence": "low",
    "geometry_role": "design_proposal",
    "area_sqm": 6688.7,
    "note": "概念体量，非法定建筑面积；待正式控规与现状权属核验后复算。"
   },
   "geometry": {
    "type": "Polygon",
    "coordinates": [
     [
      [
       116.34587999999998,
       40.02161999999981
      ],
      [
       116.34671999999998,
       40.02161999999981
      ],
      [
       116.34671999999998,
       40.02077999999981
      ],
      [
       116.34587999999998,
       40.02077999999981
      ],
      [
       116.34587999999998,
       40.02161999999981
      ]
     ]
    ]
   }
  },
  {
   "type": "Feature",
   "id": "B-0236",
   "properties": {
    "id": "B-0236",
    "layer": "BUILDING_FOOTPRINT",
    "building_type": "1001",
    "building_type_name_zh": "AI 研发厂房",
    "source_type": "agent_generated_design",
    "confidence": "low",
    "geometry_role": "design_proposal",
    "area_sqm": 6688.6,
    "note": "概念体量，非法定建筑面积；待正式控规与现状权属核验后复算。"
   },
   "geometry": {
    "type": "Polygon",
    "coordinates": [
     [
      [
       116.34587999999998,
       40.022819999999804
      ],
      [
       116.34671999999998,
       40.022819999999804
      ],
      [
       116.34671999999998,
       40.02197999999981
      ],
      [
       116.34587999999998,
       40.02197999999981
      ],
      [
       116.34587999999998,
       40.022819999999804
      ]
     ]
    ]
   }
  },
  {
   "type": "Feature",
   "id": "B-0237",
   "properties": {
    "id": "B-0237",
    "layer": "BUILDING_FOOTPRINT",
    "building_type": "1001",
    "building_type_name_zh": "AI 研发厂房",
    "source_type": "agent_generated_design",
    "confidence": "low",
    "geometry_role": "design_proposal",
    "area_sqm": 6688.5,
    "note": "概念体量，非法定建筑面积；待正式控规与现状权属核验后复算。"
   },
   "geometry": {
    "type": "Polygon",
    "coordinates": [
     [
      [
       116.34587999999998,
       40.0240199999998
      ],
      [
       116.34671999999998,
       40.0240199999998
      ],
      [
       116.34671999999998,
       40.023179999999805
      ],
      [
       116.34587999999998,
       40.023179999999805
      ],
      [
       116.34587999999998,
       40.0240199999998
      ]
     ]
    ]
   }
  },
  {
   "type": "Feature",
   "id": "B-0238",
   "properties": {
    "id": "B-0238",
    "layer": "BUILDING_FOOTPRINT",
    "building_type": "1001",
    "building_type_name_zh": "AI 研发厂房",
    "source_type": "agent_generated_design",
    "confidence": "low",
    "geometry_role": "design_proposal",
    "area_sqm": 6688.4,
    "note": "概念体量，非法定建筑面积；待正式控规与现状权属核验后复算。"
   },
   "geometry": {
    "type": "Polygon",
    "coordinates": [
     [
      [
       116.34587999999998,
       40.0252199999998
      ],
      [
       116.34671999999998,
       40.0252199999998
      ],
      [
       116.34671999999998,
       40.0243799999998
      ],
      [
       116.34587999999998,
       40.0243799999998
      ],
      [
       116.34587999999998,
       40.0252199999998
      ]
     ]
    ]
   }
  },
  {
   "type": "Feature",
   "id": "B-0239",
   "properties": {
    "id": "B-0239",
    "layer": "BUILDING_FOOTPRINT",
    "building_type": "1001",
    "building_type_name_zh": "AI 研发厂房",
    "source_type": "agent_generated_design",
    "confidence": "low",
    "geometry_role": "design_proposal",
    "area_sqm": 5892.1,
    "note": "概念体量，非法定建筑面积；待正式控规与现状权属核验后复算。"
   },
   "geometry": {
    "type": "Polygon",
    "coordinates": [
     [
      [
       116.34671999999998,
       40.0255799999998
      ],
      [
       116.34587999999998,
       40.0255799999998
      ],
      [
       116.34587999999998,
       40.02632
      ],
      [
       116.34671999999998,
       40.02632
      ],
      [
       116.34671999999998,
       40.0255799999998
      ]
     ]
    ]
   }
  },
  {
   "type": "Feature",
   "id": "B-0240",
   "properties": {
    "id": "B-0240",
    "layer": "BUILDING_FOOTPRINT",
    "building_type": "0801",
    "building_type_name_zh": "创新服务机构",
    "source_type": "agent_generated_design",
    "confidence": "low",
    "geometry_role": "design_proposal",
    "area_sqm": 6696.5,
    "note": "概念体量，非法定建筑面积；待正式控规与现状权属核验后复算。"
   },
   "geometry": {
    "type": "Polygon",
    "coordinates": [
     [
      [
       116.34707999999998,
       39.941219999999994
      ],
      [
       116.34791999999997,
       39.941219999999994
      ],
      [
       116.34791999999997,
       39.94038
      ],
      [
       116.34707999999998,
       39.94038
      ],
      [
       116.34707999999998,
       39.941219999999994
      ]
     ]
    ]
   }
  },
  {
   "type": "Feature",
   "id": "B-0241",
   "properties": {
    "id": "B-0241",
    "layer": "BUILDING_FOOTPRINT",
    "building_type": "0701",
    "building_type_name_zh": "人才公寓",
    "source_type": "agent_generated_design",
    "confidence": "low",
    "geometry_role": "design_proposal",
    "area_sqm": 6696.4,
    "note": "概念体量，非法定建筑面积；待正式控规与现状权属核验后复算。"
   },
   "geometry": {
    "type": "Polygon",
    "coordinates": [
     [
      [
       116.34707999999998,
       39.94241999999999
      ],
      [
       116.34791999999997,
       39.94241999999999
      ],
      [
       116.34791999999997,
       39.941579999999995
      ],
      [
       116.34707999999998,
       39.941579999999995
      ],
      [
       116.34707999999998,
       39.94241999999999
      ]
     ]
    ]
   }
  },
  {
   "type": "Feature",
   "id": "B-0242",
   "properties": {
    "id": "B-0242",
    "layer": "BUILDING_FOOTPRINT",
    "building_type": "0902",
    "building_type_name_zh": "AI 企业总部",
    "source_type": "agent_generated_design",
    "confidence": "low",
    "geometry_role": "design_proposal",
    "area_sqm": 6696.1,
    "note": "概念体量，非法定建筑面积；待正式控规与现状权属核验后复算。"
   },
   "geometry": {
    "type": "Polygon",
    "coordinates": [
     [
      [
       116.34707999999998,
       39.944819999999986
      ],
      [
       116.34791999999997,
       39.944819999999986
      ],
      [
       116.34791999999997,
       39.94397999999999
      ],
      [
       116.34707999999998,
       39.94397999999999
      ],
      [
       116.34707999999998,
       39.944819999999986
      ]
     ]
    ]
   }
  },
  {
   "type": "Feature",
   "id": "B-0243",
   "properties": {
    "id": "B-0243",
    "layer": "BUILDING_FOOTPRINT",
    "building_type": "0902",
    "building_type_name_zh": "AI 企业总部",
    "source_type": "agent_generated_design",
    "confidence": "low",
    "geometry_role": "design_proposal",
    "area_sqm": 6696.0,
    "note": "概念体量，非法定建筑面积；待正式控规与现状权属核验后复算。"
   },
   "geometry": {
    "type": "Polygon",
    "coordinates": [
     [
      [
       116.34707999999998,
       39.94601999999998
      ],
      [
       116.34791999999997,
       39.94601999999998
      ],
      [
       116.34791999999997,
       39.945179999999986
      ],
      [
       116.34707999999998,
       39.945179999999986
      ],
      [
       116.34707999999998,
       39.94601999999998
      ]
     ]
    ]
   }
  },
  {
   "type": "Feature",
   "id": "B-0244",
   "properties": {
    "id": "B-0244",
    "layer": "BUILDING_FOOTPRINT",
    "building_type": "0902",
    "building_type_name_zh": "AI 企业总部",
    "source_type": "agent_generated_design",
    "confidence": "low",
    "geometry_role": "design_proposal",
    "area_sqm": 6695.9,
    "note": "概念体量，非法定建筑面积；待正式控规与现状权属核验后复算。"
   },
   "geometry": {
    "type": "Polygon",
    "coordinates": [
     [
      [
       116.34707999999998,
       39.94721999999998
      ],
      [
       116.34791999999997,
       39.94721999999998
      ],
      [
       116.34791999999997,
       39.946379999999984
      ],
      [
       116.34707999999998,
       39.946379999999984
      ],
      [
       116.34707999999998,
       39.94721999999998
      ]
     ]
    ]
   }
  },
  {
   "type": "Feature",
   "id": "B-0245",
   "properties": {
    "id": "B-0245",
    "layer": "BUILDING_FOOTPRINT",
    "building_type": "0902",
    "building_type_name_zh": "AI 企业总部",
    "source_type": "agent_generated_design",
    "confidence": "low",
    "geometry_role": "design_proposal",
    "area_sqm": 6695.8,
    "note": "概念体量，非法定建筑面积；待正式控规与现状权属核验后复算。"
   },
   "geometry": {
    "type": "Polygon",
    "coordinates": [
     [
      [
       116.34707999999998,
       39.94841999999998
      ],
      [
       116.34791999999997,
       39.94841999999998
      ],
      [
       116.34791999999997,
       39.94757999999998
      ],
      [
       116.34707999999998,
       39.94757999999998
      ],
      [
       116.34707999999998,
       39.94841999999998
      ]
     ]
    ]
   }
  },
  {
   "type": "Feature",
   "id": "B-0246",
   "properties": {
    "id": "B-0246",
    "layer": "BUILDING_FOOTPRINT",
    "building_type": "0902",
    "building_type_name_zh": "AI 企业总部",
    "source_type": "agent_generated_design",
    "confidence": "low",
    "geometry_role": "design_proposal",
    "area_sqm": 6695.7,
    "note": "概念体量，非法定建筑面积；待正式控规与现状权属核验后复算。"
   },
   "geometry": {
    "type": "Polygon",
    "coordinates": [
     [
      [
       116.34707999999998,
       39.949619999999975
      ],
      [
       116.34791999999997,
       39.949619999999975
      ],
      [
       116.34791999999997,
       39.94877999999998
      ],
      [
       116.34707999999998,
       39.94877999999998
      ],
      [
       116.34707999999998,
       39.949619999999975
      ]
     ]
    ]
   }
  },
  {
   "type": "Feature",
   "id": "B-0247",
   "properties": {
    "id": "B-0247",
    "layer": "BUILDING_FOOTPRINT",
    "building_type": "0901",
    "building_type_name_zh": "智能商业",
    "source_type": "agent_generated_design",
    "confidence": "low",
    "geometry_role": "design_proposal",
    "area_sqm": 6695.6,
    "note": "概念体量，非法定建筑面积；待正式控规与现状权属核验后复算。"
   },
   "geometry": {
    "type": "Polygon",
    "coordinates": [
     [
      [
       116.34707999999998,
       39.95081999999997
      ],
      [
       116.34791999999997,
       39.95081999999997
      ],
      [
       116.34791999999997,
       39.949979999999975
      ],
      [
       116.34707999999998,
       39.949979999999975
      ],
      [
       116.34707999999998,
       39.95081999999997
      ]
     ]
    ]
   }
  },
  {
   "type": "Feature",
   "id": "B-0248",
   "properties": {
    "id": "B-0248",
    "layer": "BUILDING_FOOTPRINT",
    "building_type": "0701",
    "building_type_name_zh": "人才公寓",
    "source_type": "agent_generated_design",
    "confidence": "low",
    "geometry_role": "design_proposal",
    "area_sqm": 6695.3,
    "note": "概念体量，非法定建筑面积；待正式控规与现状权属核验后复算。"
   },
   "geometry": {
    "type": "Polygon",
    "coordinates": [
     [
      [
       116.34707999999998,
       39.953219999999966
      ],
      [
       116.34791999999997,
       39.953219999999966
      ],
      [
       116.34791999999997,
       39.95237999999997
      ],
      [
       116.34707999999998,
       39.95237999999997
      ],
      [
       116.34707999999998,
       39.953219999999966
      ]
     ]
    ]
   }
  },
  {
   "type": "Feature",
   "id": "B-0249",
   "properties": {
    "id": "B-0249",
    "layer": "BUILDING_FOOTPRINT",
    "building_type": "0701",
    "building_type_name_zh": "人才公寓",
    "source_type": "agent_generated_design",
    "confidence": "low",
    "geometry_role": "design_proposal",
    "area_sqm": 6695.2,
    "note": "概念体量，非法定建筑面积；待正式控规与现状权属核验后复算。"
   },
   "geometry": {
    "type": "Polygon",
    "coordinates": [
     [
      [
       116.34707999999998,
       39.95441999999996
      ],
      [
       116.34791999999997,
       39.95441999999996
      ],
      [
       116.34791999999997,
       39.95357999999997
      ],
      [
       116.34707999999998,
       39.95357999999997
      ],
      [
       116.34707999999998,
       39.95441999999996
      ]
     ]
    ]
   }
  },
  {
   "type": "Feature",
   "id": "B-0250",
   "properties": {
    "id": "B-0250",
    "layer": "BUILDING_FOOTPRINT",
    "building_type": "0901",
    "building_type_name_zh": "智能商业",
    "source_type": "agent_generated_design",
    "confidence": "low",
    "geometry_role": "design_proposal",
    "area_sqm": 6695.0,
    "note": "概念体量，非法定建筑面积；待正式控规与现状权属核验后复算。"
   },
   "geometry": {
    "type": "Polygon",
    "coordinates": [
     [
      [
       116.34707999999998,
       39.95681999999996
      ],
      [
       116.34791999999997,
       39.95681999999996
      ],
      [
       116.34791999999997,
       39.95597999999996
      ],
      [
       116.34707999999998,
       39.95597999999996
      ],
      [
       116.34707999999998,
       39.95681999999996
      ]
     ]
    ]
   }
  },
  {
   "type": "Feature",
   "id": "B-0251",
   "properties": {
    "id": "B-0251",
    "layer": "BUILDING_FOOTPRINT",
    "building_type": "0801",
    "building_type_name_zh": "创新服务机构",
    "source_type": "agent_generated_design",
    "confidence": "low",
    "geometry_role": "design_proposal",
    "area_sqm": 6694.9,
    "note": "概念体量，非法定建筑面积；待正式控规与现状权属核验后复算。"
   },
   "geometry": {
    "type": "Polygon",
    "coordinates": [
     [
      [
       116.34707999999998,
       39.958019999999955
      ],
      [
       116.34791999999997,
       39.958019999999955
      ],
      [
       116.34791999999997,
       39.95717999999996
      ],
      [
       116.34707999999998,
       39.95717999999996
      ],
      [
       116.34707999999998,
       39.958019999999955
      ]
     ]
    ]
   }
  },
  {
   "type": "Feature",
   "id": "B-0252",
   "properties": {
    "id": "B-0252",
    "layer": "BUILDING_FOOTPRINT",
    "building_type": "0701",
    "building_type_name_zh": "人才公寓",
    "source_type": "agent_generated_design",
    "confidence": "low",
    "geometry_role": "design_proposal",
    "area_sqm": 6694.8,
    "note": "概念体量，非法定建筑面积；待正式控规与现状权属核验后复算。"
   },
   "geometry": {
    "type": "Polygon",
    "coordinates": [
     [
      [
       116.34707999999998,
       39.95921999999995
      ],
      [
       116.34791999999997,
       39.95921999999995
      ],
      [
       116.34791999999997,
       39.958379999999956
      ],
      [
       116.34707999999998,
       39.958379999999956
      ],
      [
       116.34707999999998,
       39.95921999999995
      ]
     ]
    ]
   }
  },
  {
   "type": "Feature",
   "id": "B-0253",
   "properties": {
    "id": "B-0253",
    "layer": "BUILDING_FOOTPRINT",
    "building_type": "0701",
    "building_type_name_zh": "人才公寓",
    "source_type": "agent_generated_design",
    "confidence": "low",
    "geometry_role": "design_proposal",
    "area_sqm": 6694.6,
    "note": "概念体量，非法定建筑面积；待正式控规与现状权属核验后复算。"
   },
   "geometry": {
    "type": "Polygon",
    "coordinates": [
     [
      [
       116.34707999999998,
       39.96041999999995
      ],
      [
       116.34791999999997,
       39.96041999999995
      ],
      [
       116.34791999999997,
       39.95957999999995
      ],
      [
       116.34707999999998,
       39.95957999999995
      ],
      [
       116.34707999999998,
       39.96041999999995
      ]
     ]
    ]
   }
  },
  {
   "type": "Feature",
   "id": "B-0254",
   "properties": {
    "id": "B-0254",
    "layer": "BUILDING_FOOTPRINT",
    "building_type": "0901",
    "building_type_name_zh": "智能商业",
    "source_type": "agent_generated_design",
    "confidence": "low",
    "geometry_role": "design_proposal",
    "area_sqm": 6693.3,
    "note": "概念体量，非法定建筑面积；待正式控规与现状权属核验后复算。"
   },
   "geometry": {
    "type": "Polygon",
    "coordinates": [
     [
      [
       116.34707999999998,
       39.974819999999916
      ],
      [
       116.34791999999997,
       39.974819999999916
      ],
      [
       116.34791999999997,
       39.97397999999992
      ],
      [
       116.34707999999998,
       39.97397999999992
      ],
      [
       116.34707999999998,
       39.974819999999916
      ]
     ]
    ]
   }
  },
  {
   "type": "Feature",
   "id": "B-0255",
   "properties": {
    "id": "B-0255",
    "layer": "BUILDING_FOOTPRINT",
    "building_type": "0701",
    "building_type_name_zh": "人才公寓",
    "source_type": "agent_generated_design",
    "confidence": "low",
    "geometry_role": "design_proposal",
    "area_sqm": 6693.0,
    "note": "概念体量，非法定建筑面积；待正式控规与现状权属核验后复算。"
   },
   "geometry": {
    "type": "Polygon",
    "coordinates": [
     [
      [
       116.34707999999998,
       39.97721999999991
      ],
      [
       116.34791999999997,
       39.97721999999991
      ],
      [
       116.34791999999997,
       39.976379999999914
      ],
      [
       116.34707999999998,
       39.976379999999914
      ],
      [
       116.34707999999998,
       39.97721999999991
      ]
     ]
    ]
   }
  },
  {
   "type": "Feature",
   "id": "B-0256",
   "properties": {
    "id": "B-0256",
    "layer": "BUILDING_FOOTPRINT",
    "building_type": "0701",
    "building_type_name_zh": "人才公寓",
    "source_type": "agent_generated_design",
    "confidence": "low",
    "geometry_role": "design_proposal",
    "area_sqm": 6692.9,
    "note": "概念体量，非法定建筑面积；待正式控规与现状权属核验后复算。"
   },
   "geometry": {
    "type": "Polygon",
    "coordinates": [
     [
      [
       116.34707999999998,
       39.97841999999991
      ],
      [
       116.34791999999997,
       39.97841999999991
      ],
      [
       116.34791999999997,
       39.97757999999991
      ],
      [
       116.34707999999998,
       39.97757999999991
      ],
      [
       116.34707999999998,
       39.97841999999991
      ]
     ]
    ]
   }
  },
  {
   "type": "Feature",
   "id": "B-0257",
   "properties": {
    "id": "B-0257",
    "layer": "BUILDING_FOOTPRINT",
    "building_type": "0901",
    "building_type_name_zh": "智能商业",
    "source_type": "agent_generated_design",
    "confidence": "low",
    "geometry_role": "design_proposal",
    "area_sqm": 6692.7,
    "note": "概念体量，非法定建筑面积；待正式控规与现状权属核验后复算。"
   },
   "geometry": {
    "type": "Polygon",
    "coordinates": [
     [
      [
       116.34707999999998,
       39.9808199999999
      ],
      [
       116.34791999999997,
       39.9808199999999
      ],
      [
       116.34791999999997,
       39.979979999999905
      ],
      [
       116.34707999999998,
       39.979979999999905
      ],
      [
       116.34707999999998,
       39.9808199999999
      ]
     ]
    ]
   }
  },
  {
   "type": "Feature",
   "id": "B-0258",
   "properties": {
    "id": "B-0258",
    "layer": "BUILDING_FOOTPRINT",
    "building_type": "0701",
    "building_type_name_zh": "人才公寓",
    "source_type": "agent_generated_design",
    "confidence": "low",
    "geometry_role": "design_proposal",
    "area_sqm": 6692.6,
    "note": "概念体量，非法定建筑面积；待正式控规与现状权属核验后复算。"
   },
   "geometry": {
    "type": "Polygon",
    "coordinates": [
     [
      [
       116.34707999999998,
       39.9820199999999
      ],
      [
       116.34791999999997,
       39.9820199999999
      ],
      [
       116.34791999999997,
       39.9811799999999
      ],
      [
       116.34707999999998,
       39.9811799999999
      ],
      [
       116.34707999999998,
       39.9820199999999
      ]
     ]
    ]
   }
  },
  {
   "type": "Feature",
   "id": "B-0259",
   "properties": {
    "id": "B-0259",
    "layer": "BUILDING_FOOTPRINT",
    "building_type": "0801",
    "building_type_name_zh": "创新服务机构",
    "source_type": "agent_generated_design",
    "confidence": "low",
    "geometry_role": "design_proposal",
    "area_sqm": 6692.4,
    "note": "概念体量，非法定建筑面积；待正式控规与现状权属核验后复算。"
   },
   "geometry": {
    "type": "Polygon",
    "coordinates": [
     [
      [
       116.34707999999998,
       39.983219999999896
      ],
      [
       116.34791999999997,
       39.983219999999896
      ],
      [
       116.34791999999997,
       39.9823799999999
      ],
      [
       116.34707999999998,
       39.9823799999999
      ],
      [
       116.34707999999998,
       39.983219999999896
      ]
     ]
    ]
   }
  },
  {
   "type": "Feature",
   "id": "B-0260",
   "properties": {
    "id": "B-0260",
    "layer": "BUILDING_FOOTPRINT",
    "building_type": "0701",
    "building_type_name_zh": "人才公寓",
    "source_type": "agent_generated_design",
    "confidence": "low",
    "geometry_role": "design_proposal",
    "area_sqm": 6692.3,
    "note": "概念体量，非法定建筑面积；待正式控规与现状权属核验后复算。"
   },
   "geometry": {
    "type": "Polygon",
    "coordinates": [
     [
      [
       116.34707999999998,
       39.98441999999989
      ],
      [
       116.34791999999997,
       39.98441999999989
      ],
      [
       116.34791999999997,
       39.9835799999999
      ],
      [
       116.34707999999998,
       39.9835799999999
      ],
      [
       116.34707999999998,
       39.98441999999989
      ]
     ]
    ]
   }
  },
  {
   "type": "Feature",
   "id": "B-0261",
   "properties": {
    "id": "B-0261",
    "layer": "BUILDING_FOOTPRINT",
    "building_type": "0701",
    "building_type_name_zh": "人才公寓",
    "source_type": "agent_generated_design",
    "confidence": "low",
    "geometry_role": "design_proposal",
    "area_sqm": 6692.2,
    "note": "概念体量，非法定建筑面积；待正式控规与现状权属核验后复算。"
   },
   "geometry": {
    "type": "Polygon",
    "coordinates": [
     [
      [
       116.34707999999998,
       39.98561999999989
      ],
      [
       116.34791999999997,
       39.98561999999989
      ],
      [
       116.34791999999997,
       39.984779999999894
      ],
      [
       116.34707999999998,
       39.984779999999894
      ],
      [
       116.34707999999998,
       39.98561999999989
      ]
     ]
    ]
   }
  },
  {
   "type": "Feature",
   "id": "B-0262",
   "properties": {
    "id": "B-0262",
    "layer": "BUILDING_FOOTPRINT",
    "building_type": "0701",
    "building_type_name_zh": "人才公寓",
    "source_type": "agent_generated_design",
    "confidence": "low",
    "geometry_role": "design_proposal",
    "area_sqm": 6692.1,
    "note": "概念体量，非法定建筑面积；待正式控规与现状权属核验后复算。"
   },
   "geometry": {
    "type": "Polygon",
    "coordinates": [
     [
      [
       116.34707999999998,
       39.98681999999989
      ],
      [
       116.34791999999997,
       39.98681999999989
      ],
      [
       116.34791999999997,
       39.98597999999989
      ],
      [
       116.34707999999998,
       39.98597999999989
      ],
      [
       116.34707999999998,
       39.98681999999989
      ]
     ]
    ]
   }
  },
  {
   "type": "Feature",
   "id": "B-0263",
   "properties": {
    "id": "B-0263",
    "layer": "BUILDING_FOOTPRINT",
    "building_type": "0702",
    "building_type_name_zh": "社区服务中心",
    "source_type": "agent_generated_design",
    "confidence": "low",
    "geometry_role": "design_proposal",
    "area_sqm": 6692.0,
    "note": "概念体量，非法定建筑面积；待正式控规与现状权属核验后复算。"
   },
   "geometry": {
    "type": "Polygon",
    "coordinates": [
     [
      [
       116.34707999999998,
       39.988019999999885
      ],
      [
       116.34791999999997,
       39.988019999999885
      ],
      [
       116.34791999999997,
       39.98717999999989
      ],
      [
       116.34707999999998,
       39.98717999999989
      ],
      [
       116.34707999999998,
       39.988019999999885
      ]
     ]
    ]
   }
  },
  {
   "type": "Feature",
   "id": "B-0264",
   "properties": {
    "id": "B-0264",
    "layer": "BUILDING_FOOTPRINT",
    "building_type": "0702",
    "building_type_name_zh": "社区服务中心",
    "source_type": "agent_generated_design",
    "confidence": "low",
    "geometry_role": "design_proposal",
    "area_sqm": 6691.9,
    "note": "概念体量，非法定建筑面积；待正式控规与现状权属核验后复算。"
   },
   "geometry": {
    "type": "Polygon",
    "coordinates": [
     [
      [
       116.34707999999998,
       39.98921999999988
      ],
      [
       116.34791999999997,
       39.98921999999988
      ],
      [
       116.34791999999997,
       39.988379999999886
      ],
      [
       116.34707999999998,
       39.988379999999886
      ],
      [
       116.34707999999998,
       39.98921999999988
      ]
     ]
    ]
   }
  },
  {
   "type": "Feature",
   "id": "B-0265",
   "properties": {
    "id": "B-0265",
    "layer": "BUILDING_FOOTPRINT",
    "building_type": "0702",
    "building_type_name_zh": "社区服务中心",
    "source_type": "agent_generated_design",
    "confidence": "low",
    "geometry_role": "design_proposal",
    "area_sqm": 6691.7,
    "note": "概念体量，非法定建筑面积；待正式控规与现状权属核验后复算。"
   },
   "geometry": {
    "type": "Polygon",
    "coordinates": [
     [
      [
       116.34707999999998,
       39.99041999999988
      ],
      [
       116.34791999999997,
       39.99041999999988
      ],
      [
       116.34791999999997,
       39.98957999999988
      ],
      [
       116.34707999999998,
       39.98957999999988
      ],
      [
       116.34707999999998,
       39.99041999999988
      ]
     ]
    ]
   }
  },
  {
   "type": "Feature",
   "id": "B-0266",
   "properties": {
    "id": "B-0266",
    "layer": "BUILDING_FOOTPRINT",
    "building_type": "0804",
    "building_type_name_zh": "科研教学",
    "source_type": "agent_generated_design",
    "confidence": "low",
    "geometry_role": "design_proposal",
    "area_sqm": 6691.6,
    "note": "概念体量，非法定建筑面积；待正式控规与现状权属核验后复算。"
   },
   "geometry": {
    "type": "Polygon",
    "coordinates": [
     [
      [
       116.34707999999998,
       39.99161999999988
      ],
      [
       116.34791999999997,
       39.99161999999988
      ],
      [
       116.34791999999997,
       39.99077999999988
      ],
      [
       116.34707999999998,
       39.99077999999988
      ],
      [
       116.34707999999998,
       39.99161999999988
      ]
     ]
    ]
   }
  },
  {
   "type": "Feature",
   "id": "B-0267",
   "properties": {
    "id": "B-0267",
    "layer": "BUILDING_FOOTPRINT",
    "building_type": "0804",
    "building_type_name_zh": "科研教学",
    "source_type": "agent_generated_design",
    "confidence": "low",
    "geometry_role": "design_proposal",
    "area_sqm": 6691.5,
    "note": "概念体量，非法定建筑面积；待正式控规与现状权属核验后复算。"
   },
   "geometry": {
    "type": "Polygon",
    "coordinates": [
     [
      [
       116.34707999999998,
       39.992819999999874
      ],
      [
       116.34791999999997,
       39.992819999999874
      ],
      [
       116.34791999999997,
       39.99197999999988
      ],
      [
       116.34707999999998,
       39.99197999999988
      ],
      [
       116.34707999999998,
       39.992819999999874
      ]
     ]
    ]
   }
  },
  {
   "type": "Feature",
   "id": "B-0268",
   "properties": {
    "id": "B-0268",
    "layer": "BUILDING_FOOTPRINT",
    "building_type": "0701",
    "building_type_name_zh": "人才公寓",
    "source_type": "agent_generated_design",
    "confidence": "low",
    "geometry_role": "design_proposal",
    "area_sqm": 6691.4,
    "note": "概念体量，非法定建筑面积；待正式控规与现状权属核验后复算。"
   },
   "geometry": {
    "type": "Polygon",
    "coordinates": [
     [
      [
       116.34707999999998,
       39.99401999999987
      ],
      [
       116.34791999999997,
       39.99401999999987
      ],
      [
       116.34791999999997,
       39.993179999999874
      ],
      [
       116.34707999999998,
       39.993179999999874
      ],
      [
       116.34707999999998,
       39.99401999999987
      ]
     ]
    ]
   }
  },
  {
   "type": "Feature",
   "id": "B-0269",
   "properties": {
    "id": "B-0269",
    "layer": "BUILDING_FOOTPRINT",
    "building_type": "0701",
    "building_type_name_zh": "人才公寓",
    "source_type": "agent_generated_design",
    "confidence": "low",
    "geometry_role": "design_proposal",
    "area_sqm": 6691.3,
    "note": "概念体量，非法定建筑面积；待正式控规与现状权属核验后复算。"
   },
   "geometry": {
    "type": "Polygon",
    "coordinates": [
     [
      [
       116.34707999999998,
       39.99521999999987
      ],
      [
       116.34791999999997,
       39.99521999999987
      ],
      [
       116.34791999999997,
       39.99437999999987
      ],
      [
       116.34707999999998,
       39.99437999999987
      ],
      [
       116.34707999999998,
       39.99521999999987
      ]
     ]
    ]
   }
  },
  {
   "type": "Feature",
   "id": "B-0270",
   "properties": {
    "id": "B-0270",
    "layer": "BUILDING_FOOTPRINT",
    "building_type": "0701",
    "building_type_name_zh": "人才公寓",
    "source_type": "agent_generated_design",
    "confidence": "low",
    "geometry_role": "design_proposal",
    "area_sqm": 6691.2,
    "note": "概念体量，非法定建筑面积；待正式控规与现状权属核验后复算。"
   },
   "geometry": {
    "type": "Polygon",
    "coordinates": [
     [
      [
       116.34707999999998,
       39.996419999999866
      ],
      [
       116.34791999999997,
       39.996419999999866
      ],
      [
       116.34791999999997,
       39.99557999999987
      ],
      [
       116.34707999999998,
       39.99557999999987
      ],
      [
       116.34707999999998,
       39.996419999999866
      ]
     ]
    ]
   }
  },
  {
   "type": "Feature",
   "id": "B-0271",
   "properties": {
    "id": "B-0271",
    "layer": "BUILDING_FOOTPRINT",
    "building_type": "0701",
    "building_type_name_zh": "人才公寓",
    "source_type": "agent_generated_design",
    "confidence": "low",
    "geometry_role": "design_proposal",
    "area_sqm": 6691.1,
    "note": "概念体量，非法定建筑面积；待正式控规与现状权属核验后复算。"
   },
   "geometry": {
    "type": "Polygon",
    "coordinates": [
     [
      [
       116.34707999999998,
       39.99761999999986
      ],
      [
       116.34791999999997,
       39.99761999999986
      ],
      [
       116.34791999999997,
       39.996779999999866
      ],
      [
       116.34707999999998,
       39.996779999999866
      ],
      [
       116.34707999999998,
       39.99761999999986
      ]
     ]
    ]
   }
  },
  {
   "type": "Feature",
   "id": "B-0272",
   "properties": {
    "id": "B-0272",
    "layer": "BUILDING_FOOTPRINT",
    "building_type": "0901",
    "building_type_name_zh": "智能商业",
    "source_type": "agent_generated_design",
    "confidence": "low",
    "geometry_role": "design_proposal",
    "area_sqm": 6690.9,
    "note": "概念体量，非法定建筑面积；待正式控规与现状权属核验后复算。"
   },
   "geometry": {
    "type": "Polygon",
    "coordinates": [
     [
      [
       116.34707999999998,
       39.99881999999986
      ],
      [
       116.34791999999997,
       39.99881999999986
      ],
      [
       116.34791999999997,
       39.99797999999986
      ],
      [
       116.34707999999998,
       39.99797999999986
      ],
      [
       116.34707999999998,
       39.99881999999986
      ]
     ]
    ]
   }
  },
  {
   "type": "Feature",
   "id": "B-0273",
   "properties": {
    "id": "B-0273",
    "layer": "BUILDING_FOOTPRINT",
    "building_type": "0701",
    "building_type_name_zh": "人才公寓",
    "source_type": "agent_generated_design",
    "confidence": "low",
    "geometry_role": "design_proposal",
    "area_sqm": 6690.7,
    "note": "概念体量，非法定建筑面积；待正式控规与现状权属核验后复算。"
   },
   "geometry": {
    "type": "Polygon",
    "coordinates": [
     [
      [
       116.34707999999998,
       40.001219999999854
      ],
      [
       116.34791999999997,
       40.001219999999854
      ],
      [
       116.34791999999997,
       40.00037999999986
      ],
      [
       116.34707999999998,
       40.00037999999986
      ],
      [
       116.34707999999998,
       40.001219999999854
      ]
     ]
    ]
   }
  },
  {
   "type": "Feature",
   "id": "B-0274",
   "properties": {
    "id": "B-0274",
    "layer": "BUILDING_FOOTPRINT",
    "building_type": "0701",
    "building_type_name_zh": "人才公寓",
    "source_type": "agent_generated_design",
    "confidence": "low",
    "geometry_role": "design_proposal",
    "area_sqm": 6690.6,
    "note": "概念体量，非法定建筑面积；待正式控规与现状权属核验后复算。"
   },
   "geometry": {
    "type": "Polygon",
    "coordinates": [
     [
      [
       116.34707999999998,
       40.00241999999985
      ],
      [
       116.34791999999997,
       40.00241999999985
      ],
      [
       116.34791999999997,
       40.001579999999855
      ],
      [
       116.34707999999998,
       40.001579999999855
      ],
      [
       116.34707999999998,
       40.00241999999985
      ]
     ]
    ]
   }
  },
  {
   "type": "Feature",
   "id": "B-0275",
   "properties": {
    "id": "B-0275",
    "layer": "BUILDING_FOOTPRINT",
    "building_type": "0901",
    "building_type_name_zh": "智能商业",
    "source_type": "agent_generated_design",
    "confidence": "low",
    "geometry_role": "design_proposal",
    "area_sqm": 6690.4,
    "note": "概念体量，非法定建筑面积；待正式控规与现状权属核验后复算。"
   },
   "geometry": {
    "type": "Polygon",
    "coordinates": [
     [
      [
       116.34707999999998,
       40.004819999999846
      ],
      [
       116.34791999999997,
       40.004819999999846
      ],
      [
       116.34791999999997,
       40.00397999999985
      ],
      [
       116.34707999999998,
       40.00397999999985
      ],
      [
       116.34707999999998,
       40.004819999999846
      ]
     ]
    ]
   }
  },
  {
   "type": "Feature",
   "id": "B-0276",
   "properties": {
    "id": "B-0276",
    "layer": "BUILDING_FOOTPRINT",
    "building_type": "0701",
    "building_type_name_zh": "人才公寓",
    "source_type": "agent_generated_design",
    "confidence": "low",
    "geometry_role": "design_proposal",
    "area_sqm": 6690.2,
    "note": "概念体量，非法定建筑面积；待正式控规与现状权属核验后复算。"
   },
   "geometry": {
    "type": "Polygon",
    "coordinates": [
     [
      [
       116.34707999999998,
       40.00601999999984
      ],
      [
       116.34791999999997,
       40.00601999999984
      ],
      [
       116.34791999999997,
       40.00517999999985
      ],
      [
       116.34707999999998,
       40.00517999999985
      ],
      [
       116.34707999999998,
       40.00601999999984
      ]
     ]
    ]
   }
  },
  {
   "type": "Feature",
   "id": "B-0277",
   "properties": {
    "id": "B-0277",
    "layer": "BUILDING_FOOTPRINT",
    "building_type": "0701",
    "building_type_name_zh": "人才公寓",
    "source_type": "agent_generated_design",
    "confidence": "low",
    "geometry_role": "design_proposal",
    "area_sqm": 6690.1,
    "note": "概念体量，非法定建筑面积；待正式控规与现状权属核验后复算。"
   },
   "geometry": {
    "type": "Polygon",
    "coordinates": [
     [
      [
       116.34707999999998,
       40.00721999999984
      ],
      [
       116.34791999999997,
       40.00721999999984
      ],
      [
       116.34791999999997,
       40.006379999999844
      ],
      [
       116.34707999999998,
       40.006379999999844
      ],
      [
       116.34707999999998,
       40.00721999999984
      ]
     ]
    ]
   }
  },
  {
   "type": "Feature",
   "id": "B-0278",
   "properties": {
    "id": "B-0278",
    "layer": "BUILDING_FOOTPRINT",
    "building_type": "1001",
    "building_type_name_zh": "AI 研发厂房",
    "source_type": "agent_generated_design",
    "confidence": "low",
    "geometry_role": "design_proposal",
    "area_sqm": 6690.0,
    "note": "概念体量，非法定建筑面积；待正式控规与现状权属核验后复算。"
   },
   "geometry": {
    "type": "Polygon",
    "coordinates": [
     [
      [
       116.34707999999998,
       40.00841999999984
      ],
      [
       116.34791999999997,
       40.00841999999984
      ],
      [
       116.34791999999997,
       40.00757999999984
      ],
      [
       116.34707999999998,
       40.00757999999984
      ],
      [
       116.34707999999998,
       40.00841999999984
      ]
     ]
    ]
   }
  },
  {
   "type": "Feature",
   "id": "B-0279",
   "properties": {
    "id": "B-0279",
    "layer": "BUILDING_FOOTPRINT",
    "building_type": "1001",
    "building_type_name_zh": "AI 研发厂房",
    "source_type": "agent_generated_design",
    "confidence": "low",
    "geometry_role": "design_proposal",
    "area_sqm": 6689.9,
    "note": "概念体量，非法定建筑面积；待正式控规与现状权属核验后复算。"
   },
   "geometry": {
    "type": "Polygon",
    "coordinates": [
     [
      [
       116.34707999999998,
       40.009619999999835
      ],
      [
       116.34791999999997,
       40.009619999999835
      ],
      [
       116.34791999999997,
       40.00877999999984
      ],
      [
       116.34707999999998,
       40.00877999999984
      ],
      [
       116.34707999999998,
       40.009619999999835
      ]
     ]
    ]
   }
  },
  {
   "type": "Feature",
   "id": "B-0280",
   "properties": {
    "id": "B-0280",
    "layer": "BUILDING_FOOTPRINT",
    "building_type": "1001",
    "building_type_name_zh": "AI 研发厂房",
    "source_type": "agent_generated_design",
    "confidence": "low",
    "geometry_role": "design_proposal",
    "area_sqm": 6689.8,
    "note": "概念体量，非法定建筑面积；待正式控规与现状权属核验后复算。"
   },
   "geometry": {
    "type": "Polygon",
    "coordinates": [
     [
      [
       116.34707999999998,
       40.01081999999983
      ],
      [
       116.34791999999997,
       40.01081999999983
      ],
      [
       116.34791999999997,
       40.009979999999835
      ],
      [
       116.34707999999998,
       40.009979999999835
      ],
      [
       116.34707999999998,
       40.01081999999983
      ]
     ]
    ]
   }
  },
  {
   "type": "Feature",
   "id": "B-0281",
   "properties": {
    "id": "B-0281",
    "layer": "BUILDING_FOOTPRINT",
    "building_type": "1001",
    "building_type_name_zh": "AI 研发厂房",
    "source_type": "agent_generated_design",
    "confidence": "low",
    "geometry_role": "design_proposal",
    "area_sqm": 6689.7,
    "note": "概念体量，非法定建筑面积；待正式控规与现状权属核验后复算。"
   },
   "geometry": {
    "type": "Polygon",
    "coordinates": [
     [
      [
       116.34707999999998,
       40.01201999999983
      ],
      [
       116.34791999999997,
       40.01201999999983
      ],
      [
       116.34791999999997,
       40.01117999999983
      ],
      [
       116.34707999999998,
       40.01117999999983
      ],
      [
       116.34707999999998,
       40.01201999999983
      ]
     ]
    ]
   }
  },
  {
   "type": "Feature",
   "id": "B-0282",
   "properties": {
    "id": "B-0282",
    "layer": "BUILDING_FOOTPRINT",
    "building_type": "1001",
    "building_type_name_zh": "AI 研发厂房",
    "source_type": "agent_generated_design",
    "confidence": "low",
    "geometry_role": "design_proposal",
    "area_sqm": 6689.5,
    "note": "概念体量，非法定建筑面积；待正式控规与现状权属核验后复算。"
   },
   "geometry": {
    "type": "Polygon",
    "coordinates": [
     [
      [
       116.34707999999998,
       40.013219999999826
      ],
      [
       116.34791999999997,
       40.013219999999826
      ],
      [
       116.34791999999997,
       40.01237999999983
      ],
      [
       116.34707999999998,
       40.01237999999983
      ],
      [
       116.34707999999998,
       40.013219999999826
      ]
     ]
    ]
   }
  },
  {
   "type": "Feature",
   "id": "B-0283",
   "properties": {
    "id": "B-0283",
    "layer": "BUILDING_FOOTPRINT",
    "building_type": "1001",
    "building_type_name_zh": "AI 研发厂房",
    "source_type": "agent_generated_design",
    "confidence": "low",
    "geometry_role": "design_proposal",
    "area_sqm": 6689.4,
    "note": "概念体量，非法定建筑面积；待正式控规与现状权属核验后复算。"
   },
   "geometry": {
    "type": "Polygon",
    "coordinates": [
     [
      [
       116.34707999999998,
       40.014419999999824
      ],
      [
       116.34791999999997,
       40.014419999999824
      ],
      [
       116.34791999999997,
       40.01357999999983
      ],
      [
       116.34707999999998,
       40.01357999999983
      ],
      [
       116.34707999999998,
       40.014419999999824
      ]
     ]
    ]
   }
  },
  {
   "type": "Feature",
   "id": "B-0284",
   "properties": {
    "id": "B-0284",
    "layer": "BUILDING_FOOTPRINT",
    "building_type": "1001",
    "building_type_name_zh": "AI 研发厂房",
    "source_type": "agent_generated_design",
    "confidence": "low",
    "geometry_role": "design_proposal",
    "area_sqm": 6689.3,
    "note": "概念体量，非法定建筑面积；待正式控规与现状权属核验后复算。"
   },
   "geometry": {
    "type": "Polygon",
    "coordinates": [
     [
      [
       116.34707999999998,
       40.01561999999982
      ],
      [
       116.34791999999997,
       40.01561999999982
      ],
      [
       116.34791999999997,
       40.014779999999824
      ],
      [
       116.34707999999998,
       40.014779999999824
      ],
      [
       116.34707999999998,
       40.01561999999982
      ]
     ]
    ]
   }
  },
  {
   "type": "Feature",
   "id": "B-0285",
   "properties": {
    "id": "B-0285",
    "layer": "BUILDING_FOOTPRINT",
    "building_type": "1001",
    "building_type_name_zh": "AI 研发厂房",
    "source_type": "agent_generated_design",
    "confidence": "low",
    "geometry_role": "design_proposal",
    "area_sqm": 6689.2,
    "note": "概念体量，非法定建筑面积；待正式控规与现状权属核验后复算。"
   },
   "geometry": {
    "type": "Polygon",
    "coordinates": [
     [
      [
       116.34707999999998,
       40.01681999999982
      ],
      [
       116.34791999999997,
       40.01681999999982
      ],
      [
       116.34791999999997,
       40.01597999999982
      ],
      [
       116.34707999999998,
       40.01597999999982
      ],
      [
       116.34707999999998,
       40.01681999999982
      ]
     ]
    ]
   }
  },
  {
   "type": "Feature",
   "id": "B-0286",
   "properties": {
    "id": "B-0286",
    "layer": "BUILDING_FOOTPRINT",
    "building_type": "1001",
    "building_type_name_zh": "AI 研发厂房",
    "source_type": "agent_generated_design",
    "confidence": "low",
    "geometry_role": "design_proposal",
    "area_sqm": 6689.1,
    "note": "概念体量，非法定建筑面积；待正式控规与现状权属核验后复算。"
   },
   "geometry": {
    "type": "Polygon",
    "coordinates": [
     [
      [
       116.34707999999998,
       40.018019999999815
      ],
      [
       116.34791999999997,
       40.018019999999815
      ],
      [
       116.34791999999997,
       40.01717999999982
      ],
      [
       116.34707999999998,
       40.01717999999982
      ],
      [
       116.34707999999998,
       40.018019999999815
      ]
     ]
    ]
   }
  },
  {
   "type": "Feature",
   "id": "B-0287",
   "properties": {
    "id": "B-0287",
    "layer": "BUILDING_FOOTPRINT",
    "building_type": "1001",
    "building_type_name_zh": "AI 研发厂房",
    "source_type": "agent_generated_design",
    "confidence": "low",
    "geometry_role": "design_proposal",
    "area_sqm": 6689.0,
    "note": "概念体量，非法定建筑面积；待正式控规与现状权属核验后复算。"
   },
   "geometry": {
    "type": "Polygon",
    "coordinates": [
     [
      [
       116.34707999999998,
       40.01921999999981
      ],
      [
       116.34791999999997,
       40.01921999999981
      ],
      [
       116.34791999999997,
       40.018379999999816
      ],
      [
       116.34707999999998,
       40.018379999999816
      ],
      [
       116.34707999999998,
       40.01921999999981
      ]
     ]
    ]
   }
  },
  {
   "type": "Feature",
   "id": "B-0288",
   "properties": {
    "id": "B-0288",
    "layer": "BUILDING_FOOTPRINT",
    "building_type": "1001",
    "building_type_name_zh": "AI 研发厂房",
    "source_type": "agent_generated_design",
    "confidence": "low",
    "geometry_role": "design_proposal",
    "area_sqm": 6688.9,
    "note": "概念体量，非法定建筑面积；待正式控规与现状权属核验后复算。"
   },
   "geometry": {
    "type": "Polygon",
    "coordinates": [
     [
      [
       116.34707999999998,
       40.02041999999981
      ],
      [
       116.34791999999997,
       40.02041999999981
      ],
      [
       116.34791999999997,
       40.01957999999981
      ],
      [
       116.34707999999998,
       40.01957999999981
      ],
      [
       116.34707999999998,
       40.02041999999981
      ]
     ]
    ]
   }
  },
  {
   "type": "Feature",
   "id": "B-0289",
   "properties": {
    "id": "B-0289",
    "layer": "BUILDING_FOOTPRINT",
    "building_type": "1001",
    "building_type_name_zh": "AI 研发厂房",
    "source_type": "agent_generated_design",
    "confidence": "low",
    "geometry_role": "design_proposal",
    "area_sqm": 6688.7,
    "note": "概念体量，非法定建筑面积；待正式控规与现状权属核验后复算。"
   },
   "geometry": {
    "type": "Polygon",
    "coordinates": [
     [
      [
       116.34707999999998,
       40.02161999999981
      ],
      [
       116.34791999999997,
       40.02161999999981
      ],
      [
       116.34791999999997,
       40.02077999999981
      ],
      [
       116.34707999999998,
       40.02077999999981
      ],
      [
       116.34707999999998,
       40.02161999999981
      ]
     ]
    ]
   }
  },
  {
   "type": "Feature",
   "id": "B-0290",
   "properties": {
    "id": "B-0290",
    "layer": "BUILDING_FOOTPRINT",
    "building_type": "1001",
    "building_type_name_zh": "AI 研发厂房",
    "source_type": "agent_generated_design",
    "confidence": "low",
    "geometry_role": "design_proposal",
    "area_sqm": 6688.6,
    "note": "概念体量，非法定建筑面积；待正式控规与现状权属核验后复算。"
   },
   "geometry": {
    "type": "Polygon",
    "coordinates": [
     [
      [
       116.34707999999998,
       40.022819999999804
      ],
      [
       116.34791999999997,
       40.022819999999804
      ],
      [
       116.34791999999997,
       40.02197999999981
      ],
      [
       116.34707999999998,
       40.02197999999981
      ],
      [
       116.34707999999998,
       40.022819999999804
      ]
     ]
    ]
   }
  },
  {
   "type": "Feature",
   "id": "B-0291",
   "properties": {
    "id": "B-0291",
    "layer": "BUILDING_FOOTPRINT",
    "building_type": "1001",
    "building_type_name_zh": "AI 研发厂房",
    "source_type": "agent_generated_design",
    "confidence": "low",
    "geometry_role": "design_proposal",
    "area_sqm": 6688.5,
    "note": "概念体量，非法定建筑面积；待正式控规与现状权属核验后复算。"
   },
   "geometry": {
    "type": "Polygon",
    "coordinates": [
     [
      [
       116.34707999999998,
       40.0240199999998
      ],
      [
       116.34791999999997,
       40.0240199999998
      ],
      [
       116.34791999999997,
       40.023179999999805
      ],
      [
       116.34707999999998,
       40.023179999999805
      ],
      [
       116.34707999999998,
       40.0240199999998
      ]
     ]
    ]
   }
  },
  {
   "type": "Feature",
   "id": "B-0292",
   "properties": {
    "id": "B-0292",
    "layer": "BUILDING_FOOTPRINT",
    "building_type": "1001",
    "building_type_name_zh": "AI 研发厂房",
    "source_type": "agent_generated_design",
    "confidence": "low",
    "geometry_role": "design_proposal",
    "area_sqm": 6688.4,
    "note": "概念体量，非法定建筑面积；待正式控规与现状权属核验后复算。"
   },
   "geometry": {
    "type": "Polygon",
    "coordinates": [
     [
      [
       116.34707999999998,
       40.0252199999998
      ],
      [
       116.34791999999997,
       40.0252199999998
      ],
      [
       116.34791999999997,
       40.0243799999998
      ],
      [
       116.34707999999998,
       40.0243799999998
      ],
      [
       116.34707999999998,
       40.0252199999998
      ]
     ]
    ]
   }
  },
  {
   "type": "Feature",
   "id": "B-0293",
   "properties": {
    "id": "B-0293",
    "layer": "BUILDING_FOOTPRINT",
    "building_type": "1001",
    "building_type_name_zh": "AI 研发厂房",
    "source_type": "agent_generated_design",
    "confidence": "low",
    "geometry_role": "design_proposal",
    "area_sqm": 5892.1,
    "note": "概念体量，非法定建筑面积；待正式控规与现状权属核验后复算。"
   },
   "geometry": {
    "type": "Polygon",
    "coordinates": [
     [
      [
       116.34791999999997,
       40.0255799999998
      ],
      [
       116.34707999999998,
       40.0255799999998
      ],
      [
       116.34707999999998,
       40.02632
      ],
      [
       116.34791999999997,
       40.02632
      ],
      [
       116.34791999999997,
       40.0255799999998
      ]
     ]
    ]
   }
  },
  {
   "type": "Feature",
   "id": "B-0294",
   "properties": {
    "id": "B-0294",
    "layer": "BUILDING_FOOTPRINT",
    "building_type": "0701",
    "building_type_name_zh": "人才公寓",
    "source_type": "agent_generated_design",
    "confidence": "low",
    "geometry_role": "design_proposal",
    "area_sqm": 6696.5,
    "note": "概念体量，非法定建筑面积；待正式控规与现状权属核验后复算。"
   },
   "geometry": {
    "type": "Polygon",
    "coordinates": [
     [
      [
       116.34827999999997,
       39.941219999999994
      ],
      [
       116.34911999999997,
       39.941219999999994
      ],
      [
       116.34911999999997,
       39.94038
      ],
      [
       116.34827999999997,
       39.94038
      ],
      [
       116.34827999999997,
       39.941219999999994
      ]
     ]
    ]
   }
  },
  {
   "type": "Feature",
   "id": "B-0295",
   "properties": {
    "id": "B-0295",
    "layer": "BUILDING_FOOTPRINT",
    "building_type": "0901",
    "building_type_name_zh": "智能商业",
    "source_type": "agent_generated_design",
    "confidence": "low",
    "geometry_role": "design_proposal",
    "area_sqm": 6696.4,
    "note": "概念体量，非法定建筑面积；待正式控规与现状权属核验后复算。"
   },
   "geometry": {
    "type": "Polygon",
    "coordinates": [
     [
      [
       116.34827999999997,
       39.94241999999999
      ],
      [
       116.34911999999997,
       39.94241999999999
      ],
      [
       116.34911999999997,
       39.941579999999995
      ],
      [
       116.34827999999997,
       39.941579999999995
      ],
      [
       116.34827999999997,
       39.94241999999999
      ]
     ]
    ]
   }
  },
  {
   "type": "Feature",
   "id": "B-0296",
   "properties": {
    "id": "B-0296",
    "layer": "BUILDING_FOOTPRINT",
    "building_type": "0902",
    "building_type_name_zh": "AI 企业总部",
    "source_type": "agent_generated_design",
    "confidence": "low",
    "geometry_role": "design_proposal",
    "area_sqm": 6696.1,
    "note": "概念体量，非法定建筑面积；待正式控规与现状权属核验后复算。"
   },
   "geometry": {
    "type": "Polygon",
    "coordinates": [
     [
      [
       116.34827999999997,
       39.944819999999986
      ],
      [
       116.34911999999997,
       39.944819999999986
      ],
      [
       116.34911999999997,
       39.94397999999999
      ],
      [
       116.34827999999997,
       39.94397999999999
      ],
      [
       116.34827999999997,
       39.944819999999986
      ]
     ]
    ]
   }
  },
  {
   "type": "Feature",
   "id": "B-0297",
   "properties": {
    "id": "B-0297",
    "layer": "BUILDING_FOOTPRINT",
    "building_type": "0902",
    "building_type_name_zh": "AI 企业总部",
    "source_type": "agent_generated_design",
    "confidence": "low",
    "geometry_role": "design_proposal",
    "area_sqm": 6696.0,
    "note": "概念体量，非法定建筑面积；待正式控规与现状权属核验后复算。"
   },
   "geometry": {
    "type": "Polygon",
    "coordinates": [
     [
      [
       116.34827999999997,
       39.94601999999998
      ],
      [
       116.34911999999997,
       39.94601999999998
      ],
      [
       116.34911999999997,
       39.945179999999986
      ],
      [
       116.34827999999997,
       39.945179999999986
      ],
      [
       116.34827999999997,
       39.94601999999998
      ]
     ]
    ]
   }
  },
  {
   "type": "Feature",
   "id": "B-0298",
   "properties": {
    "id": "B-0298",
    "layer": "BUILDING_FOOTPRINT",
    "building_type": "0902",
    "building_type_name_zh": "AI 企业总部",
    "source_type": "agent_generated_design",
    "confidence": "low",
    "geometry_role": "design_proposal",
    "area_sqm": 6695.9,
    "note": "概念体量，非法定建筑面积；待正式控规与现状权属核验后复算。"
   },
   "geometry": {
    "type": "Polygon",
    "coordinates": [
     [
      [
       116.34827999999997,
       39.94721999999998
      ],
      [
       116.34911999999997,
       39.94721999999998
      ],
      [
       116.34911999999997,
       39.946379999999984
      ],
      [
       116.34827999999997,
       39.946379999999984
      ],
      [
       116.34827999999997,
       39.94721999999998
      ]
     ]
    ]
   }
  },
  {
   "type": "Feature",
   "id": "B-0299",
   "properties": {
    "id": "B-0299",
    "layer": "BUILDING_FOOTPRINT",
    "building_type": "0902",
    "building_type_name_zh": "AI 企业总部",
    "source_type": "agent_generated_design",
    "confidence": "low",
    "geometry_role": "design_proposal",
    "area_sqm": 6695.8,
    "note": "概念体量，非法定建筑面积；待正式控规与现状权属核验后复算。"
   },
   "geometry": {
    "type": "Polygon",
    "coordinates": [
     [
      [
       116.34827999999997,
       39.94841999999998
      ],
      [
       116.34911999999997,
       39.94841999999998
      ],
      [
       116.34911999999997,
       39.94757999999998
      ],
      [
       116.34827999999997,
       39.94757999999998
      ],
      [
       116.34827999999997,
       39.94841999999998
      ]
     ]
    ]
   }
  },
  {
   "type": "Feature",
   "id": "B-0300",
   "properties": {
    "id": "B-0300",
    "layer": "BUILDING_FOOTPRINT",
    "building_type": "0902",
    "building_type_name_zh": "AI 企业总部",
    "source_type": "agent_generated_design",
    "confidence": "low",
    "geometry_role": "design_proposal",
    "area_sqm": 6695.7,
    "note": "概念体量，非法定建筑面积；待正式控规与现状权属核验后复算。"
   },
   "geometry": {
    "type": "Polygon",
    "coordinates": [
     [
      [
       116.34827999999997,
       39.949619999999975
      ],
      [
       116.34911999999997,
       39.949619999999975
      ],
      [
       116.34911999999997,
       39.94877999999998
      ],
      [
       116.34827999999997,
       39.94877999999998
      ],
      [
       116.34827999999997,
       39.949619999999975
      ]
     ]
    ]
   }
  },
  {
   "type": "Feature",
   "id": "B-0301",
   "properties": {
    "id": "B-0301",
    "layer": "BUILDING_FOOTPRINT",
    "building_type": "0701",
    "building_type_name_zh": "人才公寓",
    "source_type": "agent_generated_design",
    "confidence": "low",
    "geometry_role": "design_proposal",
    "area_sqm": 6695.6,
    "note": "概念体量，非法定建筑面积；待正式控规与现状权属核验后复算。"
   },
   "geometry": {
    "type": "Polygon",
    "coordinates": [
     [
      [
       116.34827999999997,
       39.95081999999997
      ],
      [
       116.34911999999997,
       39.95081999999997
      ],
      [
       116.34911999999997,
       39.949979999999975
      ],
      [
       116.34827999999997,
       39.949979999999975
      ],
      [
       116.34827999999997,
       39.95081999999997
      ]
     ]
    ]
   }
  },
  {
   "type": "Feature",
   "id": "B-0302",
   "properties": {
    "id": "B-0302",
    "layer": "BUILDING_FOOTPRINT",
    "building_type": "0701",
    "building_type_name_zh": "人才公寓",
    "source_type": "agent_generated_design",
    "confidence": "low",
    "geometry_role": "design_proposal",
    "area_sqm": 6695.3,
    "note": "概念体量，非法定建筑面积；待正式控规与现状权属核验后复算。"
   },
   "geometry": {
    "type": "Polygon",
    "coordinates": [
     [
      [
       116.34827999999997,
       39.953219999999966
      ],
      [
       116.34911999999997,
       39.953219999999966
      ],
      [
       116.34911999999997,
       39.95237999999997
      ],
      [
       116.34827999999997,
       39.95237999999997
      ],
      [
       116.34827999999997,
       39.953219999999966
      ]
     ]
    ]
   }
  },
  {
   "type": "Feature",
   "id": "B-0303",
   "properties": {
    "id": "B-0303",
    "layer": "BUILDING_FOOTPRINT",
    "building_type": "0701",
    "building_type_name_zh": "人才公寓",
    "source_type": "agent_generated_design",
    "confidence": "low",
    "geometry_role": "design_proposal",
    "area_sqm": 6695.2,
    "note": "概念体量，非法定建筑面积；待正式控规与现状权属核验后复算。"
   },
   "geometry": {
    "type": "Polygon",
    "coordinates": [
     [
      [
       116.34827999999997,
       39.95441999999996
      ],
      [
       116.34911999999997,
       39.95441999999996
      ],
      [
       116.34911999999997,
       39.95357999999997
      ],
      [
       116.34827999999997,
       39.95357999999997
      ],
      [
       116.34827999999997,
       39.95441999999996
      ]
     ]
    ]
   }
  },
  {
   "type": "Feature",
   "id": "B-0304",
   "properties": {
    "id": "B-0304",
    "layer": "BUILDING_FOOTPRINT",
    "building_type": "0801",
    "building_type_name_zh": "创新服务机构",
    "source_type": "agent_generated_design",
    "confidence": "low",
    "geometry_role": "design_proposal",
    "area_sqm": 6695.0,
    "note": "概念体量，非法定建筑面积；待正式控规与现状权属核验后复算。"
   },
   "geometry": {
    "type": "Polygon",
    "coordinates": [
     [
      [
       116.34827999999997,
       39.95681999999996
      ],
      [
       116.34911999999997,
       39.95681999999996
      ],
      [
       116.34911999999997,
       39.95597999999996
      ],
      [
       116.34827999999997,
       39.95597999999996
      ],
      [
       116.34827999999997,
       39.95681999999996
      ]
     ]
    ]
   }
  },
  {
   "type": "Feature",
   "id": "B-0305",
   "properties": {
    "id": "B-0305",
    "layer": "BUILDING_FOOTPRINT",
    "building_type": "0701",
    "building_type_name_zh": "人才公寓",
    "source_type": "agent_generated_design",
    "confidence": "low",
    "geometry_role": "design_proposal",
    "area_sqm": 6694.9,
    "note": "概念体量，非法定建筑面积；待正式控规与现状权属核验后复算。"
   },
   "geometry": {
    "type": "Polygon",
    "coordinates": [
     [
      [
       116.34827999999997,
       39.958019999999955
      ],
      [
       116.34911999999997,
       39.958019999999955
      ],
      [
       116.34911999999997,
       39.95717999999996
      ],
      [
       116.34827999999997,
       39.95717999999996
      ],
      [
       116.34827999999997,
       39.958019999999955
      ]
     ]
    ]
   }
  },
  {
   "type": "Feature",
   "id": "B-0306",
   "properties": {
    "id": "B-0306",
    "layer": "BUILDING_FOOTPRINT",
    "building_type": "0701",
    "building_type_name_zh": "人才公寓",
    "source_type": "agent_generated_design",
    "confidence": "low",
    "geometry_role": "design_proposal",
    "area_sqm": 6694.8,
    "note": "概念体量，非法定建筑面积；待正式控规与现状权属核验后复算。"
   },
   "geometry": {
    "type": "Polygon",
    "coordinates": [
     [
      [
       116.34827999999997,
       39.95921999999995
      ],
      [
       116.34911999999997,
       39.95921999999995
      ],
      [
       116.34911999999997,
       39.958379999999956
      ],
      [
       116.34827999999997,
       39.958379999999956
      ],
      [
       116.34827999999997,
       39.95921999999995
      ]
     ]
    ]
   }
  },
  {
   "type": "Feature",
   "id": "B-0307",
   "properties": {
    "id": "B-0307",
    "layer": "BUILDING_FOOTPRINT",
    "building_type": "0701",
    "building_type_name_zh": "人才公寓",
    "source_type": "agent_generated_design",
    "confidence": "low",
    "geometry_role": "design_proposal",
    "area_sqm": 6694.6,
    "note": "概念体量，非法定建筑面积；待正式控规与现状权属核验后复算。"
   },
   "geometry": {
    "type": "Polygon",
    "coordinates": [
     [
      [
       116.34827999999997,
       39.96041999999995
      ],
      [
       116.34911999999997,
       39.96041999999995
      ],
      [
       116.34911999999997,
       39.95957999999995
      ],
      [
       116.34827999999997,
       39.95957999999995
      ],
      [
       116.34827999999997,
       39.96041999999995
      ]
     ]
    ]
   }
  },
  {
   "type": "Feature",
   "id": "B-0308",
   "properties": {
    "id": "B-0308",
    "layer": "BUILDING_FOOTPRINT",
    "building_type": "0701",
    "building_type_name_zh": "人才公寓",
    "source_type": "agent_generated_design",
    "confidence": "low",
    "geometry_role": "design_proposal",
    "area_sqm": 6693.2,
    "note": "概念体量，非法定建筑面积；待正式控规与现状权属核验后复算。"
   },
   "geometry": {
    "type": "Polygon",
    "coordinates": [
     [
      [
       116.34827999999997,
       39.974819999999916
      ],
      [
       116.34911999999997,
       39.974819999999916
      ],
      [
       116.34911999999997,
       39.97397999999992
      ],
      [
       116.34827999999997,
       39.97397999999992
      ],
      [
       116.34827999999997,
       39.974819999999916
      ]
     ]
    ]
   }
  },
  {
   "type": "Feature",
   "id": "B-0309",
   "properties": {
    "id": "B-0309",
    "layer": "BUILDING_FOOTPRINT",
    "building_type": "0701",
    "building_type_name_zh": "人才公寓",
    "source_type": "agent_generated_design",
    "confidence": "low",
    "geometry_role": "design_proposal",
    "area_sqm": 6693.0,
    "note": "概念体量，非法定建筑面积；待正式控规与现状权属核验后复算。"
   },
   "geometry": {
    "type": "Polygon",
    "coordinates": [
     [
      [
       116.34827999999997,
       39.97721999999991
      ],
      [
       116.34911999999997,
       39.97721999999991
      ],
      [
       116.34911999999997,
       39.976379999999914
      ],
      [
       116.34827999999997,
       39.976379999999914
      ],
      [
       116.34827999999997,
       39.97721999999991
      ]
     ]
    ]
   }
  },
  {
   "type": "Feature",
   "id": "B-0310",
   "properties": {
    "id": "B-0310",
    "layer": "BUILDING_FOOTPRINT",
    "building_type": "0701",
    "building_type_name_zh": "人才公寓",
    "source_type": "agent_generated_design",
    "confidence": "low",
    "geometry_role": "design_proposal",
    "area_sqm": 6692.9,
    "note": "概念体量，非法定建筑面积；待正式控规与现状权属核验后复算。"
   },
   "geometry": {
    "type": "Polygon",
    "coordinates": [
     [
      [
       116.34827999999997,
       39.97841999999991
      ],
      [
       116.34911999999997,
       39.97841999999991
      ],
      [
       116.34911999999997,
       39.97757999999991
      ],
      [
       116.34827999999997,
       39.97757999999991
      ],
      [
       116.34827999999997,
       39.97841999999991
      ]
     ]
    ]
   }
  },
  {
   "type": "Feature",
   "id": "B-0311",
   "properties": {
    "id": "B-0311",
    "layer": "BUILDING_FOOTPRINT",
    "building_type": "0701",
    "building_type_name_zh": "人才公寓",
    "source_type": "agent_generated_design",
    "confidence": "low",
    "geometry_role": "design_proposal",
    "area_sqm": 6692.7,
    "note": "概念体量，非法定建筑面积；待正式控规与现状权属核验后复算。"
   },
   "geometry": {
    "type": "Polygon",
    "coordinates": [
     [
      [
       116.34827999999997,
       39.9808199999999
      ],
      [
       116.34911999999997,
       39.9808199999999
      ],
      [
       116.34911999999997,
       39.979979999999905
      ],
      [
       116.34827999999997,
       39.979979999999905
      ],
      [
       116.34827999999997,
       39.9808199999999
      ]
     ]
    ]
   }
  },
  {
   "type": "Feature",
   "id": "B-0312",
   "properties": {
    "id": "B-0312",
    "layer": "BUILDING_FOOTPRINT",
    "building_type": "0801",
    "building_type_name_zh": "创新服务机构",
    "source_type": "agent_generated_design",
    "confidence": "low",
    "geometry_role": "design_proposal",
    "area_sqm": 6692.6,
    "note": "概念体量，非法定建筑面积；待正式控规与现状权属核验后复算。"
   },
   "geometry": {
    "type": "Polygon",
    "coordinates": [
     [
      [
       116.34827999999997,
       39.9820199999999
      ],
      [
       116.34911999999997,
       39.9820199999999
      ],
      [
       116.34911999999997,
       39.9811799999999
      ],
      [
       116.34827999999997,
       39.9811799999999
      ],
      [
       116.34827999999997,
       39.9820199999999
      ]
     ]
    ]
   }
  },
  {
   "type": "Feature",
   "id": "B-0313",
   "properties": {
    "id": "B-0313",
    "layer": "BUILDING_FOOTPRINT",
    "building_type": "0701",
    "building_type_name_zh": "人才公寓",
    "source_type": "agent_generated_design",
    "confidence": "low",
    "geometry_role": "design_proposal",
    "area_sqm": 6692.4,
    "note": "概念体量，非法定建筑面积；待正式控规与现状权属核验后复算。"
   },
   "geometry": {
    "type": "Polygon",
    "coordinates": [
     [
      [
       116.34827999999997,
       39.983219999999896
      ],
      [
       116.34911999999997,
       39.983219999999896
      ],
      [
       116.34911999999997,
       39.9823799999999
      ],
      [
       116.34827999999997,
       39.9823799999999
      ],
      [
       116.34827999999997,
       39.983219999999896
      ]
     ]
    ]
   }
  },
  {
   "type": "Feature",
   "id": "B-0314",
   "properties": {
    "id": "B-0314",
    "layer": "BUILDING_FOOTPRINT",
    "building_type": "0701",
    "building_type_name_zh": "人才公寓",
    "source_type": "agent_generated_design",
    "confidence": "low",
    "geometry_role": "design_proposal",
    "area_sqm": 6692.3,
    "note": "概念体量，非法定建筑面积；待正式控规与现状权属核验后复算。"
   },
   "geometry": {
    "type": "Polygon",
    "coordinates": [
     [
      [
       116.34827999999997,
       39.98441999999989
      ],
      [
       116.34911999999997,
       39.98441999999989
      ],
      [
       116.34911999999997,
       39.9835799999999
      ],
      [
       116.34827999999997,
       39.9835799999999
      ],
      [
       116.34827999999997,
       39.98441999999989
      ]
     ]
    ]
   }
  },
  {
   "type": "Feature",
   "id": "B-0315",
   "properties": {
    "id": "B-0315",
    "layer": "BUILDING_FOOTPRINT",
    "building_type": "0701",
    "building_type_name_zh": "人才公寓",
    "source_type": "agent_generated_design",
    "confidence": "low",
    "geometry_role": "design_proposal",
    "area_sqm": 6692.2,
    "note": "概念体量，非法定建筑面积；待正式控规与现状权属核验后复算。"
   },
   "geometry": {
    "type": "Polygon",
    "coordinates": [
     [
      [
       116.34827999999997,
       39.98561999999989
      ],
      [
       116.34911999999997,
       39.98561999999989
      ],
      [
       116.34911999999997,
       39.984779999999894
      ],
      [
       116.34827999999997,
       39.984779999999894
      ],
      [
       116.34827999999997,
       39.98561999999989
      ]
     ]
    ]
   }
  },
  {
   "type": "Feature",
   "id": "B-0316",
   "properties": {
    "id": "B-0316",
    "layer": "BUILDING_FOOTPRINT",
    "building_type": "0701",
    "building_type_name_zh": "人才公寓",
    "source_type": "agent_generated_design",
    "confidence": "low",
    "geometry_role": "design_proposal",
    "area_sqm": 6692.1,
    "note": "概念体量，非法定建筑面积；待正式控规与现状权属核验后复算。"
   },
   "geometry": {
    "type": "Polygon",
    "coordinates": [
     [
      [
       116.34827999999997,
       39.98681999999989
      ],
      [
       116.34911999999997,
       39.98681999999989
      ],
      [
       116.34911999999997,
       39.98597999999989
      ],
      [
       116.34827999999997,
       39.98597999999989
      ],
      [
       116.34827999999997,
       39.98681999999989
      ]
     ]
    ]
   }
  },
  {
   "type": "Feature",
   "id": "B-0317",
   "properties": {
    "id": "B-0317",
    "layer": "BUILDING_FOOTPRINT",
    "building_type": "0702",
    "building_type_name_zh": "社区服务中心",
    "source_type": "agent_generated_design",
    "confidence": "low",
    "geometry_role": "design_proposal",
    "area_sqm": 6692.0,
    "note": "概念体量，非法定建筑面积；待正式控规与现状权属核验后复算。"
   },
   "geometry": {
    "type": "Polygon",
    "coordinates": [
     [
      [
       116.34827999999997,
       39.988019999999885
      ],
      [
       116.34911999999997,
       39.988019999999885
      ],
      [
       116.34911999999997,
       39.98717999999989
      ],
      [
       116.34827999999997,
       39.98717999999989
      ],
      [
       116.34827999999997,
       39.988019999999885
      ]
     ]
    ]
   }
  },
  {
   "type": "Feature",
   "id": "B-0318",
   "properties": {
    "id": "B-0318",
    "layer": "BUILDING_FOOTPRINT",
    "building_type": "0702",
    "building_type_name_zh": "社区服务中心",
    "source_type": "agent_generated_design",
    "confidence": "low",
    "geometry_role": "design_proposal",
    "area_sqm": 6691.9,
    "note": "概念体量，非法定建筑面积；待正式控规与现状权属核验后复算。"
   },
   "geometry": {
    "type": "Polygon",
    "coordinates": [
     [
      [
       116.34827999999997,
       39.98921999999988
      ],
      [
       116.34911999999997,
       39.98921999999988
      ],
      [
       116.34911999999997,
       39.988379999999886
      ],
      [
       116.34827999999997,
       39.988379999999886
      ],
      [
       116.34827999999997,
       39.98921999999988
      ]
     ]
    ]
   }
  },
  {
   "type": "Feature",
   "id": "B-0319",
   "properties": {
    "id": "B-0319",
    "layer": "BUILDING_FOOTPRINT",
    "building_type": "0702",
    "building_type_name_zh": "社区服务中心",
    "source_type": "agent_generated_design",
    "confidence": "low",
    "geometry_role": "design_proposal",
    "area_sqm": 6691.7,
    "note": "概念体量，非法定建筑面积；待正式控规与现状权属核验后复算。"
   },
   "geometry": {
    "type": "Polygon",
    "coordinates": [
     [
      [
       116.34827999999997,
       39.99041999999988
      ],
      [
       116.34911999999997,
       39.99041999999988
      ],
      [
       116.34911999999997,
       39.98957999999988
      ],
      [
       116.34827999999997,
       39.98957999999988
      ],
      [
       116.34827999999997,
       39.99041999999988
      ]
     ]
    ]
   }
  },
  {
   "type": "Feature",
   "id": "B-0320",
   "properties": {
    "id": "B-0320",
    "layer": "BUILDING_FOOTPRINT",
    "building_type": "0804",
    "building_type_name_zh": "科研教学",
    "source_type": "agent_generated_design",
    "confidence": "low",
    "geometry_role": "design_proposal",
    "area_sqm": 6691.6,
    "note": "概念体量，非法定建筑面积；待正式控规与现状权属核验后复算。"
   },
   "geometry": {
    "type": "Polygon",
    "coordinates": [
     [
      [
       116.34827999999997,
       39.99161999999988
      ],
      [
       116.34911999999997,
       39.99161999999988
      ],
      [
       116.34911999999997,
       39.99077999999988
      ],
      [
       116.34827999999997,
       39.99077999999988
      ],
      [
       116.34827999999997,
       39.99161999999988
      ]
     ]
    ]
   }
  },
  {
   "type": "Feature",
   "id": "B-0321",
   "properties": {
    "id": "B-0321",
    "layer": "BUILDING_FOOTPRINT",
    "building_type": "0804",
    "building_type_name_zh": "科研教学",
    "source_type": "agent_generated_design",
    "confidence": "low",
    "geometry_role": "design_proposal",
    "area_sqm": 6691.5,
    "note": "概念体量，非法定建筑面积；待正式控规与现状权属核验后复算。"
   },
   "geometry": {
    "type": "Polygon",
    "coordinates": [
     [
      [
       116.34827999999997,
       39.992819999999874
      ],
      [
       116.34911999999997,
       39.992819999999874
      ],
      [
       116.34911999999997,
       39.99197999999988
      ],
      [
       116.34827999999997,
       39.99197999999988
      ],
      [
       116.34827999999997,
       39.992819999999874
      ]
     ]
    ]
   }
  },
  {
   "type": "Feature",
   "id": "B-0322",
   "properties": {
    "id": "B-0322",
    "layer": "BUILDING_FOOTPRINT",
    "building_type": "0701",
    "building_type_name_zh": "人才公寓",
    "source_type": "agent_generated_design",
    "confidence": "low",
    "geometry_role": "design_proposal",
    "area_sqm": 6691.4,
    "note": "概念体量，非法定建筑面积；待正式控规与现状权属核验后复算。"
   },
   "geometry": {
    "type": "Polygon",
    "coordinates": [
     [
      [
       116.34827999999997,
       39.99401999999987
      ],
      [
       116.34911999999997,
       39.99401999999987
      ],
      [
       116.34911999999997,
       39.993179999999874
      ],
      [
       116.34827999999997,
       39.993179999999874
      ],
      [
       116.34827999999997,
       39.99401999999987
      ]
     ]
    ]
   }
  },
  {
   "type": "Feature",
   "id": "B-0323",
   "properties": {
    "id": "B-0323",
    "layer": "BUILDING_FOOTPRINT",
    "building_type": "0701",
    "building_type_name_zh": "人才公寓",
    "source_type": "agent_generated_design",
    "confidence": "low",
    "geometry_role": "design_proposal",
    "area_sqm": 6691.3,
    "note": "概念体量，非法定建筑面积；待正式控规与现状权属核验后复算。"
   },
   "geometry": {
    "type": "Polygon",
    "coordinates": [
     [
      [
       116.34827999999997,
       39.99521999999987
      ],
      [
       116.34911999999997,
       39.99521999999987
      ],
      [
       116.34911999999997,
       39.99437999999987
      ],
      [
       116.34827999999997,
       39.99437999999987
      ],
      [
       116.34827999999997,
       39.99521999999987
      ]
     ]
    ]
   }
  },
  {
   "type": "Feature",
   "id": "B-0324",
   "properties": {
    "id": "B-0324",
    "layer": "BUILDING_FOOTPRINT",
    "building_type": "0701",
    "building_type_name_zh": "人才公寓",
    "source_type": "agent_generated_design",
    "confidence": "low",
    "geometry_role": "design_proposal",
    "area_sqm": 6691.2,
    "note": "概念体量，非法定建筑面积；待正式控规与现状权属核验后复算。"
   },
   "geometry": {
    "type": "Polygon",
    "coordinates": [
     [
      [
       116.34827999999997,
       39.996419999999866
      ],
      [
       116.34911999999997,
       39.996419999999866
      ],
      [
       116.34911999999997,
       39.99557999999987
      ],
      [
       116.34827999999997,
       39.99557999999987
      ],
      [
       116.34827999999997,
       39.996419999999866
      ]
     ]
    ]
   }
  },
  {
   "type": "Feature",
   "id": "B-0325",
   "properties": {
    "id": "B-0325",
    "layer": "BUILDING_FOOTPRINT",
    "building_type": "0901",
    "building_type_name_zh": "智能商业",
    "source_type": "agent_generated_design",
    "confidence": "low",
    "geometry_role": "design_proposal",
    "area_sqm": 6691.0,
    "note": "概念体量，非法定建筑面积；待正式控规与现状权属核验后复算。"
   },
   "geometry": {
    "type": "Polygon",
    "coordinates": [
     [
      [
       116.34827999999997,
       39.99761999999986
      ],
      [
       116.34911999999997,
       39.99761999999986
      ],
      [
       116.34911999999997,
       39.996779999999866
      ],
      [
       116.34827999999997,
       39.996779999999866
      ],
      [
       116.34827999999997,
       39.99761999999986
      ]
     ]
    ]
   }
  },
  {
   "type": "Feature",
   "id": "B-0326",
   "properties": {
    "id": "B-0326",
    "layer": "BUILDING_FOOTPRINT",
    "building_type": "0801",
    "building_type_name_zh": "创新服务机构",
    "source_type": "agent_generated_design",
    "confidence": "low",
    "geometry_role": "design_proposal",
    "area_sqm": 6690.9,
    "note": "概念体量，非法定建筑面积；待正式控规与现状权属核验后复算。"
   },
   "geometry": {
    "type": "Polygon",
    "coordinates": [
     [
      [
       116.34827999999997,
       39.99881999999986
      ],
      [
       116.34911999999997,
       39.99881999999986
      ],
      [
       116.34911999999997,
       39.99797999999986
      ],
      [
       116.34827999999997,
       39.99797999999986
      ],
      [
       116.34827999999997,
       39.99881999999986
      ]
     ]
    ]
   }
  },
  {
   "type": "Feature",
   "id": "B-0327",
   "properties": {
    "id": "B-0327",
    "layer": "BUILDING_FOOTPRINT",
    "building_type": "0701",
    "building_type_name_zh": "人才公寓",
    "source_type": "agent_generated_design",
    "confidence": "low",
    "geometry_role": "design_proposal",
    "area_sqm": 6690.7,
    "note": "概念体量，非法定建筑面积；待正式控规与现状权属核验后复算。"
   },
   "geometry": {
    "type": "Polygon",
    "coordinates": [
     [
      [
       116.34827999999997,
       40.001219999999854
      ],
      [
       116.34911999999997,
       40.001219999999854
      ],
      [
       116.34911999999997,
       40.00037999999986
      ],
      [
       116.34827999999997,
       40.00037999999986
      ],
      [
       116.34827999999997,
       40.001219999999854
      ]
     ]
    ]
   }
  },
  {
   "type": "Feature",
   "id": "B-0328",
   "properties": {
    "id": "B-0328",
    "layer": "BUILDING_FOOTPRINT",
    "building_type": "0701",
    "building_type_name_zh": "人才公寓",
    "source_type": "agent_generated_design",
    "confidence": "low",
    "geometry_role": "design_proposal",
    "area_sqm": 6690.6,
    "note": "概念体量，非法定建筑面积；待正式控规与现状权属核验后复算。"
   },
   "geometry": {
    "type": "Polygon",
    "coordinates": [
     [
      [
       116.34827999999997,
       40.00241999999985
      ],
      [
       116.34911999999997,
       40.00241999999985
      ],
      [
       116.34911999999997,
       40.001579999999855
      ],
      [
       116.34827999999997,
       40.001579999999855
      ],
      [
       116.34827999999997,
       40.00241999999985
      ]
     ]
    ]
   }
  },
  {
   "type": "Feature",
   "id": "B-0329",
   "properties": {
    "id": "B-0329",
    "layer": "BUILDING_FOOTPRINT",
    "building_type": "0701",
    "building_type_name_zh": "人才公寓",
    "source_type": "agent_generated_design",
    "confidence": "low",
    "geometry_role": "design_proposal",
    "area_sqm": 6690.4,
    "note": "概念体量，非法定建筑面积；待正式控规与现状权属核验后复算。"
   },
   "geometry": {
    "type": "Polygon",
    "coordinates": [
     [
      [
       116.34827999999997,
       40.004819999999846
      ],
      [
       116.34911999999997,
       40.004819999999846
      ],
      [
       116.34911999999997,
       40.00397999999985
      ],
      [
       116.34827999999997,
       40.00397999999985
      ],
      [
       116.34827999999997,
       40.004819999999846
      ]
     ]
    ]
   }
  },
  {
   "type": "Feature",
   "id": "B-0330",
   "properties": {
    "id": "B-0330",
    "layer": "BUILDING_FOOTPRINT",
    "building_type": "0701",
    "building_type_name_zh": "人才公寓",
    "source_type": "agent_generated_design",
    "confidence": "low",
    "geometry_role": "design_proposal",
    "area_sqm": 6690.2,
    "note": "概念体量，非法定建筑面积；待正式控规与现状权属核验后复算。"
   },
   "geometry": {
    "type": "Polygon",
    "coordinates": [
     [
      [
       116.34827999999997,
       40.00601999999984
      ],
      [
       116.34911999999997,
       40.00601999999984
      ],
      [
       116.34911999999997,
       40.00517999999985
      ],
      [
       116.34827999999997,
       40.00517999999985
      ],
      [
       116.34827999999997,
       40.00601999999984
      ]
     ]
    ]
   }
  },
  {
   "type": "Feature",
   "id": "B-0331",
   "properties": {
    "id": "B-0331",
    "layer": "BUILDING_FOOTPRINT",
    "building_type": "0801",
    "building_type_name_zh": "创新服务机构",
    "source_type": "agent_generated_design",
    "confidence": "low",
    "geometry_role": "design_proposal",
    "area_sqm": 6690.1,
    "note": "概念体量，非法定建筑面积；待正式控规与现状权属核验后复算。"
   },
   "geometry": {
    "type": "Polygon",
    "coordinates": [
     [
      [
       116.34827999999997,
       40.00721999999984
      ],
      [
       116.34911999999997,
       40.00721999999984
      ],
      [
       116.34911999999997,
       40.006379999999844
      ],
      [
       116.34827999999997,
       40.006379999999844
      ],
      [
       116.34827999999997,
       40.00721999999984
      ]
     ]
    ]
   }
  },
  {
   "type": "Feature",
   "id": "B-0332",
   "properties": {
    "id": "B-0332",
    "layer": "BUILDING_FOOTPRINT",
    "building_type": "1001",
    "building_type_name_zh": "AI 研发厂房",
    "source_type": "agent_generated_design",
    "confidence": "low",
    "geometry_role": "design_proposal",
    "area_sqm": 6690.0,
    "note": "概念体量，非法定建筑面积；待正式控规与现状权属核验后复算。"
   },
   "geometry": {
    "type": "Polygon",
    "coordinates": [
     [
      [
       116.34827999999997,
       40.00841999999984
      ],
      [
       116.34911999999997,
       40.00841999999984
      ],
      [
       116.34911999999997,
       40.00757999999984
      ],
      [
       116.34827999999997,
       40.00757999999984
      ],
      [
       116.34827999999997,
       40.00841999999984
      ]
     ]
    ]
   }
  },
  {
   "type": "Feature",
   "id": "B-0333",
   "properties": {
    "id": "B-0333",
    "layer": "BUILDING_FOOTPRINT",
    "building_type": "1001",
    "building_type_name_zh": "AI 研发厂房",
    "source_type": "agent_generated_design",
    "confidence": "low",
    "geometry_role": "design_proposal",
    "area_sqm": 6689.9,
    "note": "概念体量，非法定建筑面积；待正式控规与现状权属核验后复算。"
   },
   "geometry": {
    "type": "Polygon",
    "coordinates": [
     [
      [
       116.34827999999997,
       40.009619999999835
      ],
      [
       116.34911999999997,
       40.009619999999835
      ],
      [
       116.34911999999997,
       40.00877999999984
      ],
      [
       116.34827999999997,
       40.00877999999984
      ],
      [
       116.34827999999997,
       40.009619999999835
      ]
     ]
    ]
   }
  },
  {
   "type": "Feature",
   "id": "B-0334",
   "properties": {
    "id": "B-0334",
    "layer": "BUILDING_FOOTPRINT",
    "building_type": "1001",
    "building_type_name_zh": "AI 研发厂房",
    "source_type": "agent_generated_design",
    "confidence": "low",
    "geometry_role": "design_proposal",
    "area_sqm": 6689.8,
    "note": "概念体量，非法定建筑面积；待正式控规与现状权属核验后复算。"
   },
   "geometry": {
    "type": "Polygon",
    "coordinates": [
     [
      [
       116.34827999999997,
       40.01081999999983
      ],
      [
       116.34911999999997,
       40.01081999999983
      ],
      [
       116.34911999999997,
       40.009979999999835
      ],
      [
       116.34827999999997,
       40.009979999999835
      ],
      [
       116.34827999999997,
       40.01081999999983
      ]
     ]
    ]
   }
  },
  {
   "type": "Feature",
   "id": "B-0335",
   "properties": {
    "id": "B-0335",
    "layer": "BUILDING_FOOTPRINT",
    "building_type": "1001",
    "building_type_name_zh": "AI 研发厂房",
    "source_type": "agent_generated_design",
    "confidence": "low",
    "geometry_role": "design_proposal",
    "area_sqm": 6689.7,
    "note": "概念体量，非法定建筑面积；待正式控规与现状权属核验后复算。"
   },
   "geometry": {
    "type": "Polygon",
    "coordinates": [
     [
      [
       116.34827999999997,
       40.01201999999983
      ],
      [
       116.34911999999997,
       40.01201999999983
      ],
      [
       116.34911999999997,
       40.01117999999983
      ],
      [
       116.34827999999997,
       40.01117999999983
      ],
      [
       116.34827999999997,
       40.01201999999983
      ]
     ]
    ]
   }
  },
  {
   "type": "Feature",
   "id": "B-0336",
   "properties": {
    "id": "B-0336",
    "layer": "BUILDING_FOOTPRINT",
    "building_type": "1001",
    "building_type_name_zh": "AI 研发厂房",
    "source_type": "agent_generated_design",
    "confidence": "low",
    "geometry_role": "design_proposal",
    "area_sqm": 6689.5,
    "note": "概念体量，非法定建筑面积；待正式控规与现状权属核验后复算。"
   },
   "geometry": {
    "type": "Polygon",
    "coordinates": [
     [
      [
       116.34827999999997,
       40.013219999999826
      ],
      [
       116.34911999999997,
       40.013219999999826
      ],
      [
       116.34911999999997,
       40.01237999999983
      ],
      [
       116.34827999999997,
       40.01237999999983
      ],
      [
       116.34827999999997,
       40.013219999999826
      ]
     ]
    ]
   }
  },
  {
   "type": "Feature",
   "id": "B-0337",
   "properties": {
    "id": "B-0337",
    "layer": "BUILDING_FOOTPRINT",
    "building_type": "1001",
    "building_type_name_zh": "AI 研发厂房",
    "source_type": "agent_generated_design",
    "confidence": "low",
    "geometry_role": "design_proposal",
    "area_sqm": 6689.4,
    "note": "概念体量，非法定建筑面积；待正式控规与现状权属核验后复算。"
   },
   "geometry": {
    "type": "Polygon",
    "coordinates": [
     [
      [
       116.34827999999997,
       40.014419999999824
      ],
      [
       116.34911999999997,
       40.014419999999824
      ],
      [
       116.34911999999997,
       40.01357999999983
      ],
      [
       116.34827999999997,
       40.01357999999983
      ],
      [
       116.34827999999997,
       40.014419999999824
      ]
     ]
    ]
   }
  },
  {
   "type": "Feature",
   "id": "B-0338",
   "properties": {
    "id": "B-0338",
    "layer": "BUILDING_FOOTPRINT",
    "building_type": "1001",
    "building_type_name_zh": "AI 研发厂房",
    "source_type": "agent_generated_design",
    "confidence": "low",
    "geometry_role": "design_proposal",
    "area_sqm": 6689.3,
    "note": "概念体量，非法定建筑面积；待正式控规与现状权属核验后复算。"
   },
   "geometry": {
    "type": "Polygon",
    "coordinates": [
     [
      [
       116.34827999999997,
       40.01561999999982
      ],
      [
       116.34911999999997,
       40.01561999999982
      ],
      [
       116.34911999999997,
       40.014779999999824
      ],
      [
       116.34827999999997,
       40.014779999999824
      ],
      [
       116.34827999999997,
       40.01561999999982
      ]
     ]
    ]
   }
  },
  {
   "type": "Feature",
   "id": "B-0339",
   "properties": {
    "id": "B-0339",
    "layer": "BUILDING_FOOTPRINT",
    "building_type": "1001",
    "building_type_name_zh": "AI 研发厂房",
    "source_type": "agent_generated_design",
    "confidence": "low",
    "geometry_role": "design_proposal",
    "area_sqm": 6689.2,
    "note": "概念体量，非法定建筑面积；待正式控规与现状权属核验后复算。"
   },
   "geometry": {
    "type": "Polygon",
    "coordinates": [
     [
      [
       116.34827999999997,
       40.01681999999982
      ],
      [
       116.34911999999997,
       40.01681999999982
      ],
      [
       116.34911999999997,
       40.01597999999982
      ],
      [
       116.34827999999997,
       40.01597999999982
      ],
      [
       116.34827999999997,
       40.01681999999982
      ]
     ]
    ]
   }
  },
  {
   "type": "Feature",
   "id": "B-0340",
   "properties": {
    "id": "B-0340",
    "layer": "BUILDING_FOOTPRINT",
    "building_type": "1001",
    "building_type_name_zh": "AI 研发厂房",
    "source_type": "agent_generated_design",
    "confidence": "low",
    "geometry_role": "design_proposal",
    "area_sqm": 6689.1,
    "note": "概念体量，非法定建筑面积；待正式控规与现状权属核验后复算。"
   },
   "geometry": {
    "type": "Polygon",
    "coordinates": [
     [
      [
       116.34827999999997,
       40.018019999999815
      ],
      [
       116.34911999999997,
       40.018019999999815
      ],
      [
       116.34911999999997,
       40.01717999999982
      ],
      [
       116.34827999999997,
       40.01717999999982
      ],
      [
       116.34827999999997,
       40.018019999999815
      ]
     ]
    ]
   }
  },
  {
   "type": "Feature",
   "id": "B-0341",
   "properties": {
    "id": "B-0341",
    "layer": "BUILDING_FOOTPRINT",
    "building_type": "1001",
    "building_type_name_zh": "AI 研发厂房",
    "source_type": "agent_generated_design",
    "confidence": "low",
    "geometry_role": "design_proposal",
    "area_sqm": 6689.0,
    "note": "概念体量，非法定建筑面积；待正式控规与现状权属核验后复算。"
   },
   "geometry": {
    "type": "Polygon",
    "coordinates": [
     [
      [
       116.34827999999997,
       40.01921999999981
      ],
      [
       116.34911999999997,
       40.01921999999981
      ],
      [
       116.34911999999997,
       40.018379999999816
      ],
      [
       116.34827999999997,
       40.018379999999816
      ],
      [
       116.34827999999997,
       40.01921999999981
      ]
     ]
    ]
   }
  },
  {
   "type": "Feature",
   "id": "B-0342",
   "properties": {
    "id": "B-0342",
    "layer": "BUILDING_FOOTPRINT",
    "building_type": "1001",
    "building_type_name_zh": "AI 研发厂房",
    "source_type": "agent_generated_design",
    "confidence": "low",
    "geometry_role": "design_proposal",
    "area_sqm": 6688.9,
    "note": "概念体量，非法定建筑面积；待正式控规与现状权属核验后复算。"
   },
   "geometry": {
    "type": "Polygon",
    "coordinates": [
     [
      [
       116.34827999999997,
       40.02041999999981
      ],
      [
       116.34911999999997,
       40.02041999999981
      ],
      [
       116.34911999999997,
       40.01957999999981
      ],
      [
       116.34827999999997,
       40.01957999999981
      ],
      [
       116.34827999999997,
       40.02041999999981
      ]
     ]
    ]
   }
  },
  {
   "type": "Feature",
   "id": "B-0343",
   "properties": {
    "id": "B-0343",
    "layer": "BUILDING_FOOTPRINT",
    "building_type": "1001",
    "building_type_name_zh": "AI 研发厂房",
    "source_type": "agent_generated_design",
    "confidence": "low",
    "geometry_role": "design_proposal",
    "area_sqm": 6688.7,
    "note": "概念体量，非法定建筑面积；待正式控规与现状权属核验后复算。"
   },
   "geometry": {
    "type": "Polygon",
    "coordinates": [
     [
      [
       116.34827999999997,
       40.02161999999981
      ],
      [
       116.34911999999997,
       40.02161999999981
      ],
      [
       116.34911999999997,
       40.02077999999981
      ],
      [
       116.34827999999997,
       40.02077999999981
      ],
      [
       116.34827999999997,
       40.02161999999981
      ]
     ]
    ]
   }
  },
  {
   "type": "Feature",
   "id": "B-0344",
   "properties": {
    "id": "B-0344",
    "layer": "BUILDING_FOOTPRINT",
    "building_type": "1001",
    "building_type_name_zh": "AI 研发厂房",
    "source_type": "agent_generated_design",
    "confidence": "low",
    "geometry_role": "design_proposal",
    "area_sqm": 6688.6,
    "note": "概念体量，非法定建筑面积；待正式控规与现状权属核验后复算。"
   },
   "geometry": {
    "type": "Polygon",
    "coordinates": [
     [
      [
       116.34827999999997,
       40.022819999999804
      ],
      [
       116.34911999999997,
       40.022819999999804
      ],
      [
       116.34911999999997,
       40.02197999999981
      ],
      [
       116.34827999999997,
       40.02197999999981
      ],
      [
       116.34827999999997,
       40.022819999999804
      ]
     ]
    ]
   }
  },
  {
   "type": "Feature",
   "id": "B-0345",
   "properties": {
    "id": "B-0345",
    "layer": "BUILDING_FOOTPRINT",
    "building_type": "1001",
    "building_type_name_zh": "AI 研发厂房",
    "source_type": "agent_generated_design",
    "confidence": "low",
    "geometry_role": "design_proposal",
    "area_sqm": 6688.5,
    "note": "概念体量，非法定建筑面积；待正式控规与现状权属核验后复算。"
   },
   "geometry": {
    "type": "Polygon",
    "coordinates": [
     [
      [
       116.34827999999997,
       40.0240199999998
      ],
      [
       116.34911999999997,
       40.0240199999998
      ],
      [
       116.34911999999997,
       40.023179999999805
      ],
      [
       116.34827999999997,
       40.023179999999805
      ],
      [
       116.34827999999997,
       40.0240199999998
      ]
     ]
    ]
   }
  },
  {
   "type": "Feature",
   "id": "B-0346",
   "properties": {
    "id": "B-0346",
    "layer": "BUILDING_FOOTPRINT",
    "building_type": "1001",
    "building_type_name_zh": "AI 研发厂房",
    "source_type": "agent_generated_design",
    "confidence": "low",
    "geometry_role": "design_proposal",
    "area_sqm": 6688.4,
    "note": "概念体量，非法定建筑面积；待正式控规与现状权属核验后复算。"
   },
   "geometry": {
    "type": "Polygon",
    "coordinates": [
     [
      [
       116.34827999999997,
       40.0252199999998
      ],
      [
       116.34911999999997,
       40.0252199999998
      ],
      [
       116.34911999999997,
       40.0243799999998
      ],
      [
       116.34827999999997,
       40.0243799999998
      ],
      [
       116.34827999999997,
       40.0252199999998
      ]
     ]
    ]
   }
  },
  {
   "type": "Feature",
   "id": "B-0347",
   "properties": {
    "id": "B-0347",
    "layer": "BUILDING_FOOTPRINT",
    "building_type": "1001",
    "building_type_name_zh": "AI 研发厂房",
    "source_type": "agent_generated_design",
    "confidence": "low",
    "geometry_role": "design_proposal",
    "area_sqm": 5892.1,
    "note": "概念体量，非法定建筑面积；待正式控规与现状权属核验后复算。"
   },
   "geometry": {
    "type": "Polygon",
    "coordinates": [
     [
      [
       116.34911999999997,
       40.0255799999998
      ],
      [
       116.34827999999997,
       40.0255799999998
      ],
      [
       116.34827999999997,
       40.02632
      ],
      [
       116.34911999999997,
       40.02632
      ],
      [
       116.34911999999997,
       40.0255799999998
      ]
     ]
    ]
   }
  },
  {
   "type": "Feature",
   "id": "B-0348",
   "properties": {
    "id": "B-0348",
    "layer": "BUILDING_FOOTPRINT",
    "building_type": "0701",
    "building_type_name_zh": "人才公寓",
    "source_type": "agent_generated_design",
    "confidence": "low",
    "geometry_role": "design_proposal",
    "area_sqm": 6696.5,
    "note": "概念体量，非法定建筑面积；待正式控规与现状权属核验后复算。"
   },
   "geometry": {
    "type": "Polygon",
    "coordinates": [
     [
      [
       116.34947999999997,
       39.941219999999994
      ],
      [
       116.35031999999997,
       39.941219999999994
      ],
      [
       116.35031999999997,
       39.94038
      ],
      [
       116.34947999999997,
       39.94038
      ],
      [
       116.34947999999997,
       39.941219999999994
      ]
     ]
    ]
   }
  },
  {
   "type": "Feature",
   "id": "B-0349",
   "properties": {
    "id": "B-0349",
    "layer": "BUILDING_FOOTPRINT",
    "building_type": "0701",
    "building_type_name_zh": "人才公寓",
    "source_type": "agent_generated_design",
    "confidence": "low",
    "geometry_role": "design_proposal",
    "area_sqm": 6696.4,
    "note": "概念体量，非法定建筑面积；待正式控规与现状权属核验后复算。"
   },
   "geometry": {
    "type": "Polygon",
    "coordinates": [
     [
      [
       116.34947999999997,
       39.94241999999999
      ],
      [
       116.35031999999997,
       39.94241999999999
      ],
      [
       116.35031999999997,
       39.941579999999995
      ],
      [
       116.34947999999997,
       39.941579999999995
      ],
      [
       116.34947999999997,
       39.94241999999999
      ]
     ]
    ]
   }
  },
  {
   "type": "Feature",
   "id": "B-0350",
   "properties": {
    "id": "B-0350",
    "layer": "BUILDING_FOOTPRINT",
    "building_type": "0902",
    "building_type_name_zh": "AI 企业总部",
    "source_type": "agent_generated_design",
    "confidence": "low",
    "geometry_role": "design_proposal",
    "area_sqm": 6696.1,
    "note": "概念体量，非法定建筑面积；待正式控规与现状权属核验后复算。"
   },
   "geometry": {
    "type": "Polygon",
    "coordinates": [
     [
      [
       116.34947999999997,
       39.944819999999986
      ],
      [
       116.35031999999997,
       39.944819999999986
      ],
      [
       116.35031999999997,
       39.94397999999999
      ],
      [
       116.34947999999997,
       39.94397999999999
      ],
      [
       116.34947999999997,
       39.944819999999986
      ]
     ]
    ]
   }
  },
  {
   "type": "Feature",
   "id": "B-0351",
   "properties": {
    "id": "B-0351",
    "layer": "BUILDING_FOOTPRINT",
    "building_type": "0902",
    "building_type_name_zh": "AI 企业总部",
    "source_type": "agent_generated_design",
    "confidence": "low",
    "geometry_role": "design_proposal",
    "area_sqm": 6696.0,
    "note": "概念体量，非法定建筑面积；待正式控规与现状权属核验后复算。"
   },
   "geometry": {
    "type": "Polygon",
    "coordinates": [
     [
      [
       116.34947999999997,
       39.94601999999998
      ],
      [
       116.35031999999997,
       39.94601999999998
      ],
      [
       116.35031999999997,
       39.945179999999986
      ],
      [
       116.34947999999997,
       39.945179999999986
      ],
      [
       116.34947999999997,
       39.94601999999998
      ]
     ]
    ]
   }
  },
  {
   "type": "Feature",
   "id": "B-0352",
   "properties": {
    "id": "B-0352",
    "layer": "BUILDING_FOOTPRINT",
    "building_type": "0902",
    "building_type_name_zh": "AI 企业总部",
    "source_type": "agent_generated_design",
    "confidence": "low",
    "geometry_role": "design_proposal",
    "area_sqm": 6695.9,
    "note": "概念体量，非法定建筑面积；待正式控规与现状权属核验后复算。"
   },
   "geometry": {
    "type": "Polygon",
    "coordinates": [
     [
      [
       116.34947999999997,
       39.94721999999998
      ],
      [
       116.35031999999997,
       39.94721999999998
      ],
      [
       116.35031999999997,
       39.946379999999984
      ],
      [
       116.34947999999997,
       39.946379999999984
      ],
      [
       116.34947999999997,
       39.94721999999998
      ]
     ]
    ]
   }
  },
  {
   "type": "Feature",
   "id": "B-0353",
   "properties": {
    "id": "B-0353",
    "layer": "BUILDING_FOOTPRINT",
    "building_type": "0902",
    "building_type_name_zh": "AI 企业总部",
    "source_type": "agent_generated_design",
    "confidence": "low",
    "geometry_role": "design_proposal",
    "area_sqm": 6695.8,
    "note": "概念体量，非法定建筑面积；待正式控规与现状权属核验后复算。"
   },
   "geometry": {
    "type": "Polygon",
    "coordinates": [
     [
      [
       116.34947999999997,
       39.94841999999998
      ],
      [
       116.35031999999997,
       39.94841999999998
      ],
      [
       116.35031999999997,
       39.94757999999998
      ],
      [
       116.34947999999997,
       39.94757999999998
      ],
      [
       116.34947999999997,
       39.94841999999998
      ]
     ]
    ]
   }
  },
  {
   "type": "Feature",
   "id": "B-0354",
   "properties": {
    "id": "B-0354",
    "layer": "BUILDING_FOOTPRINT",
    "building_type": "0902",
    "building_type_name_zh": "AI 企业总部",
    "source_type": "agent_generated_design",
    "confidence": "low",
    "geometry_role": "design_proposal",
    "area_sqm": 6695.7,
    "note": "概念体量，非法定建筑面积；待正式控规与现状权属核验后复算。"
   },
   "geometry": {
    "type": "Polygon",
    "coordinates": [
     [
      [
       116.34947999999997,
       39.949619999999975
      ],
      [
       116.35031999999997,
       39.949619999999975
      ],
      [
       116.35031999999997,
       39.94877999999998
      ],
      [
       116.34947999999997,
       39.94877999999998
      ],
      [
       116.34947999999997,
       39.949619999999975
      ]
     ]
    ]
   }
  },
  {
   "type": "Feature",
   "id": "B-0355",
   "properties": {
    "id": "B-0355",
    "layer": "BUILDING_FOOTPRINT",
    "building_type": "0701",
    "building_type_name_zh": "人才公寓",
    "source_type": "agent_generated_design",
    "confidence": "low",
    "geometry_role": "design_proposal",
    "area_sqm": 6695.6,
    "note": "概念体量，非法定建筑面积；待正式控规与现状权属核验后复算。"
   },
   "geometry": {
    "type": "Polygon",
    "coordinates": [
     [
      [
       116.34947999999997,
       39.95081999999997
      ],
      [
       116.35031999999997,
       39.95081999999997
      ],
      [
       116.35031999999997,
       39.949979999999975
      ],
      [
       116.34947999999997,
       39.949979999999975
      ],
      [
       116.34947999999997,
       39.95081999999997
      ]
     ]
    ]
   }
  },
  {
   "type": "Feature",
   "id": "B-0356",
   "properties": {
    "id": "B-0356",
    "layer": "BUILDING_FOOTPRINT",
    "building_type": "0701",
    "building_type_name_zh": "人才公寓",
    "source_type": "agent_generated_design",
    "confidence": "low",
    "geometry_role": "design_proposal",
    "area_sqm": 6695.3,
    "note": "概念体量，非法定建筑面积；待正式控规与现状权属核验后复算。"
   },
   "geometry": {
    "type": "Polygon",
    "coordinates": [
     [
      [
       116.34947999999997,
       39.953219999999966
      ],
      [
       116.35031999999997,
       39.953219999999966
      ],
      [
       116.35031999999997,
       39.95237999999997
      ],
      [
       116.34947999999997,
       39.95237999999997
      ],
      [
       116.34947999999997,
       39.953219999999966
      ]
     ]
    ]
   }
  },
  {
   "type": "Feature",
   "id": "B-0357",
   "properties": {
    "id": "B-0357",
    "layer": "BUILDING_FOOTPRINT",
    "building_type": "0901",
    "building_type_name_zh": "智能商业",
    "source_type": "agent_generated_design",
    "confidence": "low",
    "geometry_role": "design_proposal",
    "area_sqm": 6695.2,
    "note": "概念体量，非法定建筑面积；待正式控规与现状权属核验后复算。"
   },
   "geometry": {
    "type": "Polygon",
    "coordinates": [
     [
      [
       116.34947999999997,
       39.95441999999996
      ],
      [
       116.35031999999997,
       39.95441999999996
      ],
      [
       116.35031999999997,
       39.95357999999997
      ],
      [
       116.34947999999997,
       39.95357999999997
      ],
      [
       116.34947999999997,
       39.95441999999996
      ]
     ]
    ]
   }
  },
  {
   "type": "Feature",
   "id": "B-0358",
   "properties": {
    "id": "B-0358",
    "layer": "BUILDING_FOOTPRINT",
    "building_type": "0701",
    "building_type_name_zh": "人才公寓",
    "source_type": "agent_generated_design",
    "confidence": "low",
    "geometry_role": "design_proposal",
    "area_sqm": 6695.0,
    "note": "概念体量，非法定建筑面积；待正式控规与现状权属核验后复算。"
   },
   "geometry": {
    "type": "Polygon",
    "coordinates": [
     [
      [
       116.34947999999997,
       39.95681999999996
      ],
      [
       116.35031999999997,
       39.95681999999996
      ],
      [
       116.35031999999997,
       39.95597999999996
      ],
      [
       116.34947999999997,
       39.95597999999996
      ],
      [
       116.34947999999997,
       39.95681999999996
      ]
     ]
    ]
   }
  },
  {
   "type": "Feature",
   "id": "B-0359",
   "properties": {
    "id": "B-0359",
    "layer": "BUILDING_FOOTPRINT",
    "building_type": "0701",
    "building_type_name_zh": "人才公寓",
    "source_type": "agent_generated_design",
    "confidence": "low",
    "geometry_role": "design_proposal",
    "area_sqm": 6694.9,
    "note": "概念体量，非法定建筑面积；待正式控规与现状权属核验后复算。"
   },
   "geometry": {
    "type": "Polygon",
    "coordinates": [
     [
      [
       116.34947999999997,
       39.958019999999955
      ],
      [
       116.35031999999997,
       39.958019999999955
      ],
      [
       116.35031999999997,
       39.95717999999996
      ],
      [
       116.34947999999997,
       39.95717999999996
      ],
      [
       116.34947999999997,
       39.958019999999955
      ]
     ]
    ]
   }
  },
  {
   "type": "Feature",
   "id": "B-0360",
   "properties": {
    "id": "B-0360",
    "layer": "BUILDING_FOOTPRINT",
    "building_type": "0701",
    "building_type_name_zh": "人才公寓",
    "source_type": "agent_generated_design",
    "confidence": "low",
    "geometry_role": "design_proposal",
    "area_sqm": 6694.8,
    "note": "概念体量，非法定建筑面积；待正式控规与现状权属核验后复算。"
   },
   "geometry": {
    "type": "Polygon",
    "coordinates": [
     [
      [
       116.34947999999997,
       39.95921999999995
      ],
      [
       116.35031999999997,
       39.95921999999995
      ],
      [
       116.35031999999997,
       39.958379999999956
      ],
      [
       116.34947999999997,
       39.958379999999956
      ],
      [
       116.34947999999997,
       39.95921999999995
      ]
     ]
    ]
   }
  },
  {
   "type": "Feature",
   "id": "B-0361",
   "properties": {
    "id": "B-0361",
    "layer": "BUILDING_FOOTPRINT",
    "building_type": "0901",
    "building_type_name_zh": "智能商业",
    "source_type": "agent_generated_design",
    "confidence": "low",
    "geometry_role": "design_proposal",
    "area_sqm": 6694.6,
    "note": "概念体量，非法定建筑面积；待正式控规与现状权属核验后复算。"
   },
   "geometry": {
    "type": "Polygon",
    "coordinates": [
     [
      [
       116.34947999999997,
       39.96041999999995
      ],
      [
       116.35031999999997,
       39.96041999999995
      ],
      [
       116.35031999999997,
       39.95957999999995
      ],
      [
       116.34947999999997,
       39.95957999999995
      ],
      [
       116.34947999999997,
       39.96041999999995
      ]
     ]
    ]
   }
  },
  {
   "type": "Feature",
   "id": "B-0362",
   "properties": {
    "id": "B-0362",
    "layer": "BUILDING_FOOTPRINT",
    "building_type": "0701",
    "building_type_name_zh": "人才公寓",
    "source_type": "agent_generated_design",
    "confidence": "low",
    "geometry_role": "design_proposal",
    "area_sqm": 6693.2,
    "note": "概念体量，非法定建筑面积；待正式控规与现状权属核验后复算。"
   },
   "geometry": {
    "type": "Polygon",
    "coordinates": [
     [
      [
       116.34947999999997,
       39.974819999999916
      ],
      [
       116.35031999999997,
       39.974819999999916
      ],
      [
       116.35031999999997,
       39.97397999999992
      ],
      [
       116.34947999999997,
       39.97397999999992
      ],
      [
       116.34947999999997,
       39.974819999999916
      ]
     ]
    ]
   }
  },
  {
   "type": "Feature",
   "id": "B-0363",
   "properties": {
    "id": "B-0363",
    "layer": "BUILDING_FOOTPRINT",
    "building_type": "0701",
    "building_type_name_zh": "人才公寓",
    "source_type": "agent_generated_design",
    "confidence": "low",
    "geometry_role": "design_proposal",
    "area_sqm": 6693.0,
    "note": "概念体量，非法定建筑面积；待正式控规与现状权属核验后复算。"
   },
   "geometry": {
    "type": "Polygon",
    "coordinates": [
     [
      [
       116.34947999999997,
       39.97721999999991
      ],
      [
       116.35031999999997,
       39.97721999999991
      ],
      [
       116.35031999999997,
       39.976379999999914
      ],
      [
       116.34947999999997,
       39.976379999999914
      ],
      [
       116.34947999999997,
       39.97721999999991
      ]
     ]
    ]
   }
  },
  {
   "type": "Feature",
   "id": "B-0364",
   "properties": {
    "id": "B-0364",
    "layer": "BUILDING_FOOTPRINT",
    "building_type": "0901",
    "building_type_name_zh": "智能商业",
    "source_type": "agent_generated_design",
    "confidence": "low",
    "geometry_role": "design_proposal",
    "area_sqm": 6692.9,
    "note": "概念体量，非法定建筑面积；待正式控规与现状权属核验后复算。"
   },
   "geometry": {
    "type": "Polygon",
    "coordinates": [
     [
      [
       116.34947999999997,
       39.97841999999991
      ],
      [
       116.35031999999997,
       39.97841999999991
      ],
      [
       116.35031999999997,
       39.97757999999991
      ],
      [
       116.34947999999997,
       39.97757999999991
      ],
      [
       116.34947999999997,
       39.97841999999991
      ]
     ]
    ]
   }
  },
  {
   "type": "Feature",
   "id": "B-0365",
   "properties": {
    "id": "B-0365",
    "layer": "BUILDING_FOOTPRINT",
    "building_type": "0801",
    "building_type_name_zh": "创新服务机构",
    "source_type": "agent_generated_design",
    "confidence": "low",
    "geometry_role": "design_proposal",
    "area_sqm": 6692.7,
    "note": "概念体量，非法定建筑面积；待正式控规与现状权属核验后复算。"
   },
   "geometry": {
    "type": "Polygon",
    "coordinates": [
     [
      [
       116.34947999999997,
       39.9808199999999
      ],
      [
       116.35031999999997,
       39.9808199999999
      ],
      [
       116.35031999999997,
       39.979979999999905
      ],
      [
       116.34947999999997,
       39.979979999999905
      ],
      [
       116.34947999999997,
       39.9808199999999
      ]
     ]
    ]
   }
  },
  {
   "type": "Feature",
   "id": "B-0366",
   "properties": {
    "id": "B-0366",
    "layer": "BUILDING_FOOTPRINT",
    "building_type": "0701",
    "building_type_name_zh": "人才公寓",
    "source_type": "agent_generated_design",
    "confidence": "low",
    "geometry_role": "design_proposal",
    "area_sqm": 6692.6,
    "note": "概念体量，非法定建筑面积；待正式控规与现状权属核验后复算。"
   },
   "geometry": {
    "type": "Polygon",
    "coordinates": [
     [
      [
       116.34947999999997,
       39.9820199999999
      ],
      [
       116.35031999999997,
       39.9820199999999
      ],
      [
       116.35031999999997,
       39.9811799999999
      ],
      [
       116.34947999999997,
       39.9811799999999
      ],
      [
       116.34947999999997,
       39.9820199999999
      ]
     ]
    ]
   }
  },
  {
   "type": "Feature",
   "id": "B-0367",
   "properties": {
    "id": "B-0367",
    "layer": "BUILDING_FOOTPRINT",
    "building_type": "0701",
    "building_type_name_zh": "人才公寓",
    "source_type": "agent_generated_design",
    "confidence": "low",
    "geometry_role": "design_proposal",
    "area_sqm": 6692.4,
    "note": "概念体量，非法定建筑面积；待正式控规与现状权属核验后复算。"
   },
   "geometry": {
    "type": "Polygon",
    "coordinates": [
     [
      [
       116.34947999999997,
       39.983219999999896
      ],
      [
       116.35031999999997,
       39.983219999999896
      ],
      [
       116.35031999999997,
       39.9823799999999
      ],
      [
       116.34947999999997,
       39.9823799999999
      ],
      [
       116.34947999999997,
       39.983219999999896
      ]
     ]
    ]
   }
  },
  {
   "type": "Feature",
   "id": "B-0368",
   "properties": {
    "id": "B-0368",
    "layer": "BUILDING_FOOTPRINT",
    "building_type": "0701",
    "building_type_name_zh": "人才公寓",
    "source_type": "agent_generated_design",
    "confidence": "low",
    "geometry_role": "design_proposal",
    "area_sqm": 6692.3,
    "note": "概念体量，非法定建筑面积；待正式控规与现状权属核验后复算。"
   },
   "geometry": {
    "type": "Polygon",
    "coordinates": [
     [
      [
       116.34947999999997,
       39.98441999999989
      ],
      [
       116.35031999999997,
       39.98441999999989
      ],
      [
       116.35031999999997,
       39.9835799999999
      ],
      [
       116.34947999999997,
       39.9835799999999
      ],
      [
       116.34947999999997,
       39.98441999999989
      ]
     ]
    ]
   }
  },
  {
   "type": "Feature",
   "id": "B-0369",
   "properties": {
    "id": "B-0369",
    "layer": "BUILDING_FOOTPRINT",
    "building_type": "0701",
    "building_type_name_zh": "人才公寓",
    "source_type": "agent_generated_design",
    "confidence": "low",
    "geometry_role": "design_proposal",
    "area_sqm": 6692.2,
    "note": "概念体量，非法定建筑面积；待正式控规与现状权属核验后复算。"
   },
   "geometry": {
    "type": "Polygon",
    "coordinates": [
     [
      [
       116.34947999999997,
       39.98561999999989
      ],
      [
       116.35031999999997,
       39.98561999999989
      ],
      [
       116.35031999999997,
       39.984779999999894
      ],
      [
       116.34947999999997,
       39.984779999999894
      ],
      [
       116.34947999999997,
       39.98561999999989
      ]
     ]
    ]
   }
  },
  {
   "type": "Feature",
   "id": "B-0370",
   "properties": {
    "id": "B-0370",
    "layer": "BUILDING_FOOTPRINT",
    "building_type": "0701",
    "building_type_name_zh": "人才公寓",
    "source_type": "agent_generated_design",
    "confidence": "low",
    "geometry_role": "design_proposal",
    "area_sqm": 6692.1,
    "note": "概念体量，非法定建筑面积；待正式控规与现状权属核验后复算。"
   },
   "geometry": {
    "type": "Polygon",
    "coordinates": [
     [
      [
       116.34947999999997,
       39.98681999999989
      ],
      [
       116.35031999999997,
       39.98681999999989
      ],
      [
       116.35031999999997,
       39.98597999999989
      ],
      [
       116.34947999999997,
       39.98597999999989
      ],
      [
       116.34947999999997,
       39.98681999999989
      ]
     ]
    ]
   }
  },
  {
   "type": "Feature",
   "id": "B-0371",
   "properties": {
    "id": "B-0371",
    "layer": "BUILDING_FOOTPRINT",
    "building_type": "0702",
    "building_type_name_zh": "社区服务中心",
    "source_type": "agent_generated_design",
    "confidence": "low",
    "geometry_role": "design_proposal",
    "area_sqm": 6692.0,
    "note": "概念体量，非法定建筑面积；待正式控规与现状权属核验后复算。"
   },
   "geometry": {
    "type": "Polygon",
    "coordinates": [
     [
      [
       116.34947999999997,
       39.988019999999885
      ],
      [
       116.35031999999997,
       39.988019999999885
      ],
      [
       116.35031999999997,
       39.98717999999989
      ],
      [
       116.34947999999997,
       39.98717999999989
      ],
      [
       116.34947999999997,
       39.988019999999885
      ]
     ]
    ]
   }
  },
  {
   "type": "Feature",
   "id": "B-0372",
   "properties": {
    "id": "B-0372",
    "layer": "BUILDING_FOOTPRINT",
    "building_type": "0702",
    "building_type_name_zh": "社区服务中心",
    "source_type": "agent_generated_design",
    "confidence": "low",
    "geometry_role": "design_proposal",
    "area_sqm": 6691.9,
    "note": "概念体量，非法定建筑面积；待正式控规与现状权属核验后复算。"
   },
   "geometry": {
    "type": "Polygon",
    "coordinates": [
     [
      [
       116.34947999999997,
       39.98921999999988
      ],
      [
       116.35031999999997,
       39.98921999999988
      ],
      [
       116.35031999999997,
       39.988379999999886
      ],
      [
       116.34947999999997,
       39.988379999999886
      ],
      [
       116.34947999999997,
       39.98921999999988
      ]
     ]
    ]
   }
  },
  {
   "type": "Feature",
   "id": "B-0373",
   "properties": {
    "id": "B-0373",
    "layer": "BUILDING_FOOTPRINT",
    "building_type": "0702",
    "building_type_name_zh": "社区服务中心",
    "source_type": "agent_generated_design",
    "confidence": "low",
    "geometry_role": "design_proposal",
    "area_sqm": 6691.7,
    "note": "概念体量，非法定建筑面积；待正式控规与现状权属核验后复算。"
   },
   "geometry": {
    "type": "Polygon",
    "coordinates": [
     [
      [
       116.34947999999997,
       39.99041999999988
      ],
      [
       116.35031999999997,
       39.99041999999988
      ],
      [
       116.35031999999997,
       39.98957999999988
      ],
      [
       116.34947999999997,
       39.98957999999988
      ],
      [
       116.34947999999997,
       39.99041999999988
      ]
     ]
    ]
   }
  },
  {
   "type": "Feature",
   "id": "B-0374",
   "properties": {
    "id": "B-0374",
    "layer": "BUILDING_FOOTPRINT",
    "building_type": "0804",
    "building_type_name_zh": "科研教学",
    "source_type": "agent_generated_design",
    "confidence": "low",
    "geometry_role": "design_proposal",
    "area_sqm": 6691.6,
    "note": "概念体量，非法定建筑面积；待正式控规与现状权属核验后复算。"
   },
   "geometry": {
    "type": "Polygon",
    "coordinates": [
     [
      [
       116.34947999999997,
       39.99161999999988
      ],
      [
       116.35031999999997,
       39.99161999999988
      ],
      [
       116.35031999999997,
       39.99077999999988
      ],
      [
       116.34947999999997,
       39.99077999999988
      ],
      [
       116.34947999999997,
       39.99161999999988
      ]
     ]
    ]
   }
  },
  {
   "type": "Feature",
   "id": "B-0375",
   "properties": {
    "id": "B-0375",
    "layer": "BUILDING_FOOTPRINT",
    "building_type": "0804",
    "building_type_name_zh": "科研教学",
    "source_type": "agent_generated_design",
    "confidence": "low",
    "geometry_role": "design_proposal",
    "area_sqm": 6691.5,
    "note": "概念体量，非法定建筑面积；待正式控规与现状权属核验后复算。"
   },
   "geometry": {
    "type": "Polygon",
    "coordinates": [
     [
      [
       116.34947999999997,
       39.992819999999874
      ],
      [
       116.35031999999997,
       39.992819999999874
      ],
      [
       116.35031999999997,
       39.99197999999988
      ],
      [
       116.34947999999997,
       39.99197999999988
      ],
      [
       116.34947999999997,
       39.992819999999874
      ]
     ]
    ]
   }
  },
  {
   "type": "Feature",
   "id": "B-0376",
   "properties": {
    "id": "B-0376",
    "layer": "BUILDING_FOOTPRINT",
    "building_type": "0701",
    "building_type_name_zh": "人才公寓",
    "source_type": "agent_generated_design",
    "confidence": "low",
    "geometry_role": "design_proposal",
    "area_sqm": 6691.4,
    "note": "概念体量，非法定建筑面积；待正式控规与现状权属核验后复算。"
   },
   "geometry": {
    "type": "Polygon",
    "coordinates": [
     [
      [
       116.34947999999997,
       39.99401999999987
      ],
      [
       116.35031999999997,
       39.99401999999987
      ],
      [
       116.35031999999997,
       39.993179999999874
      ],
      [
       116.34947999999997,
       39.993179999999874
      ],
      [
       116.34947999999997,
       39.99401999999987
      ]
     ]
    ]
   }
  },
  {
   "type": "Feature",
   "id": "B-0377",
   "properties": {
    "id": "B-0377",
    "layer": "BUILDING_FOOTPRINT",
    "building_type": "0701",
    "building_type_name_zh": "人才公寓",
    "source_type": "agent_generated_design",
    "confidence": "low",
    "geometry_role": "design_proposal",
    "area_sqm": 6691.3,
    "note": "概念体量，非法定建筑面积；待正式控规与现状权属核验后复算。"
   },
   "geometry": {
    "type": "Polygon",
    "coordinates": [
     [
      [
       116.34947999999997,
       39.99521999999987
      ],
      [
       116.35031999999997,
       39.99521999999987
      ],
      [
       116.35031999999997,
       39.99437999999987
      ],
      [
       116.34947999999997,
       39.99437999999987
      ],
      [
       116.34947999999997,
       39.99521999999987
      ]
     ]
    ]
   }
  },
  {
   "type": "Feature",
   "id": "B-0378",
   "properties": {
    "id": "B-0378",
    "layer": "BUILDING_FOOTPRINT",
    "building_type": "0901",
    "building_type_name_zh": "智能商业",
    "source_type": "agent_generated_design",
    "confidence": "low",
    "geometry_role": "design_proposal",
    "area_sqm": 6691.2,
    "note": "概念体量，非法定建筑面积；待正式控规与现状权属核验后复算。"
   },
   "geometry": {
    "type": "Polygon",
    "coordinates": [
     [
      [
       116.34947999999997,
       39.996419999999866
      ],
      [
       116.35031999999997,
       39.996419999999866
      ],
      [
       116.35031999999997,
       39.99557999999987
      ],
      [
       116.34947999999997,
       39.99557999999987
      ],
      [
       116.34947999999997,
       39.996419999999866
      ]
     ]
    ]
   }
  },
  {
   "type": "Feature",
   "id": "B-0379",
   "properties": {
    "id": "B-0379",
    "layer": "BUILDING_FOOTPRINT",
    "building_type": "0801",
    "building_type_name_zh": "创新服务机构",
    "source_type": "agent_generated_design",
    "confidence": "low",
    "geometry_role": "design_proposal",
    "area_sqm": 6691.0,
    "note": "概念体量，非法定建筑面积；待正式控规与现状权属核验后复算。"
   },
   "geometry": {
    "type": "Polygon",
    "coordinates": [
     [
      [
       116.34947999999997,
       39.99761999999986
      ],
      [
       116.35031999999997,
       39.99761999999986
      ],
      [
       116.35031999999997,
       39.996779999999866
      ],
      [
       116.34947999999997,
       39.996779999999866
      ],
      [
       116.34947999999997,
       39.99761999999986
      ]
     ]
    ]
   }
  },
  {
   "type": "Feature",
   "id": "B-0380",
   "properties": {
    "id": "B-0380",
    "layer": "BUILDING_FOOTPRINT",
    "building_type": "0701",
    "building_type_name_zh": "人才公寓",
    "source_type": "agent_generated_design",
    "confidence": "low",
    "geometry_role": "design_proposal",
    "area_sqm": 6690.9,
    "note": "概念体量，非法定建筑面积；待正式控规与现状权属核验后复算。"
   },
   "geometry": {
    "type": "Polygon",
    "coordinates": [
     [
      [
       116.34947999999997,
       39.99881999999986
      ],
      [
       116.35031999999997,
       39.99881999999986
      ],
      [
       116.35031999999997,
       39.99797999999986
      ],
      [
       116.34947999999997,
       39.99797999999986
      ],
      [
       116.34947999999997,
       39.99881999999986
      ]
     ]
    ]
   }
  },
  {
   "type": "Feature",
   "id": "B-0381",
   "properties": {
    "id": "B-0381",
    "layer": "BUILDING_FOOTPRINT",
    "building_type": "0701",
    "building_type_name_zh": "人才公寓",
    "source_type": "agent_generated_design",
    "confidence": "low",
    "geometry_role": "design_proposal",
    "area_sqm": 6690.7,
    "note": "概念体量，非法定建筑面积；待正式控规与现状权属核验后复算。"
   },
   "geometry": {
    "type": "Polygon",
    "coordinates": [
     [
      [
       116.34947999999997,
       40.001219999999854
      ],
      [
       116.35031999999997,
       40.001219999999854
      ],
      [
       116.35031999999997,
       40.00037999999986
      ],
      [
       116.34947999999997,
       40.00037999999986
      ],
      [
       116.34947999999997,
       40.001219999999854
      ]
     ]
    ]
   }
  },
  {
   "type": "Feature",
   "id": "B-0382",
   "properties": {
    "id": "B-0382",
    "layer": "BUILDING_FOOTPRINT",
    "building_type": "0901",
    "building_type_name_zh": "智能商业",
    "source_type": "agent_generated_design",
    "confidence": "low",
    "geometry_role": "design_proposal",
    "area_sqm": 6690.6,
    "note": "概念体量，非法定建筑面积；待正式控规与现状权属核验后复算。"
   },
   "geometry": {
    "type": "Polygon",
    "coordinates": [
     [
      [
       116.34947999999997,
       40.00241999999985
      ],
      [
       116.35031999999997,
       40.00241999999985
      ],
      [
       116.35031999999997,
       40.001579999999855
      ],
      [
       116.34947999999997,
       40.001579999999855
      ],
      [
       116.34947999999997,
       40.00241999999985
      ]
     ]
    ]
   }
  },
  {
   "type": "Feature",
   "id": "B-0383",
   "properties": {
    "id": "B-0383",
    "layer": "BUILDING_FOOTPRINT",
    "building_type": "0701",
    "building_type_name_zh": "人才公寓",
    "source_type": "agent_generated_design",
    "confidence": "low",
    "geometry_role": "design_proposal",
    "area_sqm": 6690.4,
    "note": "概念体量，非法定建筑面积；待正式控规与现状权属核验后复算。"
   },
   "geometry": {
    "type": "Polygon",
    "coordinates": [
     [
      [
       116.34947999999997,
       40.004819999999846
      ],
      [
       116.35031999999997,
       40.004819999999846
      ],
      [
       116.35031999999997,
       40.00397999999985
      ],
      [
       116.34947999999997,
       40.00397999999985
      ],
      [
       116.34947999999997,
       40.004819999999846
      ]
     ]
    ]
   }
  },
  {
   "type": "Feature",
   "id": "B-0384",
   "properties": {
    "id": "B-0384",
    "layer": "BUILDING_FOOTPRINT",
    "building_type": "0801",
    "building_type_name_zh": "创新服务机构",
    "source_type": "agent_generated_design",
    "confidence": "low",
    "geometry_role": "design_proposal",
    "area_sqm": 6690.2,
    "note": "概念体量，非法定建筑面积；待正式控规与现状权属核验后复算。"
   },
   "geometry": {
    "type": "Polygon",
    "coordinates": [
     [
      [
       116.34947999999997,
       40.00601999999984
      ],
      [
       116.35031999999997,
       40.00601999999984
      ],
      [
       116.35031999999997,
       40.00517999999985
      ],
      [
       116.34947999999997,
       40.00517999999985
      ],
      [
       116.34947999999997,
       40.00601999999984
      ]
     ]
    ]
   }
  },
  {
   "type": "Feature",
   "id": "B-0385",
   "properties": {
    "id": "B-0385",
    "layer": "BUILDING_FOOTPRINT",
    "building_type": "0701",
    "building_type_name_zh": "人才公寓",
    "source_type": "agent_generated_design",
    "confidence": "low",
    "geometry_role": "design_proposal",
    "area_sqm": 6690.1,
    "note": "概念体量，非法定建筑面积；待正式控规与现状权属核验后复算。"
   },
   "geometry": {
    "type": "Polygon",
    "coordinates": [
     [
      [
       116.34947999999997,
       40.00721999999984
      ],
      [
       116.35031999999997,
       40.00721999999984
      ],
      [
       116.35031999999997,
       40.006379999999844
      ],
      [
       116.34947999999997,
       40.006379999999844
      ],
      [
       116.34947999999997,
       40.00721999999984
      ]
     ]
    ]
   }
  },
  {
   "type": "Feature",
   "id": "B-0386",
   "properties": {
    "id": "B-0386",
    "layer": "BUILDING_FOOTPRINT",
    "building_type": "1001",
    "building_type_name_zh": "AI 研发厂房",
    "source_type": "agent_generated_design",
    "confidence": "low",
    "geometry_role": "design_proposal",
    "area_sqm": 6690.0,
    "note": "概念体量，非法定建筑面积；待正式控规与现状权属核验后复算。"
   },
   "geometry": {
    "type": "Polygon",
    "coordinates": [
     [
      [
       116.34947999999997,
       40.00841999999984
      ],
      [
       116.35031999999997,
       40.00841999999984
      ],
      [
       116.35031999999997,
       40.00757999999984
      ],
      [
       116.34947999999997,
       40.00757999999984
      ],
      [
       116.34947999999997,
       40.00841999999984
      ]
     ]
    ]
   }
  },
  {
   "type": "Feature",
   "id": "B-0387",
   "properties": {
    "id": "B-0387",
    "layer": "BUILDING_FOOTPRINT",
    "building_type": "1001",
    "building_type_name_zh": "AI 研发厂房",
    "source_type": "agent_generated_design",
    "confidence": "low",
    "geometry_role": "design_proposal",
    "area_sqm": 6689.9,
    "note": "概念体量，非法定建筑面积；待正式控规与现状权属核验后复算。"
   },
   "geometry": {
    "type": "Polygon",
    "coordinates": [
     [
      [
       116.34947999999997,
       40.009619999999835
      ],
      [
       116.35031999999997,
       40.009619999999835
      ],
      [
       116.35031999999997,
       40.00877999999984
      ],
      [
       116.34947999999997,
       40.00877999999984
      ],
      [
       116.34947999999997,
       40.009619999999835
      ]
     ]
    ]
   }
  },
  {
   "type": "Feature",
   "id": "B-0388",
   "properties": {
    "id": "B-0388",
    "layer": "BUILDING_FOOTPRINT",
    "building_type": "1001",
    "building_type_name_zh": "AI 研发厂房",
    "source_type": "agent_generated_design",
    "confidence": "low",
    "geometry_role": "design_proposal",
    "area_sqm": 6689.8,
    "note": "概念体量，非法定建筑面积；待正式控规与现状权属核验后复算。"
   },
   "geometry": {
    "type": "Polygon",
    "coordinates": [
     [
      [
       116.34947999999997,
       40.01081999999983
      ],
      [
       116.35031999999997,
       40.01081999999983
      ],
      [
       116.35031999999997,
       40.009979999999835
      ],
      [
       116.34947999999997,
       40.009979999999835
      ],
      [
       116.34947999999997,
       40.01081999999983
      ]
     ]
    ]
   }
  },
  {
   "type": "Feature",
   "id": "B-0389",
   "properties": {
    "id": "B-0389",
    "layer": "BUILDING_FOOTPRINT",
    "building_type": "1001",
    "building_type_name_zh": "AI 研发厂房",
    "source_type": "agent_generated_design",
    "confidence": "low",
    "geometry_role": "design_proposal",
    "area_sqm": 6689.7,
    "note": "概念体量，非法定建筑面积；待正式控规与现状权属核验后复算。"
   },
   "geometry": {
    "type": "Polygon",
    "coordinates": [
     [
      [
       116.34947999999997,
       40.01201999999983
      ],
      [
       116.35031999999997,
       40.01201999999983
      ],
      [
       116.35031999999997,
       40.01117999999983
      ],
      [
       116.34947999999997,
       40.01117999999983
      ],
      [
       116.34947999999997,
       40.01201999999983
      ]
     ]
    ]
   }
  },
  {
   "type": "Feature",
   "id": "B-0390",
   "properties": {
    "id": "B-0390",
    "layer": "BUILDING_FOOTPRINT",
    "building_type": "1001",
    "building_type_name_zh": "AI 研发厂房",
    "source_type": "agent_generated_design",
    "confidence": "low",
    "geometry_role": "design_proposal",
    "area_sqm": 6689.5,
    "note": "概念体量，非法定建筑面积；待正式控规与现状权属核验后复算。"
   },
   "geometry": {
    "type": "Polygon",
    "coordinates": [
     [
      [
       116.34947999999997,
       40.013219999999826
      ],
      [
       116.35031999999997,
       40.013219999999826
      ],
      [
       116.35031999999997,
       40.01237999999983
      ],
      [
       116.34947999999997,
       40.01237999999983
      ],
      [
       116.34947999999997,
       40.013219999999826
      ]
     ]
    ]
   }
  },
  {
   "type": "Feature",
   "id": "B-0391",
   "properties": {
    "id": "B-0391",
    "layer": "BUILDING_FOOTPRINT",
    "building_type": "1001",
    "building_type_name_zh": "AI 研发厂房",
    "source_type": "agent_generated_design",
    "confidence": "low",
    "geometry_role": "design_proposal",
    "area_sqm": 6689.4,
    "note": "概念体量，非法定建筑面积；待正式控规与现状权属核验后复算。"
   },
   "geometry": {
    "type": "Polygon",
    "coordinates": [
     [
      [
       116.34947999999997,
       40.014419999999824
      ],
      [
       116.35031999999997,
       40.014419999999824
      ],
      [
       116.35031999999997,
       40.01357999999983
      ],
      [
       116.34947999999997,
       40.01357999999983
      ],
      [
       116.34947999999997,
       40.014419999999824
      ]
     ]
    ]
   }
  },
  {
   "type": "Feature",
   "id": "B-0392",
   "properties": {
    "id": "B-0392",
    "layer": "BUILDING_FOOTPRINT",
    "building_type": "1001",
    "building_type_name_zh": "AI 研发厂房",
    "source_type": "agent_generated_design",
    "confidence": "low",
    "geometry_role": "design_proposal",
    "area_sqm": 6689.3,
    "note": "概念体量，非法定建筑面积；待正式控规与现状权属核验后复算。"
   },
   "geometry": {
    "type": "Polygon",
    "coordinates": [
     [
      [
       116.34947999999997,
       40.01561999999982
      ],
      [
       116.35031999999997,
       40.01561999999982
      ],
      [
       116.35031999999997,
       40.014779999999824
      ],
      [
       116.34947999999997,
       40.014779999999824
      ],
      [
       116.34947999999997,
       40.01561999999982
      ]
     ]
    ]
   }
  },
  {
   "type": "Feature",
   "id": "B-0393",
   "properties": {
    "id": "B-0393",
    "layer": "BUILDING_FOOTPRINT",
    "building_type": "1001",
    "building_type_name_zh": "AI 研发厂房",
    "source_type": "agent_generated_design",
    "confidence": "low",
    "geometry_role": "design_proposal",
    "area_sqm": 6689.2,
    "note": "概念体量，非法定建筑面积；待正式控规与现状权属核验后复算。"
   },
   "geometry": {
    "type": "Polygon",
    "coordinates": [
     [
      [
       116.34947999999997,
       40.01681999999982
      ],
      [
       116.35031999999997,
       40.01681999999982
      ],
      [
       116.35031999999997,
       40.01597999999982
      ],
      [
       116.34947999999997,
       40.01597999999982
      ],
      [
       116.34947999999997,
       40.01681999999982
      ]
     ]
    ]
   }
  },
  {
   "type": "Feature",
   "id": "B-0394",
   "properties": {
    "id": "B-0394",
    "layer": "BUILDING_FOOTPRINT",
    "building_type": "1001",
    "building_type_name_zh": "AI 研发厂房",
    "source_type": "agent_generated_design",
    "confidence": "low",
    "geometry_role": "design_proposal",
    "area_sqm": 6689.1,
    "note": "概念体量，非法定建筑面积；待正式控规与现状权属核验后复算。"
   },
   "geometry": {
    "type": "Polygon",
    "coordinates": [
     [
      [
       116.34947999999997,
       40.018019999999815
      ],
      [
       116.35031999999997,
       40.018019999999815
      ],
      [
       116.35031999999997,
       40.01717999999982
      ],
      [
       116.34947999999997,
       40.01717999999982
      ],
      [
       116.34947999999997,
       40.018019999999815
      ]
     ]
    ]
   }
  },
  {
   "type": "Feature",
   "id": "B-0395",
   "properties": {
    "id": "B-0395",
    "layer": "BUILDING_FOOTPRINT",
    "building_type": "1001",
    "building_type_name_zh": "AI 研发厂房",
    "source_type": "agent_generated_design",
    "confidence": "low",
    "geometry_role": "design_proposal",
    "area_sqm": 6689.0,
    "note": "概念体量，非法定建筑面积；待正式控规与现状权属核验后复算。"
   },
   "geometry": {
    "type": "Polygon",
    "coordinates": [
     [
      [
       116.34947999999997,
       40.01921999999981
      ],
      [
       116.35031999999997,
       40.01921999999981
      ],
      [
       116.35031999999997,
       40.018379999999816
      ],
      [
       116.34947999999997,
       40.018379999999816
      ],
      [
       116.34947999999997,
       40.01921999999981
      ]
     ]
    ]
   }
  },
  {
   "type": "Feature",
   "id": "B-0396",
   "properties": {
    "id": "B-0396",
    "layer": "BUILDING_FOOTPRINT",
    "building_type": "1001",
    "building_type_name_zh": "AI 研发厂房",
    "source_type": "agent_generated_design",
    "confidence": "low",
    "geometry_role": "design_proposal",
    "area_sqm": 6688.8,
    "note": "概念体量，非法定建筑面积；待正式控规与现状权属核验后复算。"
   },
   "geometry": {
    "type": "Polygon",
    "coordinates": [
     [
      [
       116.34947999999997,
       40.02041999999981
      ],
      [
       116.35031999999997,
       40.02041999999981
      ],
      [
       116.35031999999997,
       40.01957999999981
      ],
      [
       116.34947999999997,
       40.01957999999981
      ],
      [
       116.34947999999997,
       40.02041999999981
      ]
     ]
    ]
   }
  },
  {
   "type": "Feature",
   "id": "B-0397",
   "properties": {
    "id": "B-0397",
    "layer": "BUILDING_FOOTPRINT",
    "building_type": "1001",
    "building_type_name_zh": "AI 研发厂房",
    "source_type": "agent_generated_design",
    "confidence": "low",
    "geometry_role": "design_proposal",
    "area_sqm": 6688.7,
    "note": "概念体量，非法定建筑面积；待正式控规与现状权属核验后复算。"
   },
   "geometry": {
    "type": "Polygon",
    "coordinates": [
     [
      [
       116.34947999999997,
       40.02161999999981
      ],
      [
       116.35031999999997,
       40.02161999999981
      ],
      [
       116.35031999999997,
       40.02077999999981
      ],
      [
       116.34947999999997,
       40.02077999999981
      ],
      [
       116.34947999999997,
       40.02161999999981
      ]
     ]
    ]
   }
  },
  {
   "type": "Feature",
   "id": "B-0398",
   "properties": {
    "id": "B-0398",
    "layer": "BUILDING_FOOTPRINT",
    "building_type": "1001",
    "building_type_name_zh": "AI 研发厂房",
    "source_type": "agent_generated_design",
    "confidence": "low",
    "geometry_role": "design_proposal",
    "area_sqm": 6688.6,
    "note": "概念体量，非法定建筑面积；待正式控规与现状权属核验后复算。"
   },
   "geometry": {
    "type": "Polygon",
    "coordinates": [
     [
      [
       116.34947999999997,
       40.022819999999804
      ],
      [
       116.35031999999997,
       40.022819999999804
      ],
      [
       116.35031999999997,
       40.02197999999981
      ],
      [
       116.34947999999997,
       40.02197999999981
      ],
      [
       116.34947999999997,
       40.022819999999804
      ]
     ]
    ]
   }
  },
  {
   "type": "Feature",
   "id": "B-0399",
   "properties": {
    "id": "B-0399",
    "layer": "BUILDING_FOOTPRINT",
    "building_type": "1001",
    "building_type_name_zh": "AI 研发厂房",
    "source_type": "agent_generated_design",
    "confidence": "low",
    "geometry_role": "design_proposal",
    "area_sqm": 6688.5,
    "note": "概念体量，非法定建筑面积；待正式控规与现状权属核验后复算。"
   },
   "geometry": {
    "type": "Polygon",
    "coordinates": [
     [
      [
       116.34947999999997,
       40.0240199999998
      ],
      [
       116.35031999999997,
       40.0240199999998
      ],
      [
       116.35031999999997,
       40.023179999999805
      ],
      [
       116.34947999999997,
       40.023179999999805
      ],
      [
       116.34947999999997,
       40.0240199999998
      ]
     ]
    ]
   }
  },
  {
   "type": "Feature",
   "id": "B-0400",
   "properties": {
    "id": "B-0400",
    "layer": "BUILDING_FOOTPRINT",
    "building_type": "1001",
    "building_type_name_zh": "AI 研发厂房",
    "source_type": "agent_generated_design",
    "confidence": "low",
    "geometry_role": "design_proposal",
    "area_sqm": 6688.4,
    "note": "概念体量，非法定建筑面积；待正式控规与现状权属核验后复算。"
   },
   "geometry": {
    "type": "Polygon",
    "coordinates": [
     [
      [
       116.34947999999997,
       40.0252199999998
      ],
      [
       116.35031999999997,
       40.0252199999998
      ],
      [
       116.35031999999997,
       40.0243799999998
      ],
      [
       116.34947999999997,
       40.0243799999998
      ],
      [
       116.34947999999997,
       40.0252199999998
      ]
     ]
    ]
   }
  },
  {
   "type": "Feature",
   "id": "B-0401",
   "properties": {
    "id": "B-0401",
    "layer": "BUILDING_FOOTPRINT",
    "building_type": "1001",
    "building_type_name_zh": "AI 研发厂房",
    "source_type": "agent_generated_design",
    "confidence": "low",
    "geometry_role": "design_proposal",
    "area_sqm": 5892.1,
    "note": "概念体量，非法定建筑面积；待正式控规与现状权属核验后复算。"
   },
   "geometry": {
    "type": "Polygon",
    "coordinates": [
     [
      [
       116.35031999999997,
       40.0255799999998
      ],
      [
       116.34947999999997,
       40.0255799999998
      ],
      [
       116.34947999999997,
       40.02632
      ],
      [
       116.35031999999997,
       40.02632
      ],
      [
       116.35031999999997,
       40.0255799999998
      ]
     ]
    ]
   }
  },
  {
   "type": "Feature",
   "id": "B-0402",
   "properties": {
    "id": "B-0402",
    "layer": "BUILDING_FOOTPRINT",
    "building_type": "0901",
    "building_type_name_zh": "智能商业",
    "source_type": "agent_generated_design",
    "confidence": "low",
    "geometry_role": "design_proposal",
    "area_sqm": 6696.5,
    "note": "概念体量，非法定建筑面积；待正式控规与现状权属核验后复算。"
   },
   "geometry": {
    "type": "Polygon",
    "coordinates": [
     [
      [
       116.35067999999997,
       39.941219999999994
      ],
      [
       116.35151999999997,
       39.941219999999994
      ],
      [
       116.35151999999997,
       39.94038
      ],
      [
       116.35067999999997,
       39.94038
      ],
      [
       116.35067999999997,
       39.941219999999994
      ]
     ]
    ]
   }
  },
  {
   "type": "Feature",
   "id": "B-0403",
   "properties": {
    "id": "B-0403",
    "layer": "BUILDING_FOOTPRINT",
    "building_type": "0701",
    "building_type_name_zh": "人才公寓",
    "source_type": "agent_generated_design",
    "confidence": "low",
    "geometry_role": "design_proposal",
    "area_sqm": 6696.4,
    "note": "概念体量，非法定建筑面积；待正式控规与现状权属核验后复算。"
   },
   "geometry": {
    "type": "Polygon",
    "coordinates": [
     [
      [
       116.35067999999997,
       39.94241999999999
      ],
      [
       116.35151999999997,
       39.94241999999999
      ],
      [
       116.35151999999997,
       39.941579999999995
      ],
      [
       116.35067999999997,
       39.941579999999995
      ],
      [
       116.35067999999997,
       39.94241999999999
      ]
     ]
    ]
   }
  },
  {
   "type": "Feature",
   "id": "B-0404",
   "properties": {
    "id": "B-0404",
    "layer": "BUILDING_FOOTPRINT",
    "building_type": "0902",
    "building_type_name_zh": "AI 企业总部",
    "source_type": "agent_generated_design",
    "confidence": "low",
    "geometry_role": "design_proposal",
    "area_sqm": 6696.1,
    "note": "概念体量，非法定建筑面积；待正式控规与现状权属核验后复算。"
   },
   "geometry": {
    "type": "Polygon",
    "coordinates": [
     [
      [
       116.35067999999997,
       39.944819999999986
      ],
      [
       116.35151999999997,
       39.944819999999986
      ],
      [
       116.35151999999997,
       39.94397999999999
      ],
      [
       116.35067999999997,
       39.94397999999999
      ],
      [
       116.35067999999997,
       39.944819999999986
      ]
     ]
    ]
   }
  },
  {
   "type": "Feature",
   "id": "B-0405",
   "properties": {
    "id": "B-0405",
    "layer": "BUILDING_FOOTPRINT",
    "building_type": "0902",
    "building_type_name_zh": "AI 企业总部",
    "source_type": "agent_generated_design",
    "confidence": "low",
    "geometry_role": "design_proposal",
    "area_sqm": 6696.0,
    "note": "概念体量，非法定建筑面积；待正式控规与现状权属核验后复算。"
   },
   "geometry": {
    "type": "Polygon",
    "coordinates": [
     [
      [
       116.35067999999997,
       39.94601999999998
      ],
      [
       116.35151999999997,
       39.94601999999998
      ],
      [
       116.35151999999997,
       39.945179999999986
      ],
      [
       116.35067999999997,
       39.945179999999986
      ],
      [
       116.35067999999997,
       39.94601999999998
      ]
     ]
    ]
   }
  },
  {
   "type": "Feature",
   "id": "B-0406",
   "properties": {
    "id": "B-0406",
    "layer": "BUILDING_FOOTPRINT",
    "building_type": "0902",
    "building_type_name_zh": "AI 企业总部",
    "source_type": "agent_generated_design",
    "confidence": "low",
    "geometry_role": "design_proposal",
    "area_sqm": 6695.9,
    "note": "概念体量，非法定建筑面积；待正式控规与现状权属核验后复算。"
   },
   "geometry": {
    "type": "Polygon",
    "coordinates": [
     [
      [
       116.35067999999997,
       39.94721999999998
      ],
      [
       116.35151999999997,
       39.94721999999998
      ],
      [
       116.35151999999997,
       39.946379999999984
      ],
      [
       116.35067999999997,
       39.946379999999984
      ],
      [
       116.35067999999997,
       39.94721999999998
      ]
     ]
    ]
   }
  },
  {
   "type": "Feature",
   "id": "B-0407",
   "properties": {
    "id": "B-0407",
    "layer": "BUILDING_FOOTPRINT",
    "building_type": "0902",
    "building_type_name_zh": "AI 企业总部",
    "source_type": "agent_generated_design",
    "confidence": "low",
    "geometry_role": "design_proposal",
    "area_sqm": 6695.8,
    "note": "概念体量，非法定建筑面积；待正式控规与现状权属核验后复算。"
   },
   "geometry": {
    "type": "Polygon",
    "coordinates": [
     [
      [
       116.35067999999997,
       39.94841999999998
      ],
      [
       116.35151999999997,
       39.94841999999998
      ],
      [
       116.35151999999997,
       39.94757999999998
      ],
      [
       116.35067999999997,
       39.94757999999998
      ],
      [
       116.35067999999997,
       39.94841999999998
      ]
     ]
    ]
   }
  },
  {
   "type": "Feature",
   "id": "B-0408",
   "properties": {
    "id": "B-0408",
    "layer": "BUILDING_FOOTPRINT",
    "building_type": "0902",
    "building_type_name_zh": "AI 企业总部",
    "source_type": "agent_generated_design",
    "confidence": "low",
    "geometry_role": "design_proposal",
    "area_sqm": 6695.7,
    "note": "概念体量，非法定建筑面积；待正式控规与现状权属核验后复算。"
   },
   "geometry": {
    "type": "Polygon",
    "coordinates": [
     [
      [
       116.35067999999997,
       39.949619999999975
      ],
      [
       116.35151999999997,
       39.949619999999975
      ],
      [
       116.35151999999997,
       39.94877999999998
      ],
      [
       116.35067999999997,
       39.94877999999998
      ],
      [
       116.35067999999997,
       39.949619999999975
      ]
     ]
    ]
   }
  },
  {
   "type": "Feature",
   "id": "B-0409",
   "properties": {
    "id": "B-0409",
    "layer": "BUILDING_FOOTPRINT",
    "building_type": "0701",
    "building_type_name_zh": "人才公寓",
    "source_type": "agent_generated_design",
    "confidence": "low",
    "geometry_role": "design_proposal",
    "area_sqm": 6695.6,
    "note": "概念体量，非法定建筑面积；待正式控规与现状权属核验后复算。"
   },
   "geometry": {
    "type": "Polygon",
    "coordinates": [
     [
      [
       116.35067999999997,
       39.95081999999997
      ],
      [
       116.35151999999997,
       39.95081999999997
      ],
      [
       116.35151999999997,
       39.949979999999975
      ],
      [
       116.35067999999997,
       39.949979999999975
      ],
      [
       116.35067999999997,
       39.95081999999997
      ]
     ]
    ]
   }
  },
  {
   "type": "Feature",
   "id": "B-0410",
   "properties": {
    "id": "B-0410",
    "layer": "BUILDING_FOOTPRINT",
    "building_type": "0901",
    "building_type_name_zh": "智能商业",
    "source_type": "agent_generated_design",
    "confidence": "low",
    "geometry_role": "design_proposal",
    "area_sqm": 6695.3,
    "note": "概念体量，非法定建筑面积；待正式控规与现状权属核验后复算。"
   },
   "geometry": {
    "type": "Polygon",
    "coordinates": [
     [
      [
       116.35067999999997,
       39.953219999999966
      ],
      [
       116.35151999999997,
       39.953219999999966
      ],
      [
       116.35151999999997,
       39.95237999999997
      ],
      [
       116.35067999999997,
       39.95237999999997
      ],
      [
       116.35067999999997,
       39.953219999999966
      ]
     ]
    ]
   }
  },
  {
   "type": "Feature",
   "id": "B-0411",
   "properties": {
    "id": "B-0411",
    "layer": "BUILDING_FOOTPRINT",
    "building_type": "0801",
    "building_type_name_zh": "创新服务机构",
    "source_type": "agent_generated_design",
    "confidence": "low",
    "geometry_role": "design_proposal",
    "area_sqm": 6695.2,
    "note": "概念体量，非法定建筑面积；待正式控规与现状权属核验后复算。"
   },
   "geometry": {
    "type": "Polygon",
    "coordinates": [
     [
      [
       116.35067999999997,
       39.95441999999996
      ],
      [
       116.35151999999997,
       39.95441999999996
      ],
      [
       116.35151999999997,
       39.95357999999997
      ],
      [
       116.35067999999997,
       39.95357999999997
      ],
      [
       116.35067999999997,
       39.95441999999996
      ]
     ]
    ]
   }
  },
  {
   "type": "Feature",
   "id": "B-0412",
   "properties": {
    "id": "B-0412",
    "layer": "BUILDING_FOOTPRINT",
    "building_type": "0701",
    "building_type_name_zh": "人才公寓",
    "source_type": "agent_generated_design",
    "confidence": "low",
    "geometry_role": "design_proposal",
    "area_sqm": 6695.0,
    "note": "概念体量，非法定建筑面积；待正式控规与现状权属核验后复算。"
   },
   "geometry": {
    "type": "Polygon",
    "coordinates": [
     [
      [
       116.35067999999997,
       39.95681999999996
      ],
      [
       116.35151999999997,
       39.95681999999996
      ],
      [
       116.35151999999997,
       39.95597999999996
      ],
      [
       116.35067999999997,
       39.95597999999996
      ],
      [
       116.35067999999997,
       39.95681999999996
      ]
     ]
    ]
   }
  },
  {
   "type": "Feature",
   "id": "B-0413",
   "properties": {
    "id": "B-0413",
    "layer": "BUILDING_FOOTPRINT",
    "building_type": "0901",
    "building_type_name_zh": "智能商业",
    "source_type": "agent_generated_design",
    "confidence": "low",
    "geometry_role": "design_proposal",
    "area_sqm": 6694.7,
    "note": "概念体量，非法定建筑面积；待正式控规与现状权属核验后复算。"
   },
   "geometry": {
    "type": "Polygon",
    "coordinates": [
     [
      [
       116.35067999999997,
       39.95921999999995
      ],
      [
       116.35151999999997,
       39.95921999999995
      ],
      [
       116.35151999999997,
       39.958379999999956
      ],
      [
       116.35067999999997,
       39.958379999999956
      ],
      [
       116.35067999999997,
       39.95921999999995
      ]
     ]
    ]
   }
  },
  {
   "type": "Feature",
   "id": "B-0414",
   "properties": {
    "id": "B-0414",
    "layer": "BUILDING_FOOTPRINT",
    "building_type": "0701",
    "building_type_name_zh": "人才公寓",
    "source_type": "agent_generated_design",
    "confidence": "low",
    "geometry_role": "design_proposal",
    "area_sqm": 6694.6,
    "note": "概念体量，非法定建筑面积；待正式控规与现状权属核验后复算。"
   },
   "geometry": {
    "type": "Polygon",
    "coordinates": [
     [
      [
       116.35067999999997,
       39.96041999999995
      ],
      [
       116.35151999999997,
       39.96041999999995
      ],
      [
       116.35151999999997,
       39.95957999999995
      ],
      [
       116.35067999999997,
       39.95957999999995
      ],
      [
       116.35067999999997,
       39.96041999999995
      ]
     ]
    ]
   }
  },
  {
   "type": "Feature",
   "id": "B-0415",
   "properties": {
    "id": "B-0415",
    "layer": "BUILDING_FOOTPRINT",
    "building_type": "0701",
    "building_type_name_zh": "人才公寓",
    "source_type": "agent_generated_design",
    "confidence": "low",
    "geometry_role": "design_proposal",
    "area_sqm": 6693.2,
    "note": "概念体量，非法定建筑面积；待正式控规与现状权属核验后复算。"
   },
   "geometry": {
    "type": "Polygon",
    "coordinates": [
     [
      [
       116.35067999999997,
       39.974819999999916
      ],
      [
       116.35151999999997,
       39.974819999999916
      ],
      [
       116.35151999999997,
       39.97397999999992
      ],
      [
       116.35067999999997,
       39.97397999999992
      ],
      [
       116.35067999999997,
       39.974819999999916
      ]
     ]
    ]
   }
  },
  {
   "type": "Feature",
   "id": "B-0416",
   "properties": {
    "id": "B-0416",
    "layer": "BUILDING_FOOTPRINT",
    "building_type": "0901",
    "building_type_name_zh": "智能商业",
    "source_type": "agent_generated_design",
    "confidence": "low",
    "geometry_role": "design_proposal",
    "area_sqm": 6693.0,
    "note": "概念体量，非法定建筑面积；待正式控规与现状权属核验后复算。"
   },
   "geometry": {
    "type": "Polygon",
    "coordinates": [
     [
      [
       116.35067999999997,
       39.97721999999991
      ],
      [
       116.35151999999997,
       39.97721999999991
      ],
      [
       116.35151999999997,
       39.976379999999914
      ],
      [
       116.35067999999997,
       39.976379999999914
      ],
      [
       116.35067999999997,
       39.97721999999991
      ]
     ]
    ]
   }
  },
  {
   "type": "Feature",
   "id": "B-0417",
   "properties": {
    "id": "B-0417",
    "layer": "BUILDING_FOOTPRINT",
    "building_type": "0701",
    "building_type_name_zh": "人才公寓",
    "source_type": "agent_generated_design",
    "confidence": "low",
    "geometry_role": "design_proposal",
    "area_sqm": 6692.9,
    "note": "概念体量，非法定建筑面积；待正式控规与现状权属核验后复算。"
   },
   "geometry": {
    "type": "Polygon",
    "coordinates": [
     [
      [
       116.35067999999997,
       39.97841999999991
      ],
      [
       116.35151999999997,
       39.97841999999991
      ],
      [
       116.35151999999997,
       39.97757999999991
      ],
      [
       116.35067999999997,
       39.97757999999991
      ],
      [
       116.35067999999997,
       39.97841999999991
      ]
     ]
    ]
   }
  },
  {
   "type": "Feature",
   "id": "B-0418",
   "properties": {
    "id": "B-0418",
    "layer": "BUILDING_FOOTPRINT",
    "building_type": "0701",
    "building_type_name_zh": "人才公寓",
    "source_type": "agent_generated_design",
    "confidence": "low",
    "geometry_role": "design_proposal",
    "area_sqm": 6692.7,
    "note": "概念体量，非法定建筑面积；待正式控规与现状权属核验后复算。"
   },
   "geometry": {
    "type": "Polygon",
    "coordinates": [
     [
      [
       116.35067999999997,
       39.9808199999999
      ],
      [
       116.35151999999997,
       39.9808199999999
      ],
      [
       116.35151999999997,
       39.979979999999905
      ],
      [
       116.35067999999997,
       39.979979999999905
      ],
      [
       116.35067999999997,
       39.9808199999999
      ]
     ]
    ]
   }
  },
  {
   "type": "Feature",
   "id": "B-0419",
   "properties": {
    "id": "B-0419",
    "layer": "BUILDING_FOOTPRINT",
    "building_type": "0701",
    "building_type_name_zh": "人才公寓",
    "source_type": "agent_generated_design",
    "confidence": "low",
    "geometry_role": "design_proposal",
    "area_sqm": 6692.6,
    "note": "概念体量，非法定建筑面积；待正式控规与现状权属核验后复算。"
   },
   "geometry": {
    "type": "Polygon",
    "coordinates": [
     [
      [
       116.35067999999997,
       39.9820199999999
      ],
      [
       116.35151999999997,
       39.9820199999999
      ],
      [
       116.35151999999997,
       39.9811799999999
      ],
      [
       116.35067999999997,
       39.9811799999999
      ],
      [
       116.35067999999997,
       39.9820199999999
      ]
     ]
    ]
   }
  },
  {
   "type": "Feature",
   "id": "B-0420",
   "properties": {
    "id": "B-0420",
    "layer": "BUILDING_FOOTPRINT",
    "building_type": "0701",
    "building_type_name_zh": "人才公寓",
    "source_type": "agent_generated_design",
    "confidence": "low",
    "geometry_role": "design_proposal",
    "area_sqm": 6692.3,
    "note": "概念体量，非法定建筑面积；待正式控规与现状权属核验后复算。"
   },
   "geometry": {
    "type": "Polygon",
    "coordinates": [
     [
      [
       116.35067999999997,
       39.98441999999989
      ],
      [
       116.35151999999997,
       39.98441999999989
      ],
      [
       116.35151999999997,
       39.9835799999999
      ],
      [
       116.35067999999997,
       39.9835799999999
      ],
      [
       116.35067999999997,
       39.98441999999989
      ]
     ]
    ]
   }
  },
  {
   "type": "Feature",
   "id": "B-0421",
   "properties": {
    "id": "B-0421",
    "layer": "BUILDING_FOOTPRINT",
    "building_type": "0701",
    "building_type_name_zh": "人才公寓",
    "source_type": "agent_generated_design",
    "confidence": "low",
    "geometry_role": "design_proposal",
    "area_sqm": 6692.2,
    "note": "概念体量，非法定建筑面积；待正式控规与现状权属核验后复算。"
   },
   "geometry": {
    "type": "Polygon",
    "coordinates": [
     [
      [
       116.35067999999997,
       39.98561999999989
      ],
      [
       116.35151999999997,
       39.98561999999989
      ],
      [
       116.35151999999997,
       39.984779999999894
      ],
      [
       116.35067999999997,
       39.984779999999894
      ],
      [
       116.35067999999997,
       39.98561999999989
      ]
     ]
    ]
   }
  },
  {
   "type": "Feature",
   "id": "B-0422",
   "properties": {
    "id": "B-0422",
    "layer": "BUILDING_FOOTPRINT",
    "building_type": "0701",
    "building_type_name_zh": "人才公寓",
    "source_type": "agent_generated_design",
    "confidence": "low",
    "geometry_role": "design_proposal",
    "area_sqm": 6692.1,
    "note": "概念体量，非法定建筑面积；待正式控规与现状权属核验后复算。"
   },
   "geometry": {
    "type": "Polygon",
    "coordinates": [
     [
      [
       116.35067999999997,
       39.98681999999989
      ],
      [
       116.35151999999997,
       39.98681999999989
      ],
      [
       116.35151999999997,
       39.98597999999989
      ],
      [
       116.35067999999997,
       39.98597999999989
      ],
      [
       116.35067999999997,
       39.98681999999989
      ]
     ]
    ]
   }
  },
  {
   "type": "Feature",
   "id": "B-0423",
   "properties": {
    "id": "B-0423",
    "layer": "BUILDING_FOOTPRINT",
    "building_type": "0702",
    "building_type_name_zh": "社区服务中心",
    "source_type": "agent_generated_design",
    "confidence": "low",
    "geometry_role": "design_proposal",
    "area_sqm": 6692.0,
    "note": "概念体量，非法定建筑面积；待正式控规与现状权属核验后复算。"
   },
   "geometry": {
    "type": "Polygon",
    "coordinates": [
     [
      [
       116.35067999999997,
       39.988019999999885
      ],
      [
       116.35151999999997,
       39.988019999999885
      ],
      [
       116.35151999999997,
       39.98717999999989
      ],
      [
       116.35067999999997,
       39.98717999999989
      ],
      [
       116.35067999999997,
       39.988019999999885
      ]
     ]
    ]
   }
  },
  {
   "type": "Feature",
   "id": "B-0424",
   "properties": {
    "id": "B-0424",
    "layer": "BUILDING_FOOTPRINT",
    "building_type": "0702",
    "building_type_name_zh": "社区服务中心",
    "source_type": "agent_generated_design",
    "confidence": "low",
    "geometry_role": "design_proposal",
    "area_sqm": 6691.9,
    "note": "概念体量，非法定建筑面积；待正式控规与现状权属核验后复算。"
   },
   "geometry": {
    "type": "Polygon",
    "coordinates": [
     [
      [
       116.35067999999997,
       39.98921999999988
      ],
      [
       116.35151999999997,
       39.98921999999988
      ],
      [
       116.35151999999997,
       39.988379999999886
      ],
      [
       116.35067999999997,
       39.988379999999886
      ],
      [
       116.35067999999997,
       39.98921999999988
      ]
     ]
    ]
   }
  },
  {
   "type": "Feature",
   "id": "B-0425",
   "properties": {
    "id": "B-0425",
    "layer": "BUILDING_FOOTPRINT",
    "building_type": "0702",
    "building_type_name_zh": "社区服务中心",
    "source_type": "agent_generated_design",
    "confidence": "low",
    "geometry_role": "design_proposal",
    "area_sqm": 6691.7,
    "note": "概念体量，非法定建筑面积；待正式控规与现状权属核验后复算。"
   },
   "geometry": {
    "type": "Polygon",
    "coordinates": [
     [
      [
       116.35067999999997,
       39.99041999999988
      ],
      [
       116.35151999999997,
       39.99041999999988
      ],
      [
       116.35151999999997,
       39.98957999999988
      ],
      [
       116.35067999999997,
       39.98957999999988
      ],
      [
       116.35067999999997,
       39.99041999999988
      ]
     ]
    ]
   }
  },
  {
   "type": "Feature",
   "id": "B-0426",
   "properties": {
    "id": "B-0426",
    "layer": "BUILDING_FOOTPRINT",
    "building_type": "0804",
    "building_type_name_zh": "科研教学",
    "source_type": "agent_generated_design",
    "confidence": "low",
    "geometry_role": "design_proposal",
    "area_sqm": 6691.6,
    "note": "概念体量，非法定建筑面积；待正式控规与现状权属核验后复算。"
   },
   "geometry": {
    "type": "Polygon",
    "coordinates": [
     [
      [
       116.35067999999997,
       39.99161999999988
      ],
      [
       116.35151999999997,
       39.99161999999988
      ],
      [
       116.35151999999997,
       39.99077999999988
      ],
      [
       116.35067999999997,
       39.99077999999988
      ],
      [
       116.35067999999997,
       39.99161999999988
      ]
     ]
    ]
   }
  },
  {
   "type": "Feature",
   "id": "B-0427",
   "properties": {
    "id": "B-0427",
    "layer": "BUILDING_FOOTPRINT",
    "building_type": "0804",
    "building_type_name_zh": "科研教学",
    "source_type": "agent_generated_design",
    "confidence": "low",
    "geometry_role": "design_proposal",
    "area_sqm": 6691.5,
    "note": "概念体量，非法定建筑面积；待正式控规与现状权属核验后复算。"
   },
   "geometry": {
    "type": "Polygon",
    "coordinates": [
     [
      [
       116.35067999999997,
       39.992819999999874
      ],
      [
       116.35151999999997,
       39.992819999999874
      ],
      [
       116.35151999999997,
       39.99197999999988
      ],
      [
       116.35067999999997,
       39.99197999999988
      ],
      [
       116.35067999999997,
       39.992819999999874
      ]
     ]
    ]
   }
  },
  {
   "type": "Feature",
   "id": "B-0428",
   "properties": {
    "id": "B-0428",
    "layer": "BUILDING_FOOTPRINT",
    "building_type": "0701",
    "building_type_name_zh": "人才公寓",
    "source_type": "agent_generated_design",
    "confidence": "low",
    "geometry_role": "design_proposal",
    "area_sqm": 6691.4,
    "note": "概念体量，非法定建筑面积；待正式控规与现状权属核验后复算。"
   },
   "geometry": {
    "type": "Polygon",
    "coordinates": [
     [
      [
       116.35067999999997,
       39.99401999999987
      ],
      [
       116.35151999999997,
       39.99401999999987
      ],
      [
       116.35151999999997,
       39.993179999999874
      ],
      [
       116.35067999999997,
       39.993179999999874
      ],
      [
       116.35067999999997,
       39.99401999999987
      ]
     ]
    ]
   }
  },
  {
   "type": "Feature",
   "id": "B-0429",
   "properties": {
    "id": "B-0429",
    "layer": "BUILDING_FOOTPRINT",
    "building_type": "0901",
    "building_type_name_zh": "智能商业",
    "source_type": "agent_generated_design",
    "confidence": "low",
    "geometry_role": "design_proposal",
    "area_sqm": 6691.3,
    "note": "概念体量，非法定建筑面积；待正式控规与现状权属核验后复算。"
   },
   "geometry": {
    "type": "Polygon",
    "coordinates": [
     [
      [
       116.35067999999997,
       39.99521999999987
      ],
      [
       116.35151999999997,
       39.99521999999987
      ],
      [
       116.35151999999997,
       39.99437999999987
      ],
      [
       116.35067999999997,
       39.99437999999987
      ],
      [
       116.35067999999997,
       39.99521999999987
      ]
     ]
    ]
   }
  },
  {
   "type": "Feature",
   "id": "B-0430",
   "properties": {
    "id": "B-0430",
    "layer": "BUILDING_FOOTPRINT",
    "building_type": "0801",
    "building_type_name_zh": "创新服务机构",
    "source_type": "agent_generated_design",
    "confidence": "low",
    "geometry_role": "design_proposal",
    "area_sqm": 6691.2,
    "note": "概念体量，非法定建筑面积；待正式控规与现状权属核验后复算。"
   },
   "geometry": {
    "type": "Polygon",
    "coordinates": [
     [
      [
       116.35067999999997,
       39.996419999999866
      ],
      [
       116.35151999999997,
       39.996419999999866
      ],
      [
       116.35151999999997,
       39.99557999999987
      ],
      [
       116.35067999999997,
       39.99557999999987
      ],
      [
       116.35067999999997,
       39.996419999999866
      ]
     ]
    ]
   }
  },
  {
   "type": "Feature",
   "id": "B-0431",
   "properties": {
    "id": "B-0431",
    "layer": "BUILDING_FOOTPRINT",
    "building_type": "0701",
    "building_type_name_zh": "人才公寓",
    "source_type": "agent_generated_design",
    "confidence": "low",
    "geometry_role": "design_proposal",
    "area_sqm": 6691.0,
    "note": "概念体量，非法定建筑面积；待正式控规与现状权属核验后复算。"
   },
   "geometry": {
    "type": "Polygon",
    "coordinates": [
     [
      [
       116.35067999999997,
       39.99761999999986
      ],
      [
       116.35151999999997,
       39.99761999999986
      ],
      [
       116.35151999999997,
       39.996779999999866
      ],
      [
       116.35067999999997,
       39.996779999999866
      ],
      [
       116.35067999999997,
       39.99761999999986
      ]
     ]
    ]
   }
  },
  {
   "type": "Feature",
   "id": "B-0432",
   "properties": {
    "id": "B-0432",
    "layer": "BUILDING_FOOTPRINT",
    "building_type": "0701",
    "building_type_name_zh": "人才公寓",
    "source_type": "agent_generated_design",
    "confidence": "low",
    "geometry_role": "design_proposal",
    "area_sqm": 6690.9,
    "note": "概念体量，非法定建筑面积；待正式控规与现状权属核验后复算。"
   },
   "geometry": {
    "type": "Polygon",
    "coordinates": [
     [
      [
       116.35067999999997,
       39.99881999999986
      ],
      [
       116.35151999999997,
       39.99881999999986
      ],
      [
       116.35151999999997,
       39.99797999999986
      ],
      [
       116.35067999999997,
       39.99797999999986
      ],
      [
       116.35067999999997,
       39.99881999999986
      ]
     ]
    ]
   }
  },
  {
   "type": "Feature",
   "id": "B-0433",
   "properties": {
    "id": "B-0433",
    "layer": "BUILDING_FOOTPRINT",
    "building_type": "0901",
    "building_type_name_zh": "智能商业",
    "source_type": "agent_generated_design",
    "confidence": "low",
    "geometry_role": "design_proposal",
    "area_sqm": 6690.7,
    "note": "概念体量，非法定建筑面积；待正式控规与现状权属核验后复算。"
   },
   "geometry": {
    "type": "Polygon",
    "coordinates": [
     [
      [
       116.35067999999997,
       40.001219999999854
      ],
      [
       116.35151999999997,
       40.001219999999854
      ],
      [
       116.35151999999997,
       40.00037999999986
      ],
      [
       116.35067999999997,
       40.00037999999986
      ],
      [
       116.35067999999997,
       40.001219999999854
      ]
     ]
    ]
   }
  },
  {
   "type": "Feature",
   "id": "B-0434",
   "properties": {
    "id": "B-0434",
    "layer": "BUILDING_FOOTPRINT",
    "building_type": "0701",
    "building_type_name_zh": "人才公寓",
    "source_type": "agent_generated_design",
    "confidence": "low",
    "geometry_role": "design_proposal",
    "area_sqm": 6690.6,
    "note": "概念体量，非法定建筑面积；待正式控规与现状权属核验后复算。"
   },
   "geometry": {
    "type": "Polygon",
    "coordinates": [
     [
      [
       116.35067999999997,
       40.00241999999985
      ],
      [
       116.35151999999997,
       40.00241999999985
      ],
      [
       116.35151999999997,
       40.001579999999855
      ],
      [
       116.35067999999997,
       40.001579999999855
      ],
      [
       116.35067999999997,
       40.00241999999985
      ]
     ]
    ]
   }
  },
  {
   "type": "Feature",
   "id": "B-0435",
   "properties": {
    "id": "B-0435",
    "layer": "BUILDING_FOOTPRINT",
    "building_type": "0801",
    "building_type_name_zh": "创新服务机构",
    "source_type": "agent_generated_design",
    "confidence": "low",
    "geometry_role": "design_proposal",
    "area_sqm": 6690.4,
    "note": "概念体量，非法定建筑面积；待正式控规与现状权属核验后复算。"
   },
   "geometry": {
    "type": "Polygon",
    "coordinates": [
     [
      [
       116.35067999999997,
       40.004819999999846
      ],
      [
       116.35151999999997,
       40.004819999999846
      ],
      [
       116.35151999999997,
       40.00397999999985
      ],
      [
       116.35067999999997,
       40.00397999999985
      ],
      [
       116.35067999999997,
       40.004819999999846
      ]
     ]
    ]
   }
  },
  {
   "type": "Feature",
   "id": "B-0436",
   "properties": {
    "id": "B-0436",
    "layer": "BUILDING_FOOTPRINT",
    "building_type": "0701",
    "building_type_name_zh": "人才公寓",
    "source_type": "agent_generated_design",
    "confidence": "low",
    "geometry_role": "design_proposal",
    "area_sqm": 6690.2,
    "note": "概念体量，非法定建筑面积；待正式控规与现状权属核验后复算。"
   },
   "geometry": {
    "type": "Polygon",
    "coordinates": [
     [
      [
       116.35067999999997,
       40.00601999999984
      ],
      [
       116.35151999999997,
       40.00601999999984
      ],
      [
       116.35151999999997,
       40.00517999999985
      ],
      [
       116.35067999999997,
       40.00517999999985
      ],
      [
       116.35067999999997,
       40.00601999999984
      ]
     ]
    ]
   }
  },
  {
   "type": "Feature",
   "id": "B-0437",
   "properties": {
    "id": "B-0437",
    "layer": "BUILDING_FOOTPRINT",
    "building_type": "0901",
    "building_type_name_zh": "智能商业",
    "source_type": "agent_generated_design",
    "confidence": "low",
    "geometry_role": "design_proposal",
    "area_sqm": 6690.1,
    "note": "概念体量，非法定建筑面积；待正式控规与现状权属核验后复算。"
   },
   "geometry": {
    "type": "Polygon",
    "coordinates": [
     [
      [
       116.35067999999997,
       40.00721999999984
      ],
      [
       116.35151999999997,
       40.00721999999984
      ],
      [
       116.35151999999997,
       40.006379999999844
      ],
      [
       116.35067999999997,
       40.006379999999844
      ],
      [
       116.35067999999997,
       40.00721999999984
      ]
     ]
    ]
   }
  },
  {
   "type": "Feature",
   "id": "B-0438",
   "properties": {
    "id": "B-0438",
    "layer": "BUILDING_FOOTPRINT",
    "building_type": "1001",
    "building_type_name_zh": "AI 研发厂房",
    "source_type": "agent_generated_design",
    "confidence": "low",
    "geometry_role": "design_proposal",
    "area_sqm": 6690.0,
    "note": "概念体量，非法定建筑面积；待正式控规与现状权属核验后复算。"
   },
   "geometry": {
    "type": "Polygon",
    "coordinates": [
     [
      [
       116.35067999999997,
       40.00841999999984
      ],
      [
       116.35151999999997,
       40.00841999999984
      ],
      [
       116.35151999999997,
       40.00757999999984
      ],
      [
       116.35067999999997,
       40.00757999999984
      ],
      [
       116.35067999999997,
       40.00841999999984
      ]
     ]
    ]
   }
  },
  {
   "type": "Feature",
   "id": "B-0439",
   "properties": {
    "id": "B-0439",
    "layer": "BUILDING_FOOTPRINT",
    "building_type": "1001",
    "building_type_name_zh": "AI 研发厂房",
    "source_type": "agent_generated_design",
    "confidence": "low",
    "geometry_role": "design_proposal",
    "area_sqm": 6689.9,
    "note": "概念体量，非法定建筑面积；待正式控规与现状权属核验后复算。"
   },
   "geometry": {
    "type": "Polygon",
    "coordinates": [
     [
      [
       116.35067999999997,
       40.009619999999835
      ],
      [
       116.35151999999997,
       40.009619999999835
      ],
      [
       116.35151999999997,
       40.00877999999984
      ],
      [
       116.35067999999997,
       40.00877999999984
      ],
      [
       116.35067999999997,
       40.009619999999835
      ]
     ]
    ]
   }
  },
  {
   "type": "Feature",
   "id": "B-0440",
   "properties": {
    "id": "B-0440",
    "layer": "BUILDING_FOOTPRINT",
    "building_type": "1001",
    "building_type_name_zh": "AI 研发厂房",
    "source_type": "agent_generated_design",
    "confidence": "low",
    "geometry_role": "design_proposal",
    "area_sqm": 6689.8,
    "note": "概念体量，非法定建筑面积；待正式控规与现状权属核验后复算。"
   },
   "geometry": {
    "type": "Polygon",
    "coordinates": [
     [
      [
       116.35067999999997,
       40.01081999999983
      ],
      [
       116.35151999999997,
       40.01081999999983
      ],
      [
       116.35151999999997,
       40.009979999999835
      ],
      [
       116.35067999999997,
       40.009979999999835
      ],
      [
       116.35067999999997,
       40.01081999999983
      ]
     ]
    ]
   }
  },
  {
   "type": "Feature",
   "id": "B-0441",
   "properties": {
    "id": "B-0441",
    "layer": "BUILDING_FOOTPRINT",
    "building_type": "1001",
    "building_type_name_zh": "AI 研发厂房",
    "source_type": "agent_generated_design",
    "confidence": "low",
    "geometry_role": "design_proposal",
    "area_sqm": 6689.7,
    "note": "概念体量，非法定建筑面积；待正式控规与现状权属核验后复算。"
   },
   "geometry": {
    "type": "Polygon",
    "coordinates": [
     [
      [
       116.35067999999997,
       40.01201999999983
      ],
      [
       116.35151999999997,
       40.01201999999983
      ],
      [
       116.35151999999997,
       40.01117999999983
      ],
      [
       116.35067999999997,
       40.01117999999983
      ],
      [
       116.35067999999997,
       40.01201999999983
      ]
     ]
    ]
   }
  },
  {
   "type": "Feature",
   "id": "B-0442",
   "properties": {
    "id": "B-0442",
    "layer": "BUILDING_FOOTPRINT",
    "building_type": "1001",
    "building_type_name_zh": "AI 研发厂房",
    "source_type": "agent_generated_design",
    "confidence": "low",
    "geometry_role": "design_proposal",
    "area_sqm": 6689.5,
    "note": "概念体量，非法定建筑面积；待正式控规与现状权属核验后复算。"
   },
   "geometry": {
    "type": "Polygon",
    "coordinates": [
     [
      [
       116.35067999999997,
       40.013219999999826
      ],
      [
       116.35151999999997,
       40.013219999999826
      ],
      [
       116.35151999999997,
       40.01237999999983
      ],
      [
       116.35067999999997,
       40.01237999999983
      ],
      [
       116.35067999999997,
       40.013219999999826
      ]
     ]
    ]
   }
  },
  {
   "type": "Feature",
   "id": "B-0443",
   "properties": {
    "id": "B-0443",
    "layer": "BUILDING_FOOTPRINT",
    "building_type": "1001",
    "building_type_name_zh": "AI 研发厂房",
    "source_type": "agent_generated_design",
    "confidence": "low",
    "geometry_role": "design_proposal",
    "area_sqm": 6689.4,
    "note": "概念体量，非法定建筑面积；待正式控规与现状权属核验后复算。"
   },
   "geometry": {
    "type": "Polygon",
    "coordinates": [
     [
      [
       116.35067999999997,
       40.014419999999824
      ],
      [
       116.35151999999997,
       40.014419999999824
      ],
      [
       116.35151999999997,
       40.01357999999983
      ],
      [
       116.35067999999997,
       40.01357999999983
      ],
      [
       116.35067999999997,
       40.014419999999824
      ]
     ]
    ]
   }
  },
  {
   "type": "Feature",
   "id": "B-0444",
   "properties": {
    "id": "B-0444",
    "layer": "BUILDING_FOOTPRINT",
    "building_type": "1001",
    "building_type_name_zh": "AI 研发厂房",
    "source_type": "agent_generated_design",
    "confidence": "low",
    "geometry_role": "design_proposal",
    "area_sqm": 6689.3,
    "note": "概念体量，非法定建筑面积；待正式控规与现状权属核验后复算。"
   },
   "geometry": {
    "type": "Polygon",
    "coordinates": [
     [
      [
       116.35067999999997,
       40.01561999999982
      ],
      [
       116.35151999999997,
       40.01561999999982
      ],
      [
       116.35151999999997,
       40.014779999999824
      ],
      [
       116.35067999999997,
       40.014779999999824
      ],
      [
       116.35067999999997,
       40.01561999999982
      ]
     ]
    ]
   }
  },
  {
   "type": "Feature",
   "id": "B-0445",
   "properties": {
    "id": "B-0445",
    "layer": "BUILDING_FOOTPRINT",
    "building_type": "1001",
    "building_type_name_zh": "AI 研发厂房",
    "source_type": "agent_generated_design",
    "confidence": "low",
    "geometry_role": "design_proposal",
    "area_sqm": 6689.2,
    "note": "概念体量，非法定建筑面积；待正式控规与现状权属核验后复算。"
   },
   "geometry": {
    "type": "Polygon",
    "coordinates": [
     [
      [
       116.35067999999997,
       40.01681999999982
      ],
      [
       116.35151999999997,
       40.01681999999982
      ],
      [
       116.35151999999997,
       40.01597999999982
      ],
      [
       116.35067999999997,
       40.01597999999982
      ],
      [
       116.35067999999997,
       40.01681999999982
      ]
     ]
    ]
   }
  },
  {
   "type": "Feature",
   "id": "B-0446",
   "properties": {
    "id": "B-0446",
    "layer": "BUILDING_FOOTPRINT",
    "building_type": "1001",
    "building_type_name_zh": "AI 研发厂房",
    "source_type": "agent_generated_design",
    "confidence": "low",
    "geometry_role": "design_proposal",
    "area_sqm": 6689.1,
    "note": "概念体量，非法定建筑面积；待正式控规与现状权属核验后复算。"
   },
   "geometry": {
    "type": "Polygon",
    "coordinates": [
     [
      [
       116.35067999999997,
       40.018019999999815
      ],
      [
       116.35151999999997,
       40.018019999999815
      ],
      [
       116.35151999999997,
       40.01717999999982
      ],
      [
       116.35067999999997,
       40.01717999999982
      ],
      [
       116.35067999999997,
       40.018019999999815
      ]
     ]
    ]
   }
  },
  {
   "type": "Feature",
   "id": "B-0447",
   "properties": {
    "id": "B-0447",
    "layer": "BUILDING_FOOTPRINT",
    "building_type": "1001",
    "building_type_name_zh": "AI 研发厂房",
    "source_type": "agent_generated_design",
    "confidence": "low",
    "geometry_role": "design_proposal",
    "area_sqm": 6689.0,
    "note": "概念体量，非法定建筑面积；待正式控规与现状权属核验后复算。"
   },
   "geometry": {
    "type": "Polygon",
    "coordinates": [
     [
      [
       116.35067999999997,
       40.01921999999981
      ],
      [
       116.35151999999997,
       40.01921999999981
      ],
      [
       116.35151999999997,
       40.018379999999816
      ],
      [
       116.35067999999997,
       40.018379999999816
      ],
      [
       116.35067999999997,
       40.01921999999981
      ]
     ]
    ]
   }
  },
  {
   "type": "Feature",
   "id": "B-0448",
   "properties": {
    "id": "B-0448",
    "layer": "BUILDING_FOOTPRINT",
    "building_type": "1001",
    "building_type_name_zh": "AI 研发厂房",
    "source_type": "agent_generated_design",
    "confidence": "low",
    "geometry_role": "design_proposal",
    "area_sqm": 6688.8,
    "note": "概念体量，非法定建筑面积；待正式控规与现状权属核验后复算。"
   },
   "geometry": {
    "type": "Polygon",
    "coordinates": [
     [
      [
       116.35067999999997,
       40.02041999999981
      ],
      [
       116.35151999999997,
       40.02041999999981
      ],
      [
       116.35151999999997,
       40.01957999999981
      ],
      [
       116.35067999999997,
       40.01957999999981
      ],
      [
       116.35067999999997,
       40.02041999999981
      ]
     ]
    ]
   }
  },
  {
   "type": "Feature",
   "id": "B-0449",
   "properties": {
    "id": "B-0449",
    "layer": "BUILDING_FOOTPRINT",
    "building_type": "1001",
    "building_type_name_zh": "AI 研发厂房",
    "source_type": "agent_generated_design",
    "confidence": "low",
    "geometry_role": "design_proposal",
    "area_sqm": 6688.7,
    "note": "概念体量，非法定建筑面积；待正式控规与现状权属核验后复算。"
   },
   "geometry": {
    "type": "Polygon",
    "coordinates": [
     [
      [
       116.35067999999997,
       40.02161999999981
      ],
      [
       116.35151999999997,
       40.02161999999981
      ],
      [
       116.35151999999997,
       40.02077999999981
      ],
      [
       116.35067999999997,
       40.02077999999981
      ],
      [
       116.35067999999997,
       40.02161999999981
      ]
     ]
    ]
   }
  },
  {
   "type": "Feature",
   "id": "B-0450",
   "properties": {
    "id": "B-0450",
    "layer": "BUILDING_FOOTPRINT",
    "building_type": "1001",
    "building_type_name_zh": "AI 研发厂房",
    "source_type": "agent_generated_design",
    "confidence": "low",
    "geometry_role": "design_proposal",
    "area_sqm": 6688.6,
    "note": "概念体量，非法定建筑面积；待正式控规与现状权属核验后复算。"
   },
   "geometry": {
    "type": "Polygon",
    "coordinates": [
     [
      [
       116.35067999999997,
       40.022819999999804
      ],
      [
       116.35151999999997,
       40.022819999999804
      ],
      [
       116.35151999999997,
       40.02197999999981
      ],
      [
       116.35067999999997,
       40.02197999999981
      ],
      [
       116.35067999999997,
       40.022819999999804
      ]
     ]
    ]
   }
  },
  {
   "type": "Feature",
   "id": "B-0451",
   "properties": {
    "id": "B-0451",
    "layer": "BUILDING_FOOTPRINT",
    "building_type": "1001",
    "building_type_name_zh": "AI 研发厂房",
    "source_type": "agent_generated_design",
    "confidence": "low",
    "geometry_role": "design_proposal",
    "area_sqm": 6688.5,
    "note": "概念体量，非法定建筑面积；待正式控规与现状权属核验后复算。"
   },
   "geometry": {
    "type": "Polygon",
    "coordinates": [
     [
      [
       116.35067999999997,
       40.0240199999998
      ],
      [
       116.35151999999997,
       40.0240199999998
      ],
      [
       116.35151999999997,
       40.023179999999805
      ],
      [
       116.35067999999997,
       40.023179999999805
      ],
      [
       116.35067999999997,
       40.0240199999998
      ]
     ]
    ]
   }
  },
  {
   "type": "Feature",
   "id": "B-0452",
   "properties": {
    "id": "B-0452",
    "layer": "BUILDING_FOOTPRINT",
    "building_type": "1001",
    "building_type_name_zh": "AI 研发厂房",
    "source_type": "agent_generated_design",
    "confidence": "low",
    "geometry_role": "design_proposal",
    "area_sqm": 6688.4,
    "note": "概念体量，非法定建筑面积；待正式控规与现状权属核验后复算。"
   },
   "geometry": {
    "type": "Polygon",
    "coordinates": [
     [
      [
       116.35067999999997,
       40.0252199999998
      ],
      [
       116.35151999999997,
       40.0252199999998
      ],
      [
       116.35151999999997,
       40.0243799999998
      ],
      [
       116.35067999999997,
       40.0243799999998
      ],
      [
       116.35067999999997,
       40.0252199999998
      ]
     ]
    ]
   }
  },
  {
   "type": "Feature",
   "id": "B-0453",
   "properties": {
    "id": "B-0453",
    "layer": "BUILDING_FOOTPRINT",
    "building_type": "1001",
    "building_type_name_zh": "AI 研发厂房",
    "source_type": "agent_generated_design",
    "confidence": "low",
    "geometry_role": "design_proposal",
    "area_sqm": 5892.0,
    "note": "概念体量，非法定建筑面积；待正式控规与现状权属核验后复算。"
   },
   "geometry": {
    "type": "Polygon",
    "coordinates": [
     [
      [
       116.35151999999997,
       40.0255799999998
      ],
      [
       116.35067999999997,
       40.0255799999998
      ],
      [
       116.35067999999997,
       40.02632
      ],
      [
       116.35151999999997,
       40.02632
      ],
      [
       116.35151999999997,
       40.0255799999998
      ]
     ]
    ]
   }
  },
  {
   "type": "Feature",
   "id": "B-0454",
   "properties": {
    "id": "B-0454",
    "layer": "BUILDING_FOOTPRINT",
    "building_type": "0701",
    "building_type_name_zh": "人才公寓",
    "source_type": "agent_generated_design",
    "confidence": "low",
    "geometry_role": "design_proposal",
    "area_sqm": 6696.5,
    "note": "概念体量，非法定建筑面积；待正式控规与现状权属核验后复算。"
   },
   "geometry": {
    "type": "Polygon",
    "coordinates": [
     [
      [
       116.35187999999997,
       39.941219999999994
      ],
      [
       116.35271999999996,
       39.941219999999994
      ],
      [
       116.35271999999996,
       39.94038
      ],
      [
       116.35187999999997,
       39.94038
      ],
      [
       116.35187999999997,
       39.941219999999994
      ]
     ]
    ]
   }
  },
  {
   "type": "Feature",
   "id": "B-0455",
   "properties": {
    "id": "B-0455",
    "layer": "BUILDING_FOOTPRINT",
    "building_type": "0701",
    "building_type_name_zh": "人才公寓",
    "source_type": "agent_generated_design",
    "confidence": "low",
    "geometry_role": "design_proposal",
    "area_sqm": 6696.4,
    "note": "概念体量，非法定建筑面积；待正式控规与现状权属核验后复算。"
   },
   "geometry": {
    "type": "Polygon",
    "coordinates": [
     [
      [
       116.35187999999997,
       39.94241999999999
      ],
      [
       116.35271999999996,
       39.94241999999999
      ],
      [
       116.35271999999996,
       39.941579999999995
      ],
      [
       116.35187999999997,
       39.941579999999995
      ],
      [
       116.35187999999997,
       39.94241999999999
      ]
     ]
    ]
   }
  },
  {
   "type": "Feature",
   "id": "B-0456",
   "properties": {
    "id": "B-0456",
    "layer": "BUILDING_FOOTPRINT",
    "building_type": "0902",
    "building_type_name_zh": "AI 企业总部",
    "source_type": "agent_generated_design",
    "confidence": "low",
    "geometry_role": "design_proposal",
    "area_sqm": 6696.1,
    "note": "概念体量，非法定建筑面积；待正式控规与现状权属核验后复算。"
   },
   "geometry": {
    "type": "Polygon",
    "coordinates": [
     [
      [
       116.35187999999997,
       39.944819999999986
      ],
      [
       116.35271999999996,
       39.944819999999986
      ],
      [
       116.35271999999996,
       39.94397999999999
      ],
      [
       116.35187999999997,
       39.94397999999999
      ],
      [
       116.35187999999997,
       39.944819999999986
      ]
     ]
    ]
   }
  },
  {
   "type": "Feature",
   "id": "B-0457",
   "properties": {
    "id": "B-0457",
    "layer": "BUILDING_FOOTPRINT",
    "building_type": "0902",
    "building_type_name_zh": "AI 企业总部",
    "source_type": "agent_generated_design",
    "confidence": "low",
    "geometry_role": "design_proposal",
    "area_sqm": 6696.0,
    "note": "概念体量，非法定建筑面积；待正式控规与现状权属核验后复算。"
   },
   "geometry": {
    "type": "Polygon",
    "coordinates": [
     [
      [
       116.35187999999997,
       39.94601999999998
      ],
      [
       116.35271999999996,
       39.94601999999998
      ],
      [
       116.35271999999996,
       39.945179999999986
      ],
      [
       116.35187999999997,
       39.945179999999986
      ],
      [
       116.35187999999997,
       39.94601999999998
      ]
     ]
    ]
   }
  },
  {
   "type": "Feature",
   "id": "B-0458",
   "properties": {
    "id": "B-0458",
    "layer": "BUILDING_FOOTPRINT",
    "building_type": "0902",
    "building_type_name_zh": "AI 企业总部",
    "source_type": "agent_generated_design",
    "confidence": "low",
    "geometry_role": "design_proposal",
    "area_sqm": 6695.9,
    "note": "概念体量，非法定建筑面积；待正式控规与现状权属核验后复算。"
   },
   "geometry": {
    "type": "Polygon",
    "coordinates": [
     [
      [
       116.35187999999997,
       39.94721999999998
      ],
      [
       116.35271999999996,
       39.94721999999998
      ],
      [
       116.35271999999996,
       39.946379999999984
      ],
      [
       116.35187999999997,
       39.946379999999984
      ],
      [
       116.35187999999997,
       39.94721999999998
      ]
     ]
    ]
   }
  },
  {
   "type": "Feature",
   "id": "B-0459",
   "properties": {
    "id": "B-0459",
    "layer": "BUILDING_FOOTPRINT",
    "building_type": "0902",
    "building_type_name_zh": "AI 企业总部",
    "source_type": "agent_generated_design",
    "confidence": "low",
    "geometry_role": "design_proposal",
    "area_sqm": 6695.8,
    "note": "概念体量，非法定建筑面积；待正式控规与现状权属核验后复算。"
   },
   "geometry": {
    "type": "Polygon",
    "coordinates": [
     [
      [
       116.35187999999997,
       39.94841999999998
      ],
      [
       116.35271999999996,
       39.94841999999998
      ],
      [
       116.35271999999996,
       39.94757999999998
      ],
      [
       116.35187999999997,
       39.94757999999998
      ],
      [
       116.35187999999997,
       39.94841999999998
      ]
     ]
    ]
   }
  },
  {
   "type": "Feature",
   "id": "B-0460",
   "properties": {
    "id": "B-0460",
    "layer": "BUILDING_FOOTPRINT",
    "building_type": "0902",
    "building_type_name_zh": "AI 企业总部",
    "source_type": "agent_generated_design",
    "confidence": "low",
    "geometry_role": "design_proposal",
    "area_sqm": 6695.7,
    "note": "概念体量，非法定建筑面积；待正式控规与现状权属核验后复算。"
   },
   "geometry": {
    "type": "Polygon",
    "coordinates": [
     [
      [
       116.35187999999997,
       39.949619999999975
      ],
      [
       116.35271999999996,
       39.949619999999975
      ],
      [
       116.35271999999996,
       39.94877999999998
      ],
      [
       116.35187999999997,
       39.94877999999998
      ],
      [
       116.35187999999997,
       39.949619999999975
      ]
     ]
    ]
   }
  },
  {
   "type": "Feature",
   "id": "B-0461",
   "properties": {
    "id": "B-0461",
    "layer": "BUILDING_FOOTPRINT",
    "building_type": "0701",
    "building_type_name_zh": "人才公寓",
    "source_type": "agent_generated_design",
    "confidence": "low",
    "geometry_role": "design_proposal",
    "area_sqm": 6695.6,
    "note": "概念体量，非法定建筑面积；待正式控规与现状权属核验后复算。"
   },
   "geometry": {
    "type": "Polygon",
    "coordinates": [
     [
      [
       116.35187999999997,
       39.95081999999997
      ],
      [
       116.35271999999996,
       39.95081999999997
      ],
      [
       116.35271999999996,
       39.949979999999975
      ],
      [
       116.35187999999997,
       39.949979999999975
      ],
      [
       116.35187999999997,
       39.95081999999997
      ]
     ]
    ]
   }
  },
  {
   "type": "Feature",
   "id": "B-0462",
   "properties": {
    "id": "B-0462",
    "layer": "BUILDING_FOOTPRINT",
    "building_type": "0801",
    "building_type_name_zh": "创新服务机构",
    "source_type": "agent_generated_design",
    "confidence": "low",
    "geometry_role": "design_proposal",
    "area_sqm": 6695.3,
    "note": "概念体量，非法定建筑面积；待正式控规与现状权属核验后复算。"
   },
   "geometry": {
    "type": "Polygon",
    "coordinates": [
     [
      [
       116.35187999999997,
       39.953219999999966
      ],
      [
       116.35271999999996,
       39.953219999999966
      ],
      [
       116.35271999999996,
       39.95237999999997
      ],
      [
       116.35187999999997,
       39.95237999999997
      ],
      [
       116.35187999999997,
       39.953219999999966
      ]
     ]
    ]
   }
  },
  {
   "type": "Feature",
   "id": "B-0463",
   "properties": {
    "id": "B-0463",
    "layer": "BUILDING_FOOTPRINT",
    "building_type": "0701",
    "building_type_name_zh": "人才公寓",
    "source_type": "agent_generated_design",
    "confidence": "low",
    "geometry_role": "design_proposal",
    "area_sqm": 6695.2,
    "note": "概念体量，非法定建筑面积；待正式控规与现状权属核验后复算。"
   },
   "geometry": {
    "type": "Polygon",
    "coordinates": [
     [
      [
       116.35187999999997,
       39.95441999999996
      ],
      [
       116.35271999999996,
       39.95441999999996
      ],
      [
       116.35271999999996,
       39.95357999999997
      ],
      [
       116.35187999999997,
       39.95357999999997
      ],
      [
       116.35187999999997,
       39.95441999999996
      ]
     ]
    ]
   }
  },
  {
   "type": "Feature",
   "id": "B-0464",
   "properties": {
    "id": "B-0464",
    "layer": "BUILDING_FOOTPRINT",
    "building_type": "0701",
    "building_type_name_zh": "人才公寓",
    "source_type": "agent_generated_design",
    "confidence": "low",
    "geometry_role": "design_proposal",
    "area_sqm": 6695.0,
    "note": "概念体量，非法定建筑面积；待正式控规与现状权属核验后复算。"
   },
   "geometry": {
    "type": "Polygon",
    "coordinates": [
     [
      [
       116.35187999999997,
       39.95681999999996
      ],
      [
       116.35271999999996,
       39.95681999999996
      ],
      [
       116.35271999999996,
       39.95597999999996
      ],
      [
       116.35187999999997,
       39.95597999999996
      ],
      [
       116.35187999999997,
       39.95681999999996
      ]
     ]
    ]
   }
  },
  {
   "type": "Feature",
   "id": "B-0465",
   "properties": {
    "id": "B-0465",
    "layer": "BUILDING_FOOTPRINT",
    "building_type": "0701",
    "building_type_name_zh": "人才公寓",
    "source_type": "agent_generated_design",
    "confidence": "low",
    "geometry_role": "design_proposal",
    "area_sqm": 6694.7,
    "note": "概念体量，非法定建筑面积；待正式控规与现状权属核验后复算。"
   },
   "geometry": {
    "type": "Polygon",
    "coordinates": [
     [
      [
       116.35187999999997,
       39.95921999999995
      ],
      [
       116.35271999999996,
       39.95921999999995
      ],
      [
       116.35271999999996,
       39.958379999999956
      ],
      [
       116.35187999999997,
       39.958379999999956
      ],
      [
       116.35187999999997,
       39.95921999999995
      ]
     ]
    ]
   }
  },
  {
   "type": "Feature",
   "id": "B-0466",
   "properties": {
    "id": "B-0466",
    "layer": "BUILDING_FOOTPRINT",
    "building_type": "0701",
    "building_type_name_zh": "人才公寓",
    "source_type": "agent_generated_design",
    "confidence": "low",
    "geometry_role": "design_proposal",
    "area_sqm": 6694.6,
    "note": "概念体量，非法定建筑面积；待正式控规与现状权属核验后复算。"
   },
   "geometry": {
    "type": "Polygon",
    "coordinates": [
     [
      [
       116.35187999999997,
       39.96041999999995
      ],
      [
       116.35271999999996,
       39.96041999999995
      ],
      [
       116.35271999999996,
       39.95957999999995
      ],
      [
       116.35187999999997,
       39.95957999999995
      ],
      [
       116.35187999999997,
       39.96041999999995
      ]
     ]
    ]
   }
  },
  {
   "type": "Feature",
   "id": "B-0467",
   "properties": {
    "id": "B-0467",
    "layer": "BUILDING_FOOTPRINT",
    "building_type": "0701",
    "building_type_name_zh": "人才公寓",
    "source_type": "agent_generated_design",
    "confidence": "low",
    "geometry_role": "design_proposal",
    "area_sqm": 6693.2,
    "note": "概念体量，非法定建筑面积；待正式控规与现状权属核验后复算。"
   },
   "geometry": {
    "type": "Polygon",
    "coordinates": [
     [
      [
       116.35187999999997,
       39.974819999999916
      ],
      [
       116.35271999999996,
       39.974819999999916
      ],
      [
       116.35271999999996,
       39.97397999999992
      ],
      [
       116.35187999999997,
       39.97397999999992
      ],
      [
       116.35187999999997,
       39.974819999999916
      ]
     ]
    ]
   }
  },
  {
   "type": "Feature",
   "id": "B-0468",
   "properties": {
    "id": "B-0468",
    "layer": "BUILDING_FOOTPRINT",
    "building_type": "0701",
    "building_type_name_zh": "人才公寓",
    "source_type": "agent_generated_design",
    "confidence": "low",
    "geometry_role": "design_proposal",
    "area_sqm": 6693.0,
    "note": "概念体量，非法定建筑面积；待正式控规与现状权属核验后复算。"
   },
   "geometry": {
    "type": "Polygon",
    "coordinates": [
     [
      [
       116.35187999999997,
       39.97721999999991
      ],
      [
       116.35271999999996,
       39.97721999999991
      ],
      [
       116.35271999999996,
       39.976379999999914
      ],
      [
       116.35187999999997,
       39.976379999999914
      ],
      [
       116.35187999999997,
       39.97721999999991
      ]
     ]
    ]
   }
  },
  {
   "type": "Feature",
   "id": "B-0469",
   "properties": {
    "id": "B-0469",
    "layer": "BUILDING_FOOTPRINT",
    "building_type": "0801",
    "building_type_name_zh": "创新服务机构",
    "source_type": "agent_generated_design",
    "confidence": "low",
    "geometry_role": "design_proposal",
    "area_sqm": 6692.9,
    "note": "概念体量，非法定建筑面积；待正式控规与现状权属核验后复算。"
   },
   "geometry": {
    "type": "Polygon",
    "coordinates": [
     [
      [
       116.35187999999997,
       39.97841999999991
      ],
      [
       116.35271999999996,
       39.97841999999991
      ],
      [
       116.35271999999996,
       39.97757999999991
      ],
      [
       116.35187999999997,
       39.97757999999991
      ],
      [
       116.35187999999997,
       39.97841999999991
      ]
     ]
    ]
   }
  },
  {
   "type": "Feature",
   "id": "B-0470",
   "properties": {
    "id": "B-0470",
    "layer": "BUILDING_FOOTPRINT",
    "building_type": "0701",
    "building_type_name_zh": "人才公寓",
    "source_type": "agent_generated_design",
    "confidence": "low",
    "geometry_role": "design_proposal",
    "area_sqm": 6692.7,
    "note": "概念体量，非法定建筑面积；待正式控规与现状权属核验后复算。"
   },
   "geometry": {
    "type": "Polygon",
    "coordinates": [
     [
      [
       116.35187999999997,
       39.9808199999999
      ],
      [
       116.35271999999996,
       39.9808199999999
      ],
      [
       116.35271999999996,
       39.979979999999905
      ],
      [
       116.35187999999997,
       39.979979999999905
      ],
      [
       116.35187999999997,
       39.9808199999999
      ]
     ]
    ]
   }
  },
  {
   "type": "Feature",
   "id": "B-0471",
   "properties": {
    "id": "B-0471",
    "layer": "BUILDING_FOOTPRINT",
    "building_type": "0901",
    "building_type_name_zh": "智能商业",
    "source_type": "agent_generated_design",
    "confidence": "low",
    "geometry_role": "design_proposal",
    "area_sqm": 6692.5,
    "note": "概念体量，非法定建筑面积；待正式控规与现状权属核验后复算。"
   },
   "geometry": {
    "type": "Polygon",
    "coordinates": [
     [
      [
       116.35187999999997,
       39.9820199999999
      ],
      [
       116.35271999999996,
       39.9820199999999
      ],
      [
       116.35271999999996,
       39.9811799999999
      ],
      [
       116.35187999999997,
       39.9811799999999
      ],
      [
       116.35187999999997,
       39.9820199999999
      ]
     ]
    ]
   }
  },
  {
   "type": "Feature",
   "id": "B-0472",
   "properties": {
    "id": "B-0472",
    "layer": "BUILDING_FOOTPRINT",
    "building_type": "0701",
    "building_type_name_zh": "人才公寓",
    "source_type": "agent_generated_design",
    "confidence": "low",
    "geometry_role": "design_proposal",
    "area_sqm": 6692.3,
    "note": "概念体量，非法定建筑面积；待正式控规与现状权属核验后复算。"
   },
   "geometry": {
    "type": "Polygon",
    "coordinates": [
     [
      [
       116.35187999999997,
       39.98441999999989
      ],
      [
       116.35271999999996,
       39.98441999999989
      ],
      [
       116.35271999999996,
       39.9835799999999
      ],
      [
       116.35187999999997,
       39.9835799999999
      ],
      [
       116.35187999999997,
       39.98441999999989
      ]
     ]
    ]
   }
  },
  {
   "type": "Feature",
   "id": "B-0473",
   "properties": {
    "id": "B-0473",
    "layer": "BUILDING_FOOTPRINT",
    "building_type": "0701",
    "building_type_name_zh": "人才公寓",
    "source_type": "agent_generated_design",
    "confidence": "low",
    "geometry_role": "design_proposal",
    "area_sqm": 6692.2,
    "note": "概念体量，非法定建筑面积；待正式控规与现状权属核验后复算。"
   },
   "geometry": {
    "type": "Polygon",
    "coordinates": [
     [
      [
       116.35187999999997,
       39.98561999999989
      ],
      [
       116.35271999999996,
       39.98561999999989
      ],
      [
       116.35271999999996,
       39.984779999999894
      ],
      [
       116.35187999999997,
       39.984779999999894
      ],
      [
       116.35187999999997,
       39.98561999999989
      ]
     ]
    ]
   }
  },
  {
   "type": "Feature",
   "id": "B-0474",
   "properties": {
    "id": "B-0474",
    "layer": "BUILDING_FOOTPRINT",
    "building_type": "0701",
    "building_type_name_zh": "人才公寓",
    "source_type": "agent_generated_design",
    "confidence": "low",
    "geometry_role": "design_proposal",
    "area_sqm": 6692.1,
    "note": "概念体量，非法定建筑面积；待正式控规与现状权属核验后复算。"
   },
   "geometry": {
    "type": "Polygon",
    "coordinates": [
     [
      [
       116.35187999999997,
       39.98681999999989
      ],
      [
       116.35271999999996,
       39.98681999999989
      ],
      [
       116.35271999999996,
       39.98597999999989
      ],
      [
       116.35187999999997,
       39.98597999999989
      ],
      [
       116.35187999999997,
       39.98681999999989
      ]
     ]
    ]
   }
  },
  {
   "type": "Feature",
   "id": "B-0475",
   "properties": {
    "id": "B-0475",
    "layer": "BUILDING_FOOTPRINT",
    "building_type": "0702",
    "building_type_name_zh": "社区服务中心",
    "source_type": "agent_generated_design",
    "confidence": "low",
    "geometry_role": "design_proposal",
    "area_sqm": 6692.0,
    "note": "概念体量，非法定建筑面积；待正式控规与现状权属核验后复算。"
   },
   "geometry": {
    "type": "Polygon",
    "coordinates": [
     [
      [
       116.35187999999997,
       39.988019999999885
      ],
      [
       116.35271999999996,
       39.988019999999885
      ],
      [
       116.35271999999996,
       39.98717999999989
      ],
      [
       116.35187999999997,
       39.98717999999989
      ],
      [
       116.35187999999997,
       39.988019999999885
      ]
     ]
    ]
   }
  },
  {
   "type": "Feature",
   "id": "B-0476",
   "properties": {
    "id": "B-0476",
    "layer": "BUILDING_FOOTPRINT",
    "building_type": "0702",
    "building_type_name_zh": "社区服务中心",
    "source_type": "agent_generated_design",
    "confidence": "low",
    "geometry_role": "design_proposal",
    "area_sqm": 6691.9,
    "note": "概念体量，非法定建筑面积；待正式控规与现状权属核验后复算。"
   },
   "geometry": {
    "type": "Polygon",
    "coordinates": [
     [
      [
       116.35187999999997,
       39.98921999999988
      ],
      [
       116.35271999999996,
       39.98921999999988
      ],
      [
       116.35271999999996,
       39.988379999999886
      ],
      [
       116.35187999999997,
       39.988379999999886
      ],
      [
       116.35187999999997,
       39.98921999999988
      ]
     ]
    ]
   }
  },
  {
   "type": "Feature",
   "id": "B-0477",
   "properties": {
    "id": "B-0477",
    "layer": "BUILDING_FOOTPRINT",
    "building_type": "0702",
    "building_type_name_zh": "社区服务中心",
    "source_type": "agent_generated_design",
    "confidence": "low",
    "geometry_role": "design_proposal",
    "area_sqm": 6691.7,
    "note": "概念体量，非法定建筑面积；待正式控规与现状权属核验后复算。"
   },
   "geometry": {
    "type": "Polygon",
    "coordinates": [
     [
      [
       116.35187999999997,
       39.99041999999988
      ],
      [
       116.35271999999996,
       39.99041999999988
      ],
      [
       116.35271999999996,
       39.98957999999988
      ],
      [
       116.35187999999997,
       39.98957999999988
      ],
      [
       116.35187999999997,
       39.99041999999988
      ]
     ]
    ]
   }
  },
  {
   "type": "Feature",
   "id": "B-0478",
   "properties": {
    "id": "B-0478",
    "layer": "BUILDING_FOOTPRINT",
    "building_type": "0804",
    "building_type_name_zh": "科研教学",
    "source_type": "agent_generated_design",
    "confidence": "low",
    "geometry_role": "design_proposal",
    "area_sqm": 6691.6,
    "note": "概念体量，非法定建筑面积；待正式控规与现状权属核验后复算。"
   },
   "geometry": {
    "type": "Polygon",
    "coordinates": [
     [
      [
       116.35187999999997,
       39.99161999999988
      ],
      [
       116.35271999999996,
       39.99161999999988
      ],
      [
       116.35271999999996,
       39.99077999999988
      ],
      [
       116.35187999999997,
       39.99077999999988
      ],
      [
       116.35187999999997,
       39.99161999999988
      ]
     ]
    ]
   }
  },
  {
   "type": "Feature",
   "id": "B-0479",
   "properties": {
    "id": "B-0479",
    "layer": "BUILDING_FOOTPRINT",
    "building_type": "0804",
    "building_type_name_zh": "科研教学",
    "source_type": "agent_generated_design",
    "confidence": "low",
    "geometry_role": "design_proposal",
    "area_sqm": 6691.5,
    "note": "概念体量，非法定建筑面积；待正式控规与现状权属核验后复算。"
   },
   "geometry": {
    "type": "Polygon",
    "coordinates": [
     [
      [
       116.35187999999997,
       39.992819999999874
      ],
      [
       116.35271999999996,
       39.992819999999874
      ],
      [
       116.35271999999996,
       39.99197999999988
      ],
      [
       116.35187999999997,
       39.99197999999988
      ],
      [
       116.35187999999997,
       39.992819999999874
      ]
     ]
    ]
   }
  },
  {
   "type": "Feature",
   "id": "B-0480",
   "properties": {
    "id": "B-0480",
    "layer": "BUILDING_FOOTPRINT",
    "building_type": "0901",
    "building_type_name_zh": "智能商业",
    "source_type": "agent_generated_design",
    "confidence": "low",
    "geometry_role": "design_proposal",
    "area_sqm": 6691.4,
    "note": "概念体量，非法定建筑面积；待正式控规与现状权属核验后复算。"
   },
   "geometry": {
    "type": "Polygon",
    "coordinates": [
     [
      [
       116.35187999999997,
       39.99401999999987
      ],
      [
       116.35271999999996,
       39.99401999999987
      ],
      [
       116.35271999999996,
       39.993179999999874
      ],
      [
       116.35187999999997,
       39.993179999999874
      ],
      [
       116.35187999999997,
       39.99401999999987
      ]
     ]
    ]
   }
  },
  {
   "type": "Feature",
   "id": "B-0481",
   "properties": {
    "id": "B-0481",
    "layer": "BUILDING_FOOTPRINT",
    "building_type": "0801",
    "building_type_name_zh": "创新服务机构",
    "source_type": "agent_generated_design",
    "confidence": "low",
    "geometry_role": "design_proposal",
    "area_sqm": 6691.3,
    "note": "概念体量，非法定建筑面积；待正式控规与现状权属核验后复算。"
   },
   "geometry": {
    "type": "Polygon",
    "coordinates": [
     [
      [
       116.35187999999997,
       39.99521999999987
      ],
      [
       116.35271999999996,
       39.99521999999987
      ],
      [
       116.35271999999996,
       39.99437999999987
      ],
      [
       116.35187999999997,
       39.99437999999987
      ],
      [
       116.35187999999997,
       39.99521999999987
      ]
     ]
    ]
   }
  },
  {
   "type": "Feature",
   "id": "B-0482",
   "properties": {
    "id": "B-0482",
    "layer": "BUILDING_FOOTPRINT",
    "building_type": "0701",
    "building_type_name_zh": "人才公寓",
    "source_type": "agent_generated_design",
    "confidence": "low",
    "geometry_role": "design_proposal",
    "area_sqm": 6691.2,
    "note": "概念体量，非法定建筑面积；待正式控规与现状权属核验后复算。"
   },
   "geometry": {
    "type": "Polygon",
    "coordinates": [
     [
      [
       116.35187999999997,
       39.996419999999866
      ],
      [
       116.35271999999996,
       39.996419999999866
      ],
      [
       116.35271999999996,
       39.99557999999987
      ],
      [
       116.35187999999997,
       39.99557999999987
      ],
      [
       116.35187999999997,
       39.996419999999866
      ]
     ]
    ]
   }
  },
  {
   "type": "Feature",
   "id": "B-0483",
   "properties": {
    "id": "B-0483",
    "layer": "BUILDING_FOOTPRINT",
    "building_type": "0701",
    "building_type_name_zh": "人才公寓",
    "source_type": "agent_generated_design",
    "confidence": "low",
    "geometry_role": "design_proposal",
    "area_sqm": 6691.0,
    "note": "概念体量，非法定建筑面积；待正式控规与现状权属核验后复算。"
   },
   "geometry": {
    "type": "Polygon",
    "coordinates": [
     [
      [
       116.35187999999997,
       39.99761999999986
      ],
      [
       116.35271999999996,
       39.99761999999986
      ],
      [
       116.35271999999996,
       39.996779999999866
      ],
      [
       116.35187999999997,
       39.996779999999866
      ],
      [
       116.35187999999997,
       39.99761999999986
      ]
     ]
    ]
   }
  },
  {
   "type": "Feature",
   "id": "B-0484",
   "properties": {
    "id": "B-0484",
    "layer": "BUILDING_FOOTPRINT",
    "building_type": "0701",
    "building_type_name_zh": "人才公寓",
    "source_type": "agent_generated_design",
    "confidence": "low",
    "geometry_role": "design_proposal",
    "area_sqm": 6690.9,
    "note": "概念体量，非法定建筑面积；待正式控规与现状权属核验后复算。"
   },
   "geometry": {
    "type": "Polygon",
    "coordinates": [
     [
      [
       116.35187999999997,
       39.99881999999986
      ],
      [
       116.35271999999996,
       39.99881999999986
      ],
      [
       116.35271999999996,
       39.99797999999986
      ],
      [
       116.35187999999997,
       39.99797999999986
      ],
      [
       116.35187999999997,
       39.99881999999986
      ]
     ]
    ]
   }
  },
  {
   "type": "Feature",
   "id": "B-0485",
   "properties": {
    "id": "B-0485",
    "layer": "BUILDING_FOOTPRINT",
    "building_type": "0701",
    "building_type_name_zh": "人才公寓",
    "source_type": "agent_generated_design",
    "confidence": "low",
    "geometry_role": "design_proposal",
    "area_sqm": 6690.7,
    "note": "概念体量，非法定建筑面积；待正式控规与现状权属核验后复算。"
   },
   "geometry": {
    "type": "Polygon",
    "coordinates": [
     [
      [
       116.35187999999997,
       40.001219999999854
      ],
      [
       116.35271999999996,
       40.001219999999854
      ],
      [
       116.35271999999996,
       40.00037999999986
      ],
      [
       116.35187999999997,
       40.00037999999986
      ],
      [
       116.35187999999997,
       40.001219999999854
      ]
     ]
    ]
   }
  },
  {
   "type": "Feature",
   "id": "B-0486",
   "properties": {
    "id": "B-0486",
    "layer": "BUILDING_FOOTPRINT",
    "building_type": "0701",
    "building_type_name_zh": "人才公寓",
    "source_type": "agent_generated_design",
    "confidence": "low",
    "geometry_role": "design_proposal",
    "area_sqm": 6690.6,
    "note": "概念体量，非法定建筑面积；待正式控规与现状权属核验后复算。"
   },
   "geometry": {
    "type": "Polygon",
    "coordinates": [
     [
      [
       116.35187999999997,
       40.00241999999985
      ],
      [
       116.35271999999996,
       40.00241999999985
      ],
      [
       116.35271999999996,
       40.001579999999855
      ],
      [
       116.35187999999997,
       40.001579999999855
      ],
      [
       116.35187999999997,
       40.00241999999985
      ]
     ]
    ]
   }
  },
  {
   "type": "Feature",
   "id": "B-0487",
   "properties": {
    "id": "B-0487",
    "layer": "BUILDING_FOOTPRINT",
    "building_type": "0701",
    "building_type_name_zh": "人才公寓",
    "source_type": "agent_generated_design",
    "confidence": "low",
    "geometry_role": "design_proposal",
    "area_sqm": 6690.3,
    "note": "概念体量，非法定建筑面积；待正式控规与现状权属核验后复算。"
   },
   "geometry": {
    "type": "Polygon",
    "coordinates": [
     [
      [
       116.35187999999997,
       40.004819999999846
      ],
      [
       116.35271999999996,
       40.004819999999846
      ],
      [
       116.35271999999996,
       40.00397999999985
      ],
      [
       116.35187999999997,
       40.00397999999985
      ],
      [
       116.35187999999997,
       40.004819999999846
      ]
     ]
    ]
   }
  },
  {
   "type": "Feature",
   "id": "B-0488",
   "properties": {
    "id": "B-0488",
    "layer": "BUILDING_FOOTPRINT",
    "building_type": "0901",
    "building_type_name_zh": "智能商业",
    "source_type": "agent_generated_design",
    "confidence": "low",
    "geometry_role": "design_proposal",
    "area_sqm": 6690.2,
    "note": "概念体量，非法定建筑面积；待正式控规与现状权属核验后复算。"
   },
   "geometry": {
    "type": "Polygon",
    "coordinates": [
     [
      [
       116.35187999999997,
       40.00601999999984
      ],
      [
       116.35271999999996,
       40.00601999999984
      ],
      [
       116.35271999999996,
       40.00517999999985
      ],
      [
       116.35187999999997,
       40.00517999999985
      ],
      [
       116.35187999999997,
       40.00601999999984
      ]
     ]
    ]
   }
  },
  {
   "type": "Feature",
   "id": "B-0489",
   "properties": {
    "id": "B-0489",
    "layer": "BUILDING_FOOTPRINT",
    "building_type": "0701",
    "building_type_name_zh": "人才公寓",
    "source_type": "agent_generated_design",
    "confidence": "low",
    "geometry_role": "design_proposal",
    "area_sqm": 6690.1,
    "note": "概念体量，非法定建筑面积；待正式控规与现状权属核验后复算。"
   },
   "geometry": {
    "type": "Polygon",
    "coordinates": [
     [
      [
       116.35187999999997,
       40.00721999999984
      ],
      [
       116.35271999999996,
       40.00721999999984
      ],
      [
       116.35271999999996,
       40.006379999999844
      ],
      [
       116.35187999999997,
       40.006379999999844
      ],
      [
       116.35187999999997,
       40.00721999999984
      ]
     ]
    ]
   }
  },
  {
   "type": "Feature",
   "id": "B-0490",
   "properties": {
    "id": "B-0490",
    "layer": "BUILDING_FOOTPRINT",
    "building_type": "1001",
    "building_type_name_zh": "AI 研发厂房",
    "source_type": "agent_generated_design",
    "confidence": "low",
    "geometry_role": "design_proposal",
    "area_sqm": 6690.0,
    "note": "概念体量，非法定建筑面积；待正式控规与现状权属核验后复算。"
   },
   "geometry": {
    "type": "Polygon",
    "coordinates": [
     [
      [
       116.35187999999997,
       40.00841999999984
      ],
      [
       116.35271999999996,
       40.00841999999984
      ],
      [
       116.35271999999996,
       40.00757999999984
      ],
      [
       116.35187999999997,
       40.00757999999984
      ],
      [
       116.35187999999997,
       40.00841999999984
      ]
     ]
    ]
   }
  },
  {
   "type": "Feature",
   "id": "B-0491",
   "properties": {
    "id": "B-0491",
    "layer": "BUILDING_FOOTPRINT",
    "building_type": "1001",
    "building_type_name_zh": "AI 研发厂房",
    "source_type": "agent_generated_design",
    "confidence": "low",
    "geometry_role": "design_proposal",
    "area_sqm": 6689.9,
    "note": "概念体量，非法定建筑面积；待正式控规与现状权属核验后复算。"
   },
   "geometry": {
    "type": "Polygon",
    "coordinates": [
     [
      [
       116.35187999999997,
       40.009619999999835
      ],
      [
       116.35271999999996,
       40.009619999999835
      ],
      [
       116.35271999999996,
       40.00877999999984
      ],
      [
       116.35187999999997,
       40.00877999999984
      ],
      [
       116.35187999999997,
       40.009619999999835
      ]
     ]
    ]
   }
  },
  {
   "type": "Feature",
   "id": "B-0492",
   "properties": {
    "id": "B-0492",
    "layer": "BUILDING_FOOTPRINT",
    "building_type": "1001",
    "building_type_name_zh": "AI 研发厂房",
    "source_type": "agent_generated_design",
    "confidence": "low",
    "geometry_role": "design_proposal",
    "area_sqm": 6689.8,
    "note": "概念体量，非法定建筑面积；待正式控规与现状权属核验后复算。"
   },
   "geometry": {
    "type": "Polygon",
    "coordinates": [
     [
      [
       116.35187999999997,
       40.01081999999983
      ],
      [
       116.35271999999996,
       40.01081999999983
      ],
      [
       116.35271999999996,
       40.009979999999835
      ],
      [
       116.35187999999997,
       40.009979999999835
      ],
      [
       116.35187999999997,
       40.01081999999983
      ]
     ]
    ]
   }
  },
  {
   "type": "Feature",
   "id": "B-0493",
   "properties": {
    "id": "B-0493",
    "layer": "BUILDING_FOOTPRINT",
    "building_type": "1001",
    "building_type_name_zh": "AI 研发厂房",
    "source_type": "agent_generated_design",
    "confidence": "low",
    "geometry_role": "design_proposal",
    "area_sqm": 6689.7,
    "note": "概念体量，非法定建筑面积；待正式控规与现状权属核验后复算。"
   },
   "geometry": {
    "type": "Polygon",
    "coordinates": [
     [
      [
       116.35187999999997,
       40.01201999999983
      ],
      [
       116.35271999999996,
       40.01201999999983
      ],
      [
       116.35271999999996,
       40.01117999999983
      ],
      [
       116.35187999999997,
       40.01117999999983
      ],
      [
       116.35187999999997,
       40.01201999999983
      ]
     ]
    ]
   }
  },
  {
   "type": "Feature",
   "id": "B-0494",
   "properties": {
    "id": "B-0494",
    "layer": "BUILDING_FOOTPRINT",
    "building_type": "1001",
    "building_type_name_zh": "AI 研发厂房",
    "source_type": "agent_generated_design",
    "confidence": "low",
    "geometry_role": "design_proposal",
    "area_sqm": 6689.5,
    "note": "概念体量，非法定建筑面积；待正式控规与现状权属核验后复算。"
   },
   "geometry": {
    "type": "Polygon",
    "coordinates": [
     [
      [
       116.35187999999997,
       40.013219999999826
      ],
      [
       116.35271999999996,
       40.013219999999826
      ],
      [
       116.35271999999996,
       40.01237999999983
      ],
      [
       116.35187999999997,
       40.01237999999983
      ],
      [
       116.35187999999997,
       40.013219999999826
      ]
     ]
    ]
   }
  },
  {
   "type": "Feature",
   "id": "B-0495",
   "properties": {
    "id": "B-0495",
    "layer": "BUILDING_FOOTPRINT",
    "building_type": "1001",
    "building_type_name_zh": "AI 研发厂房",
    "source_type": "agent_generated_design",
    "confidence": "low",
    "geometry_role": "design_proposal",
    "area_sqm": 6689.4,
    "note": "概念体量，非法定建筑面积；待正式控规与现状权属核验后复算。"
   },
   "geometry": {
    "type": "Polygon",
    "coordinates": [
     [
      [
       116.35187999999997,
       40.014419999999824
      ],
      [
       116.35271999999996,
       40.014419999999824
      ],
      [
       116.35271999999996,
       40.01357999999983
      ],
      [
       116.35187999999997,
       40.01357999999983
      ],
      [
       116.35187999999997,
       40.014419999999824
      ]
     ]
    ]
   }
  },
  {
   "type": "Feature",
   "id": "B-0496",
   "properties": {
    "id": "B-0496",
    "layer": "BUILDING_FOOTPRINT",
    "building_type": "1001",
    "building_type_name_zh": "AI 研发厂房",
    "source_type": "agent_generated_design",
    "confidence": "low",
    "geometry_role": "design_proposal",
    "area_sqm": 6689.3,
    "note": "概念体量，非法定建筑面积；待正式控规与现状权属核验后复算。"
   },
   "geometry": {
    "type": "Polygon",
    "coordinates": [
     [
      [
       116.35187999999997,
       40.01561999999982
      ],
      [
       116.35271999999996,
       40.01561999999982
      ],
      [
       116.35271999999996,
       40.014779999999824
      ],
      [
       116.35187999999997,
       40.014779999999824
      ],
      [
       116.35187999999997,
       40.01561999999982
      ]
     ]
    ]
   }
  },
  {
   "type": "Feature",
   "id": "B-0497",
   "properties": {
    "id": "B-0497",
    "layer": "BUILDING_FOOTPRINT",
    "building_type": "1001",
    "building_type_name_zh": "AI 研发厂房",
    "source_type": "agent_generated_design",
    "confidence": "low",
    "geometry_role": "design_proposal",
    "area_sqm": 6689.2,
    "note": "概念体量，非法定建筑面积；待正式控规与现状权属核验后复算。"
   },
   "geometry": {
    "type": "Polygon",
    "coordinates": [
     [
      [
       116.35187999999997,
       40.01681999999982
      ],
      [
       116.35271999999996,
       40.01681999999982
      ],
      [
       116.35271999999996,
       40.01597999999982
      ],
      [
       116.35187999999997,
       40.01597999999982
      ],
      [
       116.35187999999997,
       40.01681999999982
      ]
     ]
    ]
   }
  },
  {
   "type": "Feature",
   "id": "B-0498",
   "properties": {
    "id": "B-0498",
    "layer": "BUILDING_FOOTPRINT",
    "building_type": "1001",
    "building_type_name_zh": "AI 研发厂房",
    "source_type": "agent_generated_design",
    "confidence": "low",
    "geometry_role": "design_proposal",
    "area_sqm": 6689.1,
    "note": "概念体量，非法定建筑面积；待正式控规与现状权属核验后复算。"
   },
   "geometry": {
    "type": "Polygon",
    "coordinates": [
     [
      [
       116.35187999999997,
       40.018019999999815
      ],
      [
       116.35271999999996,
       40.018019999999815
      ],
      [
       116.35271999999996,
       40.01717999999982
      ],
      [
       116.35187999999997,
       40.01717999999982
      ],
      [
       116.35187999999997,
       40.018019999999815
      ]
     ]
    ]
   }
  },
  {
   "type": "Feature",
   "id": "B-0499",
   "properties": {
    "id": "B-0499",
    "layer": "BUILDING_FOOTPRINT",
    "building_type": "1001",
    "building_type_name_zh": "AI 研发厂房",
    "source_type": "agent_generated_design",
    "confidence": "low",
    "geometry_role": "design_proposal",
    "area_sqm": 6689.0,
    "note": "概念体量，非法定建筑面积；待正式控规与现状权属核验后复算。"
   },
   "geometry": {
    "type": "Polygon",
    "coordinates": [
     [
      [
       116.35187999999997,
       40.01921999999981
      ],
      [
       116.35271999999996,
       40.01921999999981
      ],
      [
       116.35271999999996,
       40.018379999999816
      ],
      [
       116.35187999999997,
       40.018379999999816
      ],
      [
       116.35187999999997,
       40.01921999999981
      ]
     ]
    ]
   }
  },
  {
   "type": "Feature",
   "id": "B-0500",
   "properties": {
    "id": "B-0500",
    "layer": "BUILDING_FOOTPRINT",
    "building_type": "1001",
    "building_type_name_zh": "AI 研发厂房",
    "source_type": "agent_generated_design",
    "confidence": "low",
    "geometry_role": "design_proposal",
    "area_sqm": 6688.8,
    "note": "概念体量，非法定建筑面积；待正式控规与现状权属核验后复算。"
   },
   "geometry": {
    "type": "Polygon",
    "coordinates": [
     [
      [
       116.35187999999997,
       40.02041999999981
      ],
      [
       116.35271999999996,
       40.02041999999981
      ],
      [
       116.35271999999996,
       40.01957999999981
      ],
      [
       116.35187999999997,
       40.01957999999981
      ],
      [
       116.35187999999997,
       40.02041999999981
      ]
     ]
    ]
   }
  },
  {
   "type": "Feature",
   "id": "B-0501",
   "properties": {
    "id": "B-0501",
    "layer": "BUILDING_FOOTPRINT",
    "building_type": "1001",
    "building_type_name_zh": "AI 研发厂房",
    "source_type": "agent_generated_design",
    "confidence": "low",
    "geometry_role": "design_proposal",
    "area_sqm": 6688.7,
    "note": "概念体量，非法定建筑面积；待正式控规与现状权属核验后复算。"
   },
   "geometry": {
    "type": "Polygon",
    "coordinates": [
     [
      [
       116.35187999999997,
       40.02161999999981
      ],
      [
       116.35271999999996,
       40.02161999999981
      ],
      [
       116.35271999999996,
       40.02077999999981
      ],
      [
       116.35187999999997,
       40.02077999999981
      ],
      [
       116.35187999999997,
       40.02161999999981
      ]
     ]
    ]
   }
  },
  {
   "type": "Feature",
   "id": "B-0502",
   "properties": {
    "id": "B-0502",
    "layer": "BUILDING_FOOTPRINT",
    "building_type": "1001",
    "building_type_name_zh": "AI 研发厂房",
    "source_type": "agent_generated_design",
    "confidence": "low",
    "geometry_role": "design_proposal",
    "area_sqm": 6688.6,
    "note": "概念体量，非法定建筑面积；待正式控规与现状权属核验后复算。"
   },
   "geometry": {
    "type": "Polygon",
    "coordinates": [
     [
      [
       116.35187999999997,
       40.022819999999804
      ],
      [
       116.35271999999996,
       40.022819999999804
      ],
      [
       116.35271999999996,
       40.02197999999981
      ],
      [
       116.35187999999997,
       40.02197999999981
      ],
      [
       116.35187999999997,
       40.022819999999804
      ]
     ]
    ]
   }
  },
  {
   "type": "Feature",
   "id": "B-0503",
   "properties": {
    "id": "B-0503",
    "layer": "BUILDING_FOOTPRINT",
    "building_type": "1001",
    "building_type_name_zh": "AI 研发厂房",
    "source_type": "agent_generated_design",
    "confidence": "low",
    "geometry_role": "design_proposal",
    "area_sqm": 6688.5,
    "note": "概念体量，非法定建筑面积；待正式控规与现状权属核验后复算。"
   },
   "geometry": {
    "type": "Polygon",
    "coordinates": [
     [
      [
       116.35187999999997,
       40.0240199999998
      ],
      [
       116.35271999999996,
       40.0240199999998
      ],
      [
       116.35271999999996,
       40.023179999999805
      ],
      [
       116.35187999999997,
       40.023179999999805
      ],
      [
       116.35187999999997,
       40.0240199999998
      ]
     ]
    ]
   }
  },
  {
   "type": "Feature",
   "id": "B-0504",
   "properties": {
    "id": "B-0504",
    "layer": "BUILDING_FOOTPRINT",
    "building_type": "1001",
    "building_type_name_zh": "AI 研发厂房",
    "source_type": "agent_generated_design",
    "confidence": "low",
    "geometry_role": "design_proposal",
    "area_sqm": 6688.4,
    "note": "概念体量，非法定建筑面积；待正式控规与现状权属核验后复算。"
   },
   "geometry": {
    "type": "Polygon",
    "coordinates": [
     [
      [
       116.35187999999997,
       40.0252199999998
      ],
      [
       116.35271999999996,
       40.0252199999998
      ],
      [
       116.35271999999996,
       40.0243799999998
      ],
      [
       116.35187999999997,
       40.0243799999998
      ],
      [
       116.35187999999997,
       40.0252199999998
      ]
     ]
    ]
   }
  },
  {
   "type": "Feature",
   "id": "B-0505",
   "properties": {
    "id": "B-0505",
    "layer": "BUILDING_FOOTPRINT",
    "building_type": "1001",
    "building_type_name_zh": "AI 研发厂房",
    "source_type": "agent_generated_design",
    "confidence": "low",
    "geometry_role": "design_proposal",
    "area_sqm": 5892.0,
    "note": "概念体量，非法定建筑面积；待正式控规与现状权属核验后复算。"
   },
   "geometry": {
    "type": "Polygon",
    "coordinates": [
     [
      [
       116.35271999999996,
       40.0255799999998
      ],
      [
       116.35187999999997,
       40.0255799999998
      ],
      [
       116.35187999999997,
       40.02632
      ],
      [
       116.35271999999996,
       40.02632
      ],
      [
       116.35271999999996,
       40.0255799999998
      ]
     ]
    ]
   }
  },
  {
   "type": "Feature",
   "id": "B-0506",
   "properties": {
    "id": "B-0506",
    "layer": "BUILDING_FOOTPRINT",
    "building_type": "0701",
    "building_type_name_zh": "人才公寓",
    "source_type": "agent_generated_design",
    "confidence": "low",
    "geometry_role": "design_proposal",
    "area_sqm": 6696.5,
    "note": "概念体量，非法定建筑面积；待正式控规与现状权属核验后复算。"
   },
   "geometry": {
    "type": "Polygon",
    "coordinates": [
     [
      [
       116.35307999999996,
       39.941219999999994
      ],
      [
       116.35391999999996,
       39.941219999999994
      ],
      [
       116.35391999999996,
       39.94038
      ],
      [
       116.35307999999996,
       39.94038
      ],
      [
       116.35307999999996,
       39.941219999999994
      ]
     ]
    ]
   }
  },
  {
   "type": "Feature",
   "id": "B-0507",
   "properties": {
    "id": "B-0507",
    "layer": "BUILDING_FOOTPRINT",
    "building_type": "0801",
    "building_type_name_zh": "创新服务机构",
    "source_type": "agent_generated_design",
    "confidence": "low",
    "geometry_role": "design_proposal",
    "area_sqm": 6696.4,
    "note": "概念体量，非法定建筑面积；待正式控规与现状权属核验后复算。"
   },
   "geometry": {
    "type": "Polygon",
    "coordinates": [
     [
      [
       116.35307999999996,
       39.94241999999999
      ],
      [
       116.35391999999996,
       39.94241999999999
      ],
      [
       116.35391999999996,
       39.941579999999995
      ],
      [
       116.35307999999996,
       39.941579999999995
      ],
      [
       116.35307999999996,
       39.94241999999999
      ]
     ]
    ]
   }
  },
  {
   "type": "Feature",
   "id": "B-0508",
   "properties": {
    "id": "B-0508",
    "layer": "BUILDING_FOOTPRINT",
    "building_type": "0902",
    "building_type_name_zh": "AI 企业总部",
    "source_type": "agent_generated_design",
    "confidence": "low",
    "geometry_role": "design_proposal",
    "area_sqm": 6696.1,
    "note": "概念体量，非法定建筑面积；待正式控规与现状权属核验后复算。"
   },
   "geometry": {
    "type": "Polygon",
    "coordinates": [
     [
      [
       116.35307999999996,
       39.944819999999986
      ],
      [
       116.35391999999996,
       39.944819999999986
      ],
      [
       116.35391999999996,
       39.94397999999999
      ],
      [
       116.35307999999996,
       39.94397999999999
      ],
      [
       116.35307999999996,
       39.944819999999986
      ]
     ]
    ]
   }
  },
  {
   "type": "Feature",
   "id": "B-0509",
   "properties": {
    "id": "B-0509",
    "layer": "BUILDING_FOOTPRINT",
    "building_type": "0902",
    "building_type_name_zh": "AI 企业总部",
    "source_type": "agent_generated_design",
    "confidence": "low",
    "geometry_role": "design_proposal",
    "area_sqm": 6696.0,
    "note": "概念体量，非法定建筑面积；待正式控规与现状权属核验后复算。"
   },
   "geometry": {
    "type": "Polygon",
    "coordinates": [
     [
      [
       116.35307999999996,
       39.94601999999998
      ],
      [
       116.35391999999996,
       39.94601999999998
      ],
      [
       116.35391999999996,
       39.945179999999986
      ],
      [
       116.35307999999996,
       39.945179999999986
      ],
      [
       116.35307999999996,
       39.94601999999998
      ]
     ]
    ]
   }
  },
  {
   "type": "Feature",
   "id": "B-0510",
   "properties": {
    "id": "B-0510",
    "layer": "BUILDING_FOOTPRINT",
    "building_type": "0902",
    "building_type_name_zh": "AI 企业总部",
    "source_type": "agent_generated_design",
    "confidence": "low",
    "geometry_role": "design_proposal",
    "area_sqm": 6695.9,
    "note": "概念体量，非法定建筑面积；待正式控规与现状权属核验后复算。"
   },
   "geometry": {
    "type": "Polygon",
    "coordinates": [
     [
      [
       116.35307999999996,
       39.94721999999998
      ],
      [
       116.35391999999996,
       39.94721999999998
      ],
      [
       116.35391999999996,
       39.946379999999984
      ],
      [
       116.35307999999996,
       39.946379999999984
      ],
      [
       116.35307999999996,
       39.94721999999998
      ]
     ]
    ]
   }
  },
  {
   "type": "Feature",
   "id": "B-0511",
   "properties": {
    "id": "B-0511",
    "layer": "BUILDING_FOOTPRINT",
    "building_type": "0902",
    "building_type_name_zh": "AI 企业总部",
    "source_type": "agent_generated_design",
    "confidence": "low",
    "geometry_role": "design_proposal",
    "area_sqm": 6695.8,
    "note": "概念体量，非法定建筑面积；待正式控规与现状权属核验后复算。"
   },
   "geometry": {
    "type": "Polygon",
    "coordinates": [
     [
      [
       116.35307999999996,
       39.94841999999998
      ],
      [
       116.35391999999996,
       39.94841999999998
      ],
      [
       116.35391999999996,
       39.94757999999998
      ],
      [
       116.35307999999996,
       39.94757999999998
      ],
      [
       116.35307999999996,
       39.94841999999998
      ]
     ]
    ]
   }
  },
  {
   "type": "Feature",
   "id": "B-0512",
   "properties": {
    "id": "B-0512",
    "layer": "BUILDING_FOOTPRINT",
    "building_type": "0902",
    "building_type_name_zh": "AI 企业总部",
    "source_type": "agent_generated_design",
    "confidence": "low",
    "geometry_role": "design_proposal",
    "area_sqm": 6695.7,
    "note": "概念体量，非法定建筑面积；待正式控规与现状权属核验后复算。"
   },
   "geometry": {
    "type": "Polygon",
    "coordinates": [
     [
      [
       116.35307999999996,
       39.949619999999975
      ],
      [
       116.35391999999996,
       39.949619999999975
      ],
      [
       116.35391999999996,
       39.94877999999998
      ],
      [
       116.35307999999996,
       39.94877999999998
      ],
      [
       116.35307999999996,
       39.949619999999975
      ]
     ]
    ]
   }
  },
  {
   "type": "Feature",
   "id": "B-0513",
   "properties": {
    "id": "B-0513",
    "layer": "BUILDING_FOOTPRINT",
    "building_type": "0901",
    "building_type_name_zh": "智能商业",
    "source_type": "agent_generated_design",
    "confidence": "low",
    "geometry_role": "design_proposal",
    "area_sqm": 6695.6,
    "note": "概念体量，非法定建筑面积；待正式控规与现状权属核验后复算。"
   },
   "geometry": {
    "type": "Polygon",
    "coordinates": [
     [
      [
       116.35307999999996,
       39.95081999999997
      ],
      [
       116.35391999999996,
       39.95081999999997
      ],
      [
       116.35391999999996,
       39.949979999999975
      ],
      [
       116.35307999999996,
       39.949979999999975
      ],
      [
       116.35307999999996,
       39.95081999999997
      ]
     ]
    ]
   }
  },
  {
   "type": "Feature",
   "id": "B-0514",
   "properties": {
    "id": "B-0514",
    "layer": "BUILDING_FOOTPRINT",
    "building_type": "0701",
    "building_type_name_zh": "人才公寓",
    "source_type": "agent_generated_design",
    "confidence": "low",
    "geometry_role": "design_proposal",
    "area_sqm": 6695.3,
    "note": "概念体量，非法定建筑面积；待正式控规与现状权属核验后复算。"
   },
   "geometry": {
    "type": "Polygon",
    "coordinates": [
     [
      [
       116.35307999999996,
       39.953219999999966
      ],
      [
       116.35391999999996,
       39.953219999999966
      ],
      [
       116.35391999999996,
       39.95237999999997
      ],
      [
       116.35307999999996,
       39.95237999999997
      ],
      [
       116.35307999999996,
       39.953219999999966
      ]
     ]
    ]
   }
  },
  {
   "type": "Feature",
   "id": "B-0515",
   "properties": {
    "id": "B-0515",
    "layer": "BUILDING_FOOTPRINT",
    "building_type": "0701",
    "building_type_name_zh": "人才公寓",
    "source_type": "agent_generated_design",
    "confidence": "low",
    "geometry_role": "design_proposal",
    "area_sqm": 6695.2,
    "note": "概念体量，非法定建筑面积；待正式控规与现状权属核验后复算。"
   },
   "geometry": {
    "type": "Polygon",
    "coordinates": [
     [
      [
       116.35307999999996,
       39.95441999999996
      ],
      [
       116.35391999999996,
       39.95441999999996
      ],
      [
       116.35391999999996,
       39.95357999999997
      ],
      [
       116.35307999999996,
       39.95357999999997
      ],
      [
       116.35307999999996,
       39.95441999999996
      ]
     ]
    ]
   }
  },
  {
   "type": "Feature",
   "id": "B-0516",
   "properties": {
    "id": "B-0516",
    "layer": "BUILDING_FOOTPRINT",
    "building_type": "0901",
    "building_type_name_zh": "智能商业",
    "source_type": "agent_generated_design",
    "confidence": "low",
    "geometry_role": "design_proposal",
    "area_sqm": 6695.0,
    "note": "概念体量，非法定建筑面积；待正式控规与现状权属核验后复算。"
   },
   "geometry": {
    "type": "Polygon",
    "coordinates": [
     [
      [
       116.35307999999996,
       39.95681999999996
      ],
      [
       116.35391999999996,
       39.95681999999996
      ],
      [
       116.35391999999996,
       39.95597999999996
      ],
      [
       116.35307999999996,
       39.95597999999996
      ],
      [
       116.35307999999996,
       39.95681999999996
      ]
     ]
    ]
   }
  },
  {
   "type": "Feature",
   "id": "B-0517",
   "properties": {
    "id": "B-0517",
    "layer": "BUILDING_FOOTPRINT",
    "building_type": "0701",
    "building_type_name_zh": "人才公寓",
    "source_type": "agent_generated_design",
    "confidence": "low",
    "geometry_role": "design_proposal",
    "area_sqm": 6694.9,
    "note": "概念体量，非法定建筑面积；待正式控规与现状权属核验后复算。"
   },
   "geometry": {
    "type": "Polygon",
    "coordinates": [
     [
      [
       116.35307999999996,
       39.958019999999955
      ],
      [
       116.35391999999996,
       39.958019999999955
      ],
      [
       116.35391999999996,
       39.95717999999996
      ],
      [
       116.35307999999996,
       39.95717999999996
      ],
      [
       116.35307999999996,
       39.958019999999955
      ]
     ]
    ]
   }
  },
  {
   "type": "Feature",
   "id": "B-0518",
   "properties": {
    "id": "B-0518",
    "layer": "BUILDING_FOOTPRINT",
    "building_type": "0701",
    "building_type_name_zh": "人才公寓",
    "source_type": "agent_generated_design",
    "confidence": "low",
    "geometry_role": "design_proposal",
    "area_sqm": 6694.7,
    "note": "概念体量，非法定建筑面积；待正式控规与现状权属核验后复算。"
   },
   "geometry": {
    "type": "Polygon",
    "coordinates": [
     [
      [
       116.35307999999996,
       39.95921999999995
      ],
      [
       116.35391999999996,
       39.95921999999995
      ],
      [
       116.35391999999996,
       39.958379999999956
      ],
      [
       116.35307999999996,
       39.958379999999956
      ],
      [
       116.35307999999996,
       39.95921999999995
      ]
     ]
    ]
   }
  },
  {
   "type": "Feature",
   "id": "B-0519",
   "properties": {
    "id": "B-0519",
    "layer": "BUILDING_FOOTPRINT",
    "building_type": "0801",
    "building_type_name_zh": "创新服务机构",
    "source_type": "agent_generated_design",
    "confidence": "low",
    "geometry_role": "design_proposal",
    "area_sqm": 6694.6,
    "note": "概念体量，非法定建筑面积；待正式控规与现状权属核验后复算。"
   },
   "geometry": {
    "type": "Polygon",
    "coordinates": [
     [
      [
       116.35307999999996,
       39.96041999999995
      ],
      [
       116.35391999999996,
       39.96041999999995
      ],
      [
       116.35391999999996,
       39.95957999999995
      ],
      [
       116.35307999999996,
       39.95957999999995
      ],
      [
       116.35307999999996,
       39.96041999999995
      ]
     ]
    ]
   }
  },
  {
   "type": "Feature",
   "id": "B-0520",
   "properties": {
    "id": "B-0520",
    "layer": "BUILDING_FOOTPRINT",
    "building_type": "0901",
    "building_type_name_zh": "智能商业",
    "source_type": "agent_generated_design",
    "confidence": "low",
    "geometry_role": "design_proposal",
    "area_sqm": 6693.2,
    "note": "概念体量，非法定建筑面积；待正式控规与现状权属核验后复算。"
   },
   "geometry": {
    "type": "Polygon",
    "coordinates": [
     [
      [
       116.35307999999996,
       39.974819999999916
      ],
      [
       116.35391999999996,
       39.974819999999916
      ],
      [
       116.35391999999996,
       39.97397999999992
      ],
      [
       116.35307999999996,
       39.97397999999992
      ],
      [
       116.35307999999996,
       39.974819999999916
      ]
     ]
    ]
   }
  },
  {
   "type": "Feature",
   "id": "B-0521",
   "properties": {
    "id": "B-0521",
    "layer": "BUILDING_FOOTPRINT",
    "building_type": "0801",
    "building_type_name_zh": "创新服务机构",
    "source_type": "agent_generated_design",
    "confidence": "low",
    "geometry_role": "design_proposal",
    "area_sqm": 6693.0,
    "note": "概念体量，非法定建筑面积；待正式控规与现状权属核验后复算。"
   },
   "geometry": {
    "type": "Polygon",
    "coordinates": [
     [
      [
       116.35307999999996,
       39.97721999999991
      ],
      [
       116.35391999999996,
       39.97721999999991
      ],
      [
       116.35391999999996,
       39.976379999999914
      ],
      [
       116.35307999999996,
       39.976379999999914
      ],
      [
       116.35307999999996,
       39.97721999999991
      ]
     ]
    ]
   }
  },
  {
   "type": "Feature",
   "id": "B-0522",
   "properties": {
    "id": "B-0522",
    "layer": "BUILDING_FOOTPRINT",
    "building_type": "0701",
    "building_type_name_zh": "人才公寓",
    "source_type": "agent_generated_design",
    "confidence": "low",
    "geometry_role": "design_proposal",
    "area_sqm": 6692.9,
    "note": "概念体量，非法定建筑面积；待正式控规与现状权属核验后复算。"
   },
   "geometry": {
    "type": "Polygon",
    "coordinates": [
     [
      [
       116.35307999999996,
       39.97841999999991
      ],
      [
       116.35391999999996,
       39.97841999999991
      ],
      [
       116.35391999999996,
       39.97757999999991
      ],
      [
       116.35307999999996,
       39.97757999999991
      ],
      [
       116.35307999999996,
       39.97841999999991
      ]
     ]
    ]
   }
  },
  {
   "type": "Feature",
   "id": "B-0523",
   "properties": {
    "id": "B-0523",
    "layer": "BUILDING_FOOTPRINT",
    "building_type": "0901",
    "building_type_name_zh": "智能商业",
    "source_type": "agent_generated_design",
    "confidence": "low",
    "geometry_role": "design_proposal",
    "area_sqm": 6433.1,
    "note": "概念体量，非法定建筑面积；待正式控规与现状权属核验后复算。"
   },
   "geometry": {
    "type": "Polygon",
    "coordinates": [
     [
      [
       116.35391999999996,
       39.979979999999905
      ],
      [
       116.35307999999996,
       39.979979999999905
      ],
      [
       116.35307999999996,
       39.9808199999999
      ],
      [
       116.35385382491867,
       39.9808199999999
      ],
      [
       116.35391999999996,
       39.97999281148382
      ],
      [
       116.35391999999996,
       39.979979999999905
      ]
     ]
    ]
   }
  },
  {
   "type": "Feature",
   "id": "B-0524",
   "properties": {
    "id": "B-0524",
    "layer": "BUILDING_FOOTPRINT",
    "building_type": "0701",
    "building_type_name_zh": "人才公寓",
    "source_type": "agent_generated_design",
    "confidence": "low",
    "geometry_role": "design_proposal",
    "area_sqm": 5668.1,
    "note": "概念体量，非法定建筑面积；待正式控规与现状权属核验后复算。"
   },
   "geometry": {
    "type": "Polygon",
    "coordinates": [
     [
      [
       116.35307999999996,
       39.9811799999999
      ],
      [
       116.35307999999996,
       39.9820199999999
      ],
      [
       116.35375782491867,
       39.9820199999999
      ],
      [
       116.35382502491866,
       39.9811799999999
      ],
      [
       116.35307999999996,
       39.9811799999999
      ]
     ]
    ]
   }
  },
  {
   "type": "Feature",
   "id": "B-0525",
   "properties": {
    "id": "B-0525",
    "layer": "BUILDING_FOOTPRINT",
    "building_type": "0701",
    "building_type_name_zh": "人才公寓",
    "source_type": "agent_generated_design",
    "confidence": "low",
    "geometry_role": "design_proposal",
    "area_sqm": 4903.2,
    "note": "概念体量，非法定建筑面积；待正式控规与现状权属核验后复算。"
   },
   "geometry": {
    "type": "Polygon",
    "coordinates": [
     [
      [
       116.35307999999996,
       39.9823799999999
      ],
      [
       116.35307999999996,
       39.983219999999896
      ],
      [
       116.35366182491867,
       39.983219999999896
      ],
      [
       116.35372902491866,
       39.9823799999999
      ],
      [
       116.35307999999996,
       39.9823799999999
      ]
     ]
    ]
   }
  },
  {
   "type": "Feature",
   "id": "B-0526",
   "properties": {
    "id": "B-0526",
    "layer": "BUILDING_FOOTPRINT",
    "building_type": "0701",
    "building_type_name_zh": "人才公寓",
    "source_type": "agent_generated_design",
    "confidence": "low",
    "geometry_role": "design_proposal",
    "area_sqm": 4138.3,
    "note": "概念体量，非法定建筑面积；待正式控规与现状权属核验后复算。"
   },
   "geometry": {
    "type": "Polygon",
    "coordinates": [
     [
      [
       116.35307999999996,
       39.9835799999999
      ],
      [
       116.35307999999996,
       39.98441999999989
      ],
      [
       116.35356582491868,
       39.98441999999989
      ],
      [
       116.35363302491866,
       39.9835799999999
      ],
      [
       116.35307999999996,
       39.9835799999999
      ]
     ]
    ]
   }
  },
  {
   "type": "Feature",
   "id": "B-0527",
   "properties": {
    "id": "B-0527",
    "layer": "BUILDING_FOOTPRINT",
    "building_type": "0701",
    "building_type_name_zh": "人才公寓",
    "source_type": "agent_generated_design",
    "confidence": "low",
    "geometry_role": "design_proposal",
    "area_sqm": 3982.7,
    "note": "概念体量，非法定建筑面积；待正式控规与现状权属核验后复算。"
   },
   "geometry": {
    "type": "Polygon",
    "coordinates": [
     [
      [
       116.35307999999996,
       39.99797999999986
      ],
      [
       116.35307999999996,
       39.99881999999986
      ],
      [
       116.3536030176542,
       39.99881999999986
      ],
      [
       116.35355699025695,
       39.99797999999986
      ],
      [
       116.35307999999996,
       39.99797999999986
      ]
     ]
    ]
   }
  },
  {
   "type": "Feature",
   "id": "B-0528",
   "properties": {
    "id": "B-0528",
    "layer": "BUILDING_FOOTPRINT",
    "building_type": "0701",
    "building_type_name_zh": "人才公寓",
    "source_type": "agent_generated_design",
    "confidence": "low",
    "geometry_role": "design_proposal",
    "area_sqm": 4506.4,
    "note": "概念体量，非法定建筑面积；待正式控规与现状权属核验后复算。"
   },
   "geometry": {
    "type": "Polygon",
    "coordinates": [
     [
      [
       116.35307999999996,
       39.99917999999986
      ],
      [
       116.35307999999996,
       40.00001999999986
      ],
      [
       116.35366877107886,
       40.00001999999986
      ],
      [
       116.3536227436816,
       39.99917999999986
      ],
      [
       116.35307999999996,
       39.99917999999986
      ]
     ]
    ]
   }
  },
  {
   "type": "Feature",
   "id": "B-0529",
   "properties": {
    "id": "B-0529",
    "layer": "BUILDING_FOOTPRINT",
    "building_type": "0801",
    "building_type_name_zh": "创新服务机构",
    "source_type": "agent_generated_design",
    "confidence": "low",
    "geometry_role": "design_proposal",
    "area_sqm": 5030.1,
    "note": "概念体量，非法定建筑面积；待正式控规与现状权属核验后复算。"
   },
   "geometry": {
    "type": "Polygon",
    "coordinates": [
     [
      [
       116.35307999999996,
       40.00037999999986
      ],
      [
       116.35307999999996,
       40.001219999999854
      ],
      [
       116.35373452450351,
       40.001219999999854
      ],
      [
       116.35368849710626,
       40.00037999999986
      ],
      [
       116.35307999999996,
       40.00037999999986
      ]
     ]
    ]
   }
  },
  {
   "type": "Feature",
   "id": "B-0530",
   "properties": {
    "id": "B-0530",
    "layer": "BUILDING_FOOTPRINT",
    "building_type": "0701",
    "building_type_name_zh": "人才公寓",
    "source_type": "agent_generated_design",
    "confidence": "low",
    "geometry_role": "design_proposal",
    "area_sqm": 5553.7,
    "note": "概念体量，非法定建筑面积；待正式控规与现状权属核验后复算。"
   },
   "geometry": {
    "type": "Polygon",
    "coordinates": [
     [
      [
       116.35307999999996,
       40.001579999999855
      ],
      [
       116.35307999999996,
       40.00241999999985
      ],
      [
       116.35380027792817,
       40.00241999999985
      ],
      [
       116.35375425053091,
       40.001579999999855
      ],
      [
       116.35307999999996,
       40.001579999999855
      ]
     ]
    ]
   }
  },
  {
   "type": "Feature",
   "id": "B-0531",
   "properties": {
    "id": "B-0531",
    "layer": "BUILDING_FOOTPRINT",
    "building_type": "0701",
    "building_type_name_zh": "人才公寓",
    "source_type": "agent_generated_design",
    "confidence": "low",
    "geometry_role": "design_proposal",
    "area_sqm": 6588.9,
    "note": "概念体量，非法定建筑面积；待正式控规与现状权属核验后复算。"
   },
   "geometry": {
    "type": "Polygon",
    "coordinates": [
     [
      [
       116.35307999999996,
       40.00397999999985
      ],
      [
       116.35307999999996,
       40.004819999999846
      ],
      [
       116.35391999999996,
       40.004819999999846
      ],
      [
       116.35391999999996,
       40.004604927809964
      ],
      [
       116.35388575738023,
       40.00397999999985
      ],
      [
       116.35307999999996,
       40.00397999999985
      ]
     ]
    ]
   }
  },
  {
   "type": "Feature",
   "id": "B-0532",
   "properties": {
    "id": "B-0532",
    "layer": "BUILDING_FOOTPRINT",
    "building_type": "0701",
    "building_type_name_zh": "人才公寓",
    "source_type": "agent_generated_design",
    "confidence": "low",
    "geometry_role": "design_proposal",
    "area_sqm": 6690.2,
    "note": "概念体量，非法定建筑面积；待正式控规与现状权属核验后复算。"
   },
   "geometry": {
    "type": "Polygon",
    "coordinates": [
     [
      [
       116.35307999999996,
       40.00601999999984
      ],
      [
       116.35391999999996,
       40.00601999999984
      ],
      [
       116.35391999999996,
       40.00517999999985
      ],
      [
       116.35307999999996,
       40.00517999999985
      ],
      [
       116.35307999999996,
       40.00601999999984
      ]
     ]
    ]
   }
  },
  {
   "type": "Feature",
   "id": "B-0533",
   "properties": {
    "id": "B-0533",
    "layer": "BUILDING_FOOTPRINT",
    "building_type": "0701",
    "building_type_name_zh": "人才公寓",
    "source_type": "agent_generated_design",
    "confidence": "low",
    "geometry_role": "design_proposal",
    "area_sqm": 6690.1,
    "note": "概念体量，非法定建筑面积；待正式控规与现状权属核验后复算。"
   },
   "geometry": {
    "type": "Polygon",
    "coordinates": [
     [
      [
       116.35307999999996,
       40.00721999999984
      ],
      [
       116.35391999999996,
       40.00721999999984
      ],
      [
       116.35391999999996,
       40.006379999999844
      ],
      [
       116.35307999999996,
       40.006379999999844
      ],
      [
       116.35307999999996,
       40.00721999999984
      ]
     ]
    ]
   }
  },
  {
   "type": "Feature",
   "id": "B-0534",
   "properties": {
    "id": "B-0534",
    "layer": "BUILDING_FOOTPRINT",
    "building_type": "1001",
    "building_type_name_zh": "AI 研发厂房",
    "source_type": "agent_generated_design",
    "confidence": "low",
    "geometry_role": "design_proposal",
    "area_sqm": 6690.0,
    "note": "概念体量，非法定建筑面积；待正式控规与现状权属核验后复算。"
   },
   "geometry": {
    "type": "Polygon",
    "coordinates": [
     [
      [
       116.35307999999996,
       40.00841999999984
      ],
      [
       116.35391999999996,
       40.00841999999984
      ],
      [
       116.35391999999996,
       40.00757999999984
      ],
      [
       116.35307999999996,
       40.00757999999984
      ],
      [
       116.35307999999996,
       40.00841999999984
      ]
     ]
    ]
   }
  },
  {
   "type": "Feature",
   "id": "B-0535",
   "properties": {
    "id": "B-0535",
    "layer": "BUILDING_FOOTPRINT",
    "building_type": "1001",
    "building_type_name_zh": "AI 研发厂房",
    "source_type": "agent_generated_design",
    "confidence": "low",
    "geometry_role": "design_proposal",
    "area_sqm": 6689.9,
    "note": "概念体量，非法定建筑面积；待正式控规与现状权属核验后复算。"
   },
   "geometry": {
    "type": "Polygon",
    "coordinates": [
     [
      [
       116.35307999999996,
       40.009619999999835
      ],
      [
       116.35391999999996,
       40.009619999999835
      ],
      [
       116.35391999999996,
       40.00877999999984
      ],
      [
       116.35307999999996,
       40.00877999999984
      ],
      [
       116.35307999999996,
       40.009619999999835
      ]
     ]
    ]
   }
  },
  {
   "type": "Feature",
   "id": "B-0536",
   "properties": {
    "id": "B-0536",
    "layer": "BUILDING_FOOTPRINT",
    "building_type": "1001",
    "building_type_name_zh": "AI 研发厂房",
    "source_type": "agent_generated_design",
    "confidence": "low",
    "geometry_role": "design_proposal",
    "area_sqm": 6689.8,
    "note": "概念体量，非法定建筑面积；待正式控规与现状权属核验后复算。"
   },
   "geometry": {
    "type": "Polygon",
    "coordinates": [
     [
      [
       116.35307999999996,
       40.01081999999983
      ],
      [
       116.35391999999996,
       40.01081999999983
      ],
      [
       116.35391999999996,
       40.009979999999835
      ],
      [
       116.35307999999996,
       40.009979999999835
      ],
      [
       116.35307999999996,
       40.01081999999983
      ]
     ]
    ]
   }
  },
  {
   "type": "Feature",
   "id": "B-0537",
   "properties": {
    "id": "B-0537",
    "layer": "BUILDING_FOOTPRINT",
    "building_type": "1001",
    "building_type_name_zh": "AI 研发厂房",
    "source_type": "agent_generated_design",
    "confidence": "low",
    "geometry_role": "design_proposal",
    "area_sqm": 6689.7,
    "note": "概念体量，非法定建筑面积；待正式控规与现状权属核验后复算。"
   },
   "geometry": {
    "type": "Polygon",
    "coordinates": [
     [
      [
       116.35307999999996,
       40.01201999999983
      ],
      [
       116.35391999999996,
       40.01201999999983
      ],
      [
       116.35391999999996,
       40.01117999999983
      ],
      [
       116.35307999999996,
       40.01117999999983
      ],
      [
       116.35307999999996,
       40.01201999999983
      ]
     ]
    ]
   }
  },
  {
   "type": "Feature",
   "id": "B-0538",
   "properties": {
    "id": "B-0538",
    "layer": "BUILDING_FOOTPRINT",
    "building_type": "1001",
    "building_type_name_zh": "AI 研发厂房",
    "source_type": "agent_generated_design",
    "confidence": "low",
    "geometry_role": "design_proposal",
    "area_sqm": 6689.5,
    "note": "概念体量，非法定建筑面积；待正式控规与现状权属核验后复算。"
   },
   "geometry": {
    "type": "Polygon",
    "coordinates": [
     [
      [
       116.35307999999996,
       40.013219999999826
      ],
      [
       116.35391999999996,
       40.013219999999826
      ],
      [
       116.35391999999996,
       40.01237999999983
      ],
      [
       116.35307999999996,
       40.01237999999983
      ],
      [
       116.35307999999996,
       40.013219999999826
      ]
     ]
    ]
   }
  },
  {
   "type": "Feature",
   "id": "B-0539",
   "properties": {
    "id": "B-0539",
    "layer": "BUILDING_FOOTPRINT",
    "building_type": "1001",
    "building_type_name_zh": "AI 研发厂房",
    "source_type": "agent_generated_design",
    "confidence": "low",
    "geometry_role": "design_proposal",
    "area_sqm": 6689.4,
    "note": "概念体量，非法定建筑面积；待正式控规与现状权属核验后复算。"
   },
   "geometry": {
    "type": "Polygon",
    "coordinates": [
     [
      [
       116.35307999999996,
       40.014419999999824
      ],
      [
       116.35391999999996,
       40.014419999999824
      ],
      [
       116.35391999999996,
       40.01357999999983
      ],
      [
       116.35307999999996,
       40.01357999999983
      ],
      [
       116.35307999999996,
       40.014419999999824
      ]
     ]
    ]
   }
  },
  {
   "type": "Feature",
   "id": "B-0540",
   "properties": {
    "id": "B-0540",
    "layer": "BUILDING_FOOTPRINT",
    "building_type": "1001",
    "building_type_name_zh": "AI 研发厂房",
    "source_type": "agent_generated_design",
    "confidence": "low",
    "geometry_role": "design_proposal",
    "area_sqm": 6689.3,
    "note": "概念体量，非法定建筑面积；待正式控规与现状权属核验后复算。"
   },
   "geometry": {
    "type": "Polygon",
    "coordinates": [
     [
      [
       116.35307999999996,
       40.01561999999982
      ],
      [
       116.35391999999996,
       40.01561999999982
      ],
      [
       116.35391999999996,
       40.014779999999824
      ],
      [
       116.35307999999996,
       40.014779999999824
      ],
      [
       116.35307999999996,
       40.01561999999982
      ]
     ]
    ]
   }
  },
  {
   "type": "Feature",
   "id": "B-0541",
   "properties": {
    "id": "B-0541",
    "layer": "BUILDING_FOOTPRINT",
    "building_type": "1001",
    "building_type_name_zh": "AI 研发厂房",
    "source_type": "agent_generated_design",
    "confidence": "low",
    "geometry_role": "design_proposal",
    "area_sqm": 6689.2,
    "note": "概念体量，非法定建筑面积；待正式控规与现状权属核验后复算。"
   },
   "geometry": {
    "type": "Polygon",
    "coordinates": [
     [
      [
       116.35307999999996,
       40.01681999999982
      ],
      [
       116.35391999999996,
       40.01681999999982
      ],
      [
       116.35391999999996,
       40.01597999999982
      ],
      [
       116.35307999999996,
       40.01597999999982
      ],
      [
       116.35307999999996,
       40.01681999999982
      ]
     ]
    ]
   }
  },
  {
   "type": "Feature",
   "id": "B-0542",
   "properties": {
    "id": "B-0542",
    "layer": "BUILDING_FOOTPRINT",
    "building_type": "1001",
    "building_type_name_zh": "AI 研发厂房",
    "source_type": "agent_generated_design",
    "confidence": "low",
    "geometry_role": "design_proposal",
    "area_sqm": 6689.1,
    "note": "概念体量，非法定建筑面积；待正式控规与现状权属核验后复算。"
   },
   "geometry": {
    "type": "Polygon",
    "coordinates": [
     [
      [
       116.35307999999996,
       40.018019999999815
      ],
      [
       116.35391999999996,
       40.018019999999815
      ],
      [
       116.35391999999996,
       40.01717999999982
      ],
      [
       116.35307999999996,
       40.01717999999982
      ],
      [
       116.35307999999996,
       40.018019999999815
      ]
     ]
    ]
   }
  },
  {
   "type": "Feature",
   "id": "B-0543",
   "properties": {
    "id": "B-0543",
    "layer": "BUILDING_FOOTPRINT",
    "building_type": "1001",
    "building_type_name_zh": "AI 研发厂房",
    "source_type": "agent_generated_design",
    "confidence": "low",
    "geometry_role": "design_proposal",
    "area_sqm": 6689.0,
    "note": "概念体量，非法定建筑面积；待正式控规与现状权属核验后复算。"
   },
   "geometry": {
    "type": "Polygon",
    "coordinates": [
     [
      [
       116.35307999999996,
       40.01921999999981
      ],
      [
       116.35391999999996,
       40.01921999999981
      ],
      [
       116.35391999999996,
       40.018379999999816
      ],
      [
       116.35307999999996,
       40.018379999999816
      ],
      [
       116.35307999999996,
       40.01921999999981
      ]
     ]
    ]
   }
  },
  {
   "type": "Feature",
   "id": "B-0544",
   "properties": {
    "id": "B-0544",
    "layer": "BUILDING_FOOTPRINT",
    "building_type": "1001",
    "building_type_name_zh": "AI 研发厂房",
    "source_type": "agent_generated_design",
    "confidence": "low",
    "geometry_role": "design_proposal",
    "area_sqm": 6688.8,
    "note": "概念体量，非法定建筑面积；待正式控规与现状权属核验后复算。"
   },
   "geometry": {
    "type": "Polygon",
    "coordinates": [
     [
      [
       116.35307999999996,
       40.02041999999981
      ],
      [
       116.35391999999996,
       40.02041999999981
      ],
      [
       116.35391999999996,
       40.01957999999981
      ],
      [
       116.35307999999996,
       40.01957999999981
      ],
      [
       116.35307999999996,
       40.02041999999981
      ]
     ]
    ]
   }
  },
  {
   "type": "Feature",
   "id": "B-0545",
   "properties": {
    "id": "B-0545",
    "layer": "BUILDING_FOOTPRINT",
    "building_type": "1001",
    "building_type_name_zh": "AI 研发厂房",
    "source_type": "agent_generated_design",
    "confidence": "low",
    "geometry_role": "design_proposal",
    "area_sqm": 6688.7,
    "note": "概念体量，非法定建筑面积；待正式控规与现状权属核验后复算。"
   },
   "geometry": {
    "type": "Polygon",
    "coordinates": [
     [
      [
       116.35307999999996,
       40.02161999999981
      ],
      [
       116.35391999999996,
       40.02161999999981
      ],
      [
       116.35391999999996,
       40.02077999999981
      ],
      [
       116.35307999999996,
       40.02077999999981
      ],
      [
       116.35307999999996,
       40.02161999999981
      ]
     ]
    ]
   }
  },
  {
   "type": "Feature",
   "id": "B-0546",
   "properties": {
    "id": "B-0546",
    "layer": "BUILDING_FOOTPRINT",
    "building_type": "1001",
    "building_type_name_zh": "AI 研发厂房",
    "source_type": "agent_generated_design",
    "confidence": "low",
    "geometry_role": "design_proposal",
    "area_sqm": 6688.6,
    "note": "概念体量，非法定建筑面积；待正式控规与现状权属核验后复算。"
   },
   "geometry": {
    "type": "Polygon",
    "coordinates": [
     [
      [
       116.35307999999996,
       40.022819999999804
      ],
      [
       116.35391999999996,
       40.022819999999804
      ],
      [
       116.35391999999996,
       40.02197999999981
      ],
      [
       116.35307999999996,
       40.02197999999981
      ],
      [
       116.35307999999996,
       40.022819999999804
      ]
     ]
    ]
   }
  },
  {
   "type": "Feature",
   "id": "B-0547",
   "properties": {
    "id": "B-0547",
    "layer": "BUILDING_FOOTPRINT",
    "building_type": "1001",
    "building_type_name_zh": "AI 研发厂房",
    "source_type": "agent_generated_design",
    "confidence": "low",
    "geometry_role": "design_proposal",
    "area_sqm": 6688.5,
    "note": "概念体量，非法定建筑面积；待正式控规与现状权属核验后复算。"
   },
   "geometry": {
    "type": "Polygon",
    "coordinates": [
     [
      [
       116.35307999999996,
       40.0240199999998
      ],
      [
       116.35391999999996,
       40.0240199999998
      ],
      [
       116.35391999999996,
       40.023179999999805
      ],
      [
       116.35307999999996,
       40.023179999999805
      ],
      [
       116.35307999999996,
       40.0240199999998
      ]
     ]
    ]
   }
  },
  {
   "type": "Feature",
   "id": "B-0548",
   "properties": {
    "id": "B-0548",
    "layer": "BUILDING_FOOTPRINT",
    "building_type": "1001",
    "building_type_name_zh": "AI 研发厂房",
    "source_type": "agent_generated_design",
    "confidence": "low",
    "geometry_role": "design_proposal",
    "area_sqm": 6688.4,
    "note": "概念体量，非法定建筑面积；待正式控规与现状权属核验后复算。"
   },
   "geometry": {
    "type": "Polygon",
    "coordinates": [
     [
      [
       116.35307999999996,
       40.0252199999998
      ],
      [
       116.35391999999996,
       40.0252199999998
      ],
      [
       116.35391999999996,
       40.0243799999998
      ],
      [
       116.35307999999996,
       40.0243799999998
      ],
      [
       116.35307999999996,
       40.0252199999998
      ]
     ]
    ]
   }
  },
  {
   "type": "Feature",
   "id": "B-0549",
   "properties": {
    "id": "B-0549",
    "layer": "BUILDING_FOOTPRINT",
    "building_type": "1001",
    "building_type_name_zh": "AI 研发厂房",
    "source_type": "agent_generated_design",
    "confidence": "low",
    "geometry_role": "design_proposal",
    "area_sqm": 5892.0,
    "note": "概念体量，非法定建筑面积；待正式控规与现状权属核验后复算。"
   },
   "geometry": {
    "type": "Polygon",
    "coordinates": [
     [
      [
       116.35391999999996,
       40.0255799999998
      ],
      [
       116.35307999999996,
       40.0255799999998
      ],
      [
       116.35307999999996,
       40.02632
      ],
      [
       116.35391999999996,
       40.02632
      ],
      [
       116.35391999999996,
       40.0255799999998
      ]
     ]
    ]
   }
  },
  {
   "type": "Feature",
   "id": "B-0550",
   "properties": {
    "id": "B-0550",
    "layer": "BUILDING_FOOTPRINT",
    "building_type": "0701",
    "building_type_name_zh": "人才公寓",
    "source_type": "agent_generated_design",
    "confidence": "low",
    "geometry_role": "design_proposal",
    "area_sqm": 6696.5,
    "note": "概念体量，非法定建筑面积；待正式控规与现状权属核验后复算。"
   },
   "geometry": {
    "type": "Polygon",
    "coordinates": [
     [
      [
       116.35427999999996,
       39.941219999999994
      ],
      [
       116.35511999999996,
       39.941219999999994
      ],
      [
       116.35511999999996,
       39.94038
      ],
      [
       116.35427999999996,
       39.94038
      ],
      [
       116.35427999999996,
       39.941219999999994
      ]
     ]
    ]
   }
  },
  {
   "type": "Feature",
   "id": "B-0551",
   "properties": {
    "id": "B-0551",
    "layer": "BUILDING_FOOTPRINT",
    "building_type": "0901",
    "building_type_name_zh": "智能商业",
    "source_type": "agent_generated_design",
    "confidence": "low",
    "geometry_role": "design_proposal",
    "area_sqm": 6696.4,
    "note": "概念体量，非法定建筑面积；待正式控规与现状权属核验后复算。"
   },
   "geometry": {
    "type": "Polygon",
    "coordinates": [
     [
      [
       116.35427999999996,
       39.94241999999999
      ],
      [
       116.35511999999996,
       39.94241999999999
      ],
      [
       116.35511999999996,
       39.941579999999995
      ],
      [
       116.35427999999996,
       39.941579999999995
      ],
      [
       116.35427999999996,
       39.94241999999999
      ]
     ]
    ]
   }
  },
  {
   "type": "Feature",
   "id": "B-0552",
   "properties": {
    "id": "B-0552",
    "layer": "BUILDING_FOOTPRINT",
    "building_type": "0902",
    "building_type_name_zh": "AI 企业总部",
    "source_type": "agent_generated_design",
    "confidence": "low",
    "geometry_role": "design_proposal",
    "area_sqm": 6696.1,
    "note": "概念体量，非法定建筑面积；待正式控规与现状权属核验后复算。"
   },
   "geometry": {
    "type": "Polygon",
    "coordinates": [
     [
      [
       116.35427999999996,
       39.944819999999986
      ],
      [
       116.35511999999996,
       39.944819999999986
      ],
      [
       116.35511999999996,
       39.94397999999999
      ],
      [
       116.35427999999996,
       39.94397999999999
      ],
      [
       116.35427999999996,
       39.944819999999986
      ]
     ]
    ]
   }
  },
  {
   "type": "Feature",
   "id": "B-0553",
   "properties": {
    "id": "B-0553",
    "layer": "BUILDING_FOOTPRINT",
    "building_type": "0902",
    "building_type_name_zh": "AI 企业总部",
    "source_type": "agent_generated_design",
    "confidence": "low",
    "geometry_role": "design_proposal",
    "area_sqm": 6696.0,
    "note": "概念体量，非法定建筑面积；待正式控规与现状权属核验后复算。"
   },
   "geometry": {
    "type": "Polygon",
    "coordinates": [
     [
      [
       116.35427999999996,
       39.94601999999998
      ],
      [
       116.35511999999996,
       39.94601999999998
      ],
      [
       116.35511999999996,
       39.945179999999986
      ],
      [
       116.35427999999996,
       39.945179999999986
      ],
      [
       116.35427999999996,
       39.94601999999998
      ]
     ]
    ]
   }
  },
  {
   "type": "Feature",
   "id": "B-0554",
   "properties": {
    "id": "B-0554",
    "layer": "BUILDING_FOOTPRINT",
    "building_type": "0902",
    "building_type_name_zh": "AI 企业总部",
    "source_type": "agent_generated_design",
    "confidence": "low",
    "geometry_role": "design_proposal",
    "area_sqm": 6695.9,
    "note": "概念体量，非法定建筑面积；待正式控规与现状权属核验后复算。"
   },
   "geometry": {
    "type": "Polygon",
    "coordinates": [
     [
      [
       116.35427999999996,
       39.94721999999998
      ],
      [
       116.35511999999996,
       39.94721999999998
      ],
      [
       116.35511999999996,
       39.946379999999984
      ],
      [
       116.35427999999996,
       39.946379999999984
      ],
      [
       116.35427999999996,
       39.94721999999998
      ]
     ]
    ]
   }
  },
  {
   "type": "Feature",
   "id": "B-0555",
   "properties": {
    "id": "B-0555",
    "layer": "BUILDING_FOOTPRINT",
    "building_type": "0902",
    "building_type_name_zh": "AI 企业总部",
    "source_type": "agent_generated_design",
    "confidence": "low",
    "geometry_role": "design_proposal",
    "area_sqm": 6695.8,
    "note": "概念体量，非法定建筑面积；待正式控规与现状权属核验后复算。"
   },
   "geometry": {
    "type": "Polygon",
    "coordinates": [
     [
      [
       116.35427999999996,
       39.94841999999998
      ],
      [
       116.35511999999996,
       39.94841999999998
      ],
      [
       116.35511999999996,
       39.94757999999998
      ],
      [
       116.35427999999996,
       39.94757999999998
      ],
      [
       116.35427999999996,
       39.94841999999998
      ]
     ]
    ]
   }
  },
  {
   "type": "Feature",
   "id": "B-0556",
   "properties": {
    "id": "B-0556",
    "layer": "BUILDING_FOOTPRINT",
    "building_type": "0902",
    "building_type_name_zh": "AI 企业总部",
    "source_type": "agent_generated_design",
    "confidence": "low",
    "geometry_role": "design_proposal",
    "area_sqm": 6695.7,
    "note": "概念体量，非法定建筑面积；待正式控规与现状权属核验后复算。"
   },
   "geometry": {
    "type": "Polygon",
    "coordinates": [
     [
      [
       116.35427999999996,
       39.949619999999975
      ],
      [
       116.35511999999996,
       39.949619999999975
      ],
      [
       116.35511999999996,
       39.94877999999998
      ],
      [
       116.35427999999996,
       39.94877999999998
      ],
      [
       116.35427999999996,
       39.949619999999975
      ]
     ]
    ]
   }
  },
  {
   "type": "Feature",
   "id": "B-0557",
   "properties": {
    "id": "B-0557",
    "layer": "BUILDING_FOOTPRINT",
    "building_type": "0801",
    "building_type_name_zh": "创新服务机构",
    "source_type": "agent_generated_design",
    "confidence": "low",
    "geometry_role": "design_proposal",
    "area_sqm": 6695.6,
    "note": "概念体量，非法定建筑面积；待正式控规与现状权属核验后复算。"
   },
   "geometry": {
    "type": "Polygon",
    "coordinates": [
     [
      [
       116.35427999999996,
       39.95081999999997
      ],
      [
       116.35511999999996,
       39.95081999999997
      ],
      [
       116.35511999999996,
       39.949979999999975
      ],
      [
       116.35427999999996,
       39.949979999999975
      ],
      [
       116.35427999999996,
       39.95081999999997
      ]
     ]
    ]
   }
  },
  {
   "type": "Feature",
   "id": "B-0558",
   "properties": {
    "id": "B-0558",
    "layer": "BUILDING_FOOTPRINT",
    "building_type": "0701",
    "building_type_name_zh": "人才公寓",
    "source_type": "agent_generated_design",
    "confidence": "low",
    "geometry_role": "design_proposal",
    "area_sqm": 6695.3,
    "note": "概念体量，非法定建筑面积；待正式控规与现状权属核验后复算。"
   },
   "geometry": {
    "type": "Polygon",
    "coordinates": [
     [
      [
       116.35427999999996,
       39.953219999999966
      ],
      [
       116.35511999999996,
       39.953219999999966
      ],
      [
       116.35511999999996,
       39.95237999999997
      ],
      [
       116.35427999999996,
       39.95237999999997
      ],
      [
       116.35427999999996,
       39.953219999999966
      ]
     ]
    ]
   }
  },
  {
   "type": "Feature",
   "id": "B-0559",
   "properties": {
    "id": "B-0559",
    "layer": "BUILDING_FOOTPRINT",
    "building_type": "0701",
    "building_type_name_zh": "人才公寓",
    "source_type": "agent_generated_design",
    "confidence": "low",
    "geometry_role": "design_proposal",
    "area_sqm": 6695.2,
    "note": "概念体量，非法定建筑面积；待正式控规与现状权属核验后复算。"
   },
   "geometry": {
    "type": "Polygon",
    "coordinates": [
     [
      [
       116.35427999999996,
       39.95441999999996
      ],
      [
       116.35511999999996,
       39.95441999999996
      ],
      [
       116.35511999999996,
       39.95357999999997
      ],
      [
       116.35427999999996,
       39.95357999999997
      ],
      [
       116.35427999999996,
       39.95441999999996
      ]
     ]
    ]
   }
  },
  {
   "type": "Feature",
   "id": "B-0560",
   "properties": {
    "id": "B-0560",
    "layer": "BUILDING_FOOTPRINT",
    "building_type": "0701",
    "building_type_name_zh": "人才公寓",
    "source_type": "agent_generated_design",
    "confidence": "low",
    "geometry_role": "design_proposal",
    "area_sqm": 6695.0,
    "note": "概念体量，非法定建筑面积；待正式控规与现状权属核验后复算。"
   },
   "geometry": {
    "type": "Polygon",
    "coordinates": [
     [
      [
       116.35427999999996,
       39.95681999999996
      ],
      [
       116.35511999999996,
       39.95681999999996
      ],
      [
       116.35511999999996,
       39.95597999999996
      ],
      [
       116.35427999999996,
       39.95597999999996
      ],
      [
       116.35427999999996,
       39.95681999999996
      ]
     ]
    ]
   }
  },
  {
   "type": "Feature",
   "id": "B-0561",
   "properties": {
    "id": "B-0561",
    "layer": "BUILDING_FOOTPRINT",
    "building_type": "0701",
    "building_type_name_zh": "人才公寓",
    "source_type": "agent_generated_design",
    "confidence": "low",
    "geometry_role": "design_proposal",
    "area_sqm": 6694.9,
    "note": "概念体量，非法定建筑面积；待正式控规与现状权属核验后复算。"
   },
   "geometry": {
    "type": "Polygon",
    "coordinates": [
     [
      [
       116.35427999999996,
       39.958019999999955
      ],
      [
       116.35511999999996,
       39.958019999999955
      ],
      [
       116.35511999999996,
       39.95717999999996
      ],
      [
       116.35427999999996,
       39.95717999999996
      ],
      [
       116.35427999999996,
       39.958019999999955
      ]
     ]
    ]
   }
  },
  {
   "type": "Feature",
   "id": "B-0562",
   "properties": {
    "id": "B-0562",
    "layer": "BUILDING_FOOTPRINT",
    "building_type": "0801",
    "building_type_name_zh": "创新服务机构",
    "source_type": "agent_generated_design",
    "confidence": "low",
    "geometry_role": "design_proposal",
    "area_sqm": 6694.7,
    "note": "概念体量，非法定建筑面积；待正式控规与现状权属核验后复算。"
   },
   "geometry": {
    "type": "Polygon",
    "coordinates": [
     [
      [
       116.35427999999996,
       39.95921999999995
      ],
      [
       116.35511999999996,
       39.95921999999995
      ],
      [
       116.35511999999996,
       39.958379999999956
      ],
      [
       116.35427999999996,
       39.958379999999956
      ],
      [
       116.35427999999996,
       39.95921999999995
      ]
     ]
    ]
   }
  },
  {
   "type": "Feature",
   "id": "B-0563",
   "properties": {
    "id": "B-0563",
    "layer": "BUILDING_FOOTPRINT",
    "building_type": "0701",
    "building_type_name_zh": "人才公寓",
    "source_type": "agent_generated_design",
    "confidence": "low",
    "geometry_role": "design_proposal",
    "area_sqm": 6694.6,
    "note": "概念体量，非法定建筑面积；待正式控规与现状权属核验后复算。"
   },
   "geometry": {
    "type": "Polygon",
    "coordinates": [
     [
      [
       116.35427999999996,
       39.96041999999995
      ],
      [
       116.35511999999996,
       39.96041999999995
      ],
      [
       116.35511999999996,
       39.95957999999995
      ],
      [
       116.35427999999996,
       39.95957999999995
      ],
      [
       116.35427999999996,
       39.96041999999995
      ]
     ]
    ]
   }
  },
  {
   "type": "Feature",
   "id": "B-0564",
   "properties": {
    "id": "B-0564",
    "layer": "BUILDING_FOOTPRINT",
    "building_type": "0701",
    "building_type_name_zh": "人才公寓",
    "source_type": "agent_generated_design",
    "confidence": "low",
    "geometry_role": "design_proposal",
    "area_sqm": 696.6,
    "note": "概念体量，非法定建筑面积；待正式控规与现状权属核验后复算。"
   },
   "geometry": {
    "type": "Polygon",
    "coordinates": [
     [
      [
       116.35427999999996,
       39.97397999999992
      ],
      [
       116.35427999999996,
       39.974819999999916
      ],
      [
       116.35433382491867,
       39.974819999999916
      ],
      [
       116.35440102491867,
       39.97397999999992
      ],
      [
       116.35427999999996,
       39.97397999999992
      ]
     ]
    ]
   }
  },
  {
   "type": "Feature",
   "id": "B-0565",
   "properties": {
    "id": "B-0565",
    "layer": "BUILDING_FOOTPRINT",
    "building_type": "0701",
    "building_type_name_zh": "人才公寓",
    "source_type": "agent_generated_design",
    "confidence": "low",
    "geometry_role": "design_proposal",
    "area_sqm": 185.5,
    "note": "概念体量，非法定建筑面积；待正式控规与现状权属核验后复算。"
   },
   "geometry": {
    "type": "Polygon",
    "coordinates": [
     [
      [
       116.35427999999996,
       40.01117999999983
      ],
      [
       116.35427999999996,
       40.01201999999983
      ],
      [
       116.35432630532543,
       40.01201999999983
      ],
      [
       116.35428027792817,
       40.01117999999983
      ],
      [
       116.35427999999996,
       40.01117999999983
      ]
     ]
    ]
   }
  },
  {
   "type": "Feature",
   "id": "B-0566",
   "properties": {
    "id": "B-0566",
    "layer": "BUILDING_FOOTPRINT",
    "building_type": "0701",
    "building_type_name_zh": "人才公寓",
    "source_type": "agent_generated_design",
    "confidence": "low",
    "geometry_role": "design_proposal",
    "area_sqm": 709.1,
    "note": "概念体量，非法定建筑面积；待正式控规与现状权属核验后复算。"
   },
   "geometry": {
    "type": "Polygon",
    "coordinates": [
     [
      [
       116.35427999999996,
       40.01237999999983
      ],
      [
       116.35427999999996,
       40.013219999999826
      ],
      [
       116.35439205875008,
       40.013219999999826
      ],
      [
       116.35434603135283,
       40.01237999999983
      ],
      [
       116.35427999999996,
       40.01237999999983
      ]
     ]
    ]
   }
  },
  {
   "type": "Feature",
   "id": "B-0567",
   "properties": {
    "id": "B-0567",
    "layer": "BUILDING_FOOTPRINT",
    "building_type": "0901",
    "building_type_name_zh": "智能商业",
    "source_type": "agent_generated_design",
    "confidence": "low",
    "geometry_role": "design_proposal",
    "area_sqm": 1232.8,
    "note": "概念体量，非法定建筑面积；待正式控规与现状权属核验后复算。"
   },
   "geometry": {
    "type": "Polygon",
    "coordinates": [
     [
      [
       116.35427999999996,
       40.01357999999983
      ],
      [
       116.35427999999996,
       40.014419999999824
      ],
      [
       116.35445781217474,
       40.014419999999824
      ],
      [
       116.35441178477748,
       40.01357999999983
      ],
      [
       116.35427999999996,
       40.01357999999983
      ]
     ]
    ]
   }
  },
  {
   "type": "Feature",
   "id": "B-0568",
   "properties": {
    "id": "B-0568",
    "layer": "BUILDING_FOOTPRINT",
    "building_type": "0801",
    "building_type_name_zh": "创新服务机构",
    "source_type": "agent_generated_design",
    "confidence": "low",
    "geometry_role": "design_proposal",
    "area_sqm": 2279.9,
    "note": "概念体量，非法定建筑面积；待正式控规与现状权属核验后复算。"
   },
   "geometry": {
    "type": "Polygon",
    "coordinates": [
     [
      [
       116.35427999999996,
       40.01597999999982
      ],
      [
       116.35427999999996,
       40.01681999999982
      ],
      [
       116.35458931902406,
       40.01681999999982
      ],
      [
       116.35454329162681,
       40.01597999999982
      ],
      [
       116.35427999999996,
       40.01597999999982
      ]
     ]
    ]
   }
  },
  {
   "type": "Feature",
   "id": "B-0569",
   "properties": {
    "id": "B-0569",
    "layer": "BUILDING_FOOTPRINT",
    "building_type": "0701",
    "building_type_name_zh": "人才公寓",
    "source_type": "agent_generated_design",
    "confidence": "low",
    "geometry_role": "design_proposal",
    "area_sqm": 2803.5,
    "note": "概念体量，非法定建筑面积；待正式控规与现状权属核验后复算。"
   },
   "geometry": {
    "type": "Polygon",
    "coordinates": [
     [
      [
       116.35427999999996,
       40.01717999999982
      ],
      [
       116.35427999999996,
       40.018019999999815
      ],
      [
       116.35465507244872,
       40.018019999999815
      ],
      [
       116.35460904505146,
       40.01717999999982
      ],
      [
       116.35427999999996,
       40.01717999999982
      ]
     ]
    ]
   }
  },
  {
   "type": "Feature",
   "id": "B-0570",
   "properties": {
    "id": "B-0570",
    "layer": "BUILDING_FOOTPRINT",
    "building_type": "0701",
    "building_type_name_zh": "人才公寓",
    "source_type": "agent_generated_design",
    "confidence": "low",
    "geometry_role": "design_proposal",
    "area_sqm": 3327.1,
    "note": "概念体量，非法定建筑面积；待正式控规与现状权属核验后复算。"
   },
   "geometry": {
    "type": "Polygon",
    "coordinates": [
     [
      [
       116.35427999999996,
       40.018379999999816
      ],
      [
       116.35427999999996,
       40.01921999999981
      ],
      [
       116.35472082587337,
       40.01921999999981
      ],
      [
       116.35467479847613,
       40.018379999999816
      ],
      [
       116.35427999999996,
       40.018379999999816
      ]
     ]
    ]
   }
  },
  {
   "type": "Feature",
   "id": "B-0571",
   "properties": {
    "id": "B-0571",
    "layer": "BUILDING_FOOTPRINT",
    "building_type": "0901",
    "building_type_name_zh": "智能商业",
    "source_type": "agent_generated_design",
    "confidence": "low",
    "geometry_role": "design_proposal",
    "area_sqm": 3850.6,
    "note": "概念体量，非法定建筑面积；待正式控规与现状权属核验后复算。"
   },
   "geometry": {
    "type": "Polygon",
    "coordinates": [
     [
      [
       116.35427999999996,
       40.01957999999981
      ],
      [
       116.35427999999996,
       40.02041999999981
      ],
      [
       116.35478657929804,
       40.02041999999981
      ],
      [
       116.35474055190078,
       40.01957999999981
      ],
      [
       116.35427999999996,
       40.01957999999981
      ]
     ]
    ]
   }
  },
  {
   "type": "Feature",
   "id": "B-0572",
   "properties": {
    "id": "B-0572",
    "layer": "BUILDING_FOOTPRINT",
    "building_type": "0701",
    "building_type_name_zh": "人才公寓",
    "source_type": "agent_generated_design",
    "confidence": "low",
    "geometry_role": "design_proposal",
    "area_sqm": 4374.1,
    "note": "概念体量，非法定建筑面积；待正式控规与现状权属核验后复算。"
   },
   "geometry": {
    "type": "Polygon",
    "coordinates": [
     [
      [
       116.35427999999996,
       40.02077999999981
      ],
      [
       116.35427999999996,
       40.02161999999981
      ],
      [
       116.35485233272269,
       40.02161999999981
      ],
      [
       116.35480630532544,
       40.02077999999981
      ],
      [
       116.35427999999996,
       40.02077999999981
      ]
     ]
    ]
   }
  },
  {
   "type": "Feature",
   "id": "B-0573",
   "properties": {
    "id": "B-0573",
    "layer": "BUILDING_FOOTPRINT",
    "building_type": "0701",
    "building_type_name_zh": "人才公寓",
    "source_type": "agent_generated_design",
    "confidence": "low",
    "geometry_role": "design_proposal",
    "area_sqm": 4897.6,
    "note": "概念体量，非法定建筑面积；待正式控规与现状权属核验后复算。"
   },
   "geometry": {
    "type": "Polygon",
    "coordinates": [
     [
      [
       116.35427999999996,
       40.02197999999981
      ],
      [
       116.35427999999996,
       40.022819999999804
      ],
      [
       116.35491808614735,
       40.022819999999804
      ],
      [
       116.35487205875009,
       40.02197999999981
      ],
      [
       116.35427999999996,
       40.02197999999981
      ]
     ]
    ]
   }
  },
  {
   "type": "Feature",
   "id": "B-0574",
   "properties": {
    "id": "B-0574",
    "layer": "BUILDING_FOOTPRINT",
    "building_type": "0701",
    "building_type_name_zh": "人才公寓",
    "source_type": "agent_generated_design",
    "confidence": "low",
    "geometry_role": "design_proposal",
    "area_sqm": 5421.1,
    "note": "概念体量，非法定建筑面积；待正式控规与现状权属核验后复算。"
   },
   "geometry": {
    "type": "Polygon",
    "coordinates": [
     [
      [
       116.35427999999996,
       40.023179999999805
      ],
      [
       116.35427999999996,
       40.0240199999998
      ],
      [
       116.354983839572,
       40.0240199999998
      ],
      [
       116.35493781217475,
       40.023179999999805
      ],
      [
       116.35427999999996,
       40.023179999999805
      ]
     ]
    ]
   }
  },
  {
   "type": "Feature",
   "id": "B-0575",
   "properties": {
    "id": "B-0575",
    "layer": "BUILDING_FOOTPRINT",
    "building_type": "0801",
    "building_type_name_zh": "创新服务机构",
    "source_type": "agent_generated_design",
    "confidence": "low",
    "geometry_role": "design_proposal",
    "area_sqm": 5944.5,
    "note": "概念体量，非法定建筑面积；待正式控规与现状权属核验后复算。"
   },
   "geometry": {
    "type": "Polygon",
    "coordinates": [
     [
      [
       116.35427999999996,
       40.0243799999998
      ],
      [
       116.35427999999996,
       40.0252199999998
      ],
      [
       116.35504959299666,
       40.0252199999998
      ],
      [
       116.3550035655994,
       40.0243799999998
      ],
      [
       116.35427999999996,
       40.0243799999998
      ]
     ]
    ]
   }
  },
  {
   "type": "Feature",
   "id": "B-0576",
   "properties": {
    "id": "B-0576",
    "layer": "BUILDING_FOOTPRINT",
    "building_type": "0801",
    "building_type_name_zh": "创新服务机构",
    "source_type": "agent_generated_design",
    "confidence": "low",
    "geometry_role": "design_proposal",
    "area_sqm": 5678.8,
    "note": "概念体量，非法定建筑面积；待正式控规与现状权属核验后复算。"
   },
   "geometry": {
    "type": "Polygon",
    "coordinates": [
     [
      [
       116.35427999999996,
       40.0255799999998
      ],
      [
       116.35427999999996,
       40.02632
      ],
      [
       116.35510986696924,
       40.02632
      ],
      [
       116.35506931902405,
       40.0255799999998
      ],
      [
       116.35427999999996,
       40.0255799999998
      ]
     ]
    ]
   }
  }
 ]
}