{
 "type": "FeatureCollection",
 "name": "green_space",
 "features": [
  {
   "type": "Feature",
   "id": "GR-LU-00018",
   "properties": {
    "id": "GR-LU-00018",
    "layer": "GREEN_SPACE",
    "green_type": "1401",
    "source_type": "agent_generated_design",
    "confidence": "medium",
    "geometry_role": "design_proposal",
    "area_sqm": 8918.6
   },
   "geometry": {
    "type": "Polygon",
    "coordinates": [
     [
      [
       116.34089999999999,
       39.96059999999995
      ],
      [
       116.34089999999999,
       39.95939999999995
      ],
      [
       116.34013333333333,
       39.95939999999995
      ],
      [
       116.34009999999999,
       39.96059999999995
      ],
      [
       116.34089999999999,
       39.96059999999995
      ]
     ]
    ]
   }
  },
  {
   "type": "Feature",
   "id": "GR-LU-00019",
   "properties": {
    "id": "GR-LU-00019",
    "layer": "GREEN_SPACE",
    "green_type": "1401",
    "source_type": "agent_generated_design",
    "confidence": "medium",
    "geometry_role": "design_proposal",
    "area_sqm": 9298.0
   },
   "geometry": {
    "type": "Polygon",
    "coordinates": [
     [
      [
       116.34089999999999,
       39.96179999999995
      ],
      [
       116.34089999999999,
       39.96059999999995
      ],
      [
       116.34009999999999,
       39.96059999999995
      ],
      [
       116.34006666666666,
       39.96179999999995
      ],
      [
       116.34089999999999,
       39.96179999999995
      ]
     ]
    ]
   }
  },
  {
   "type": "Feature",
   "id": "GR-LU-00020",
   "properties": {
    "id": "GR-LU-00020",
    "layer": "GREEN_SPACE",
    "green_type": "1401",
    "source_type": "agent_generated_design",
    "confidence": "medium",
    "geometry_role": "design_proposal",
    "area_sqm": 9677.3
   },
   "geometry": {
    "type": "Polygon",
    "coordinates": [
     [
      [
       116.34089999999999,
       39.962999999999944
      ],
      [
       116.34089999999999,
       39.96179999999995
      ],
      [
       116.34006666666666,
       39.96179999999995
      ],
      [
       116.34003333333332,
       39.962999999999944
      ],
      [
       116.34089999999999,
       39.962999999999944
      ]
     ]
    ]
   }
  },
  {
   "type": "Feature",
   "id": "GR-LU-00021",
   "properties": {
    "id": "GR-LU-00021",
    "layer": "GREEN_SPACE",
    "green_type": "1401",
    "source_type": "agent_generated_design",
    "confidence": "medium",
    "geometry_role": "design_proposal",
    "area_sqm": 10056.6
   },
   "geometry": {
    "type": "Polygon",
    "coordinates": [
     [
      [
       116.34089999999999,
       39.96419999999994
      ],
      [
       116.34089999999999,
       39.962999999999944
      ],
      [
       116.34003333333332,
       39.962999999999944
      ],
      [
       116.34,
       39.96419999999994
      ],
      [
       116.34089999999999,
       39.96419999999994
      ]
     ]
    ]
   }
  },
  {
   "type": "Feature",
   "id": "GR-LU-00022",
   "properties": {
    "id": "GR-LU-00022",
    "layer": "GREEN_SPACE",
    "green_type": "1401",
    "source_type": "agent_generated_design",
    "confidence": "medium",
    "geometry_role": "design_proposal",
    "area_sqm": 10435.9
   },
   "geometry": {
    "type": "Polygon",
    "coordinates": [
     [
      [
       116.34089999999999,
       39.96539999999994
      ],
      [
       116.34089999999999,
       39.96419999999994
      ],
      [
       116.34,
       39.96419999999994
      ],
      [
       116.33996666666667,
       39.96539999999994
      ],
      [
       116.34089999999999,
       39.96539999999994
      ]
     ]
    ]
   }
  },
  {
   "type": "Feature",
   "id": "GR-LU-00023",
   "properties": {
    "id": "GR-LU-00023",
    "layer": "GREEN_SPACE",
    "green_type": "1401",
    "source_type": "agent_generated_design",
    "confidence": "medium",
    "geometry_role": "design_proposal",
    "area_sqm": 10815.2
   },
   "geometry": {
    "type": "Polygon",
    "coordinates": [
     [
      [
       116.34089999999999,
       39.966599999999936
      ],
      [
       116.34089999999999,
       39.96539999999994
      ],
      [
       116.33996666666667,
       39.96539999999994
      ],
      [
       116.33993333333333,
       39.966599999999936
      ],
      [
       116.34089999999999,
       39.966599999999936
      ]
     ]
    ]
   }
  },
  {
   "type": "Feature",
   "id": "GR-LU-00024",
   "properties": {
    "id": "GR-LU-00024",
    "layer": "GREEN_SPACE",
    "green_type": "1401",
    "source_type": "agent_generated_design",
    "confidence": "medium",
    "geometry_role": "design_proposal",
    "area_sqm": 11194.5
   },
   "geometry": {
    "type": "Polygon",
    "coordinates": [
     [
      [
       116.34089999999999,
       39.96779999999993
      ],
      [
       116.34089999999999,
       39.966599999999936
      ],
      [
       116.33993333333333,
       39.966599999999936
      ],
      [
       116.3399,
       39.96779999999993
      ],
      [
       116.34089999999999,
       39.96779999999993
      ]
     ]
    ]
   }
  },
  {
   "type": "Feature",
   "id": "GR-LU-00025",
   "properties": {
    "id": "GR-LU-00025",
    "layer": "GREEN_SPACE",
    "green_type": "1401",
    "source_type": "agent_generated_design",
    "confidence": "medium",
    "geometry_role": "design_proposal",
    "area_sqm": 11573.8
   },
   "geometry": {
    "type": "Polygon",
    "coordinates": [
     [
      [
       116.34089999999999,
       39.96899999999993
      ],
      [
       116.34089999999999,
       39.96779999999993
      ],
      [
       116.3399,
       39.96779999999993
      ],
      [
       116.33986666666667,
       39.96899999999993
      ],
      [
       116.34089999999999,
       39.96899999999993
      ]
     ]
    ]
   }
  },
  {
   "type": "Feature",
   "id": "GR-LU-00026",
   "properties": {
    "id": "GR-LU-00026",
    "layer": "GREEN_SPACE",
    "green_type": "1401",
    "source_type": "agent_generated_design",
    "confidence": "medium",
    "geometry_role": "design_proposal",
    "area_sqm": 11953.1
   },
   "geometry": {
    "type": "Polygon",
    "coordinates": [
     [
      [
       116.34089999999999,
       39.97019999999993
      ],
      [
       116.34089999999999,
       39.96899999999993
      ],
      [
       116.33986666666667,
       39.96899999999993
      ],
      [
       116.33983333333333,
       39.97019999999993
      ],
      [
       116.34089999999999,
       39.97019999999993
      ]
     ]
    ]
   }
  },
  {
   "type": "Feature",
   "id": "GR-LU-00027",
   "properties": {
    "id": "GR-LU-00027",
    "layer": "GREEN_SPACE",
    "green_type": "1401",
    "source_type": "agent_generated_design",
    "confidence": "medium",
    "geometry_role": "design_proposal",
    "area_sqm": 12332.3
   },
   "geometry": {
    "type": "Polygon",
    "coordinates": [
     [
      [
       116.34089999999999,
       39.971399999999925
      ],
      [
       116.34089999999999,
       39.97019999999993
      ],
      [
       116.33983333333333,
       39.97019999999993
      ],
      [
       116.3398,
       39.971399999999925
      ],
      [
       116.34089999999999,
       39.971399999999925
      ]
     ]
    ]
   }
  },
  {
   "type": "Feature",
   "id": "GR-LU-00028",
   "properties": {
    "id": "GR-LU-00028",
    "layer": "GREEN_SPACE",
    "green_type": "1401",
    "source_type": "agent_generated_design",
    "confidence": "medium",
    "geometry_role": "design_proposal",
    "area_sqm": 12711.6
   },
   "geometry": {
    "type": "Polygon",
    "coordinates": [
     [
      [
       116.34089999999999,
       39.97259999999992
      ],
      [
       116.34089999999999,
       39.971399999999925
      ],
      [
       116.3398,
       39.971399999999925
      ],
      [
       116.33976666666666,
       39.97259999999992
      ],
      [
       116.34089999999999,
       39.97259999999992
      ]
     ]
    ]
   }
  },
  {
   "type": "Feature",
   "id": "GR-LU-00029",
   "properties": {
    "id": "GR-LU-00029",
    "layer": "GREEN_SPACE",
    "green_type": "1401",
    "source_type": "agent_generated_design",
    "confidence": "medium",
    "geometry_role": "design_proposal",
    "area_sqm": 13090.8
   },
   "geometry": {
    "type": "Polygon",
    "coordinates": [
     [
      [
       116.34089999999999,
       39.97379999999992
      ],
      [
       116.34089999999999,
       39.97259999999992
      ],
      [
       116.33976666666666,
       39.97259999999992
      ],
      [
       116.33973333333333,
       39.97379999999992
      ],
      [
       116.34089999999999,
       39.97379999999992
      ]
     ]
    ]
   }
  },
  {
   "type": "Feature",
   "id": "GR-LU-00065",
   "properties": {
    "id": "GR-LU-00065",
    "layer": "GREEN_SPACE",
    "green_type": "1401",
    "source_type": "agent_generated_design",
    "confidence": "medium",
    "geometry_role": "design_proposal",
    "area_sqm": 13662.3
   },
   "geometry": {
    "type": "Polygon",
    "coordinates": [
     [
      [
       116.34089999999999,
       39.96179999999995
      ],
      [
       116.34209999999999,
       39.96179999999995
      ],
      [
       116.34209999999999,
       39.96059999999995
      ],
      [
       116.34089999999999,
       39.96059999999995
      ],
      [
       116.34089999999999,
       39.96179999999995
      ]
     ]
    ]
   }
  },
  {
   "type": "Feature",
   "id": "GR-LU-00066",
   "properties": {
    "id": "GR-LU-00066",
    "layer": "GREEN_SPACE",
    "green_type": "1401",
    "source_type": "agent_generated_design",
    "confidence": "medium",
    "geometry_role": "design_proposal",
    "area_sqm": 13662.1
   },
   "geometry": {
    "type": "Polygon",
    "coordinates": [
     [
      [
       116.34089999999999,
       39.962999999999944
      ],
      [
       116.34209999999999,
       39.962999999999944
      ],
      [
       116.34209999999999,
       39.96179999999995
      ],
      [
       116.34089999999999,
       39.96179999999995
      ],
      [
       116.34089999999999,
       39.962999999999944
      ]
     ]
    ]
   }
  },
  {
   "type": "Feature",
   "id": "GR-LU-00067",
   "properties": {
    "id": "GR-LU-00067",
    "layer": "GREEN_SPACE",
    "green_type": "1401",
    "source_type": "agent_generated_design",
    "confidence": "medium",
    "geometry_role": "design_proposal",
    "area_sqm": 13661.8
   },
   "geometry": {
    "type": "Polygon",
    "coordinates": [
     [
      [
       116.34089999999999,
       39.96419999999994
      ],
      [
       116.34209999999999,
       39.96419999999994
      ],
      [
       116.34209999999999,
       39.962999999999944
      ],
      [
       116.34089999999999,
       39.962999999999944
      ],
      [
       116.34089999999999,
       39.96419999999994
      ]
     ]
    ]
   }
  },
  {
   "type": "Feature",
   "id": "GR-LU-00068",
   "properties": {
    "id": "GR-LU-00068",
    "layer": "GREEN_SPACE",
    "green_type": "1401",
    "source_type": "agent_generated_design",
    "confidence": "medium",
    "geometry_role": "design_proposal",
    "area_sqm": 13661.6
   },
   "geometry": {
    "type": "Polygon",
    "coordinates": [
     [
      [
       116.34089999999999,
       39.96539999999994
      ],
      [
       116.34209999999999,
       39.96539999999994
      ],
      [
       116.34209999999999,
       39.96419999999994
      ],
      [
       116.34089999999999,
       39.96419999999994
      ],
      [
       116.34089999999999,
       39.96539999999994
      ]
     ]
    ]
   }
  },
  {
   "type": "Feature",
   "id": "GR-LU-00069",
   "properties": {
    "id": "GR-LU-00069",
    "layer": "GREEN_SPACE",
    "green_type": "1401",
    "source_type": "agent_generated_design",
    "confidence": "medium",
    "geometry_role": "design_proposal",
    "area_sqm": 13661.4
   },
   "geometry": {
    "type": "Polygon",
    "coordinates": [
     [
      [
       116.34089999999999,
       39.966599999999936
      ],
      [
       116.34209999999999,
       39.966599999999936
      ],
      [
       116.34209999999999,
       39.96539999999994
      ],
      [
       116.34089999999999,
       39.96539999999994
      ],
      [
       116.34089999999999,
       39.966599999999936
      ]
     ]
    ]
   }
  },
  {
   "type": "Feature",
   "id": "GR-LU-00070",
   "properties": {
    "id": "GR-LU-00070",
    "layer": "GREEN_SPACE",
    "green_type": "1401",
    "source_type": "agent_generated_design",
    "confidence": "medium",
    "geometry_role": "design_proposal",
    "area_sqm": 13661.1
   },
   "geometry": {
    "type": "Polygon",
    "coordinates": [
     [
      [
       116.34089999999999,
       39.96779999999993
      ],
      [
       116.34209999999999,
       39.96779999999993
      ],
      [
       116.34209999999999,
       39.966599999999936
      ],
      [
       116.34089999999999,
       39.966599999999936
      ],
      [
       116.34089999999999,
       39.96779999999993
      ]
     ]
    ]
   }
  },
  {
   "type": "Feature",
   "id": "GR-LU-00071",
   "properties": {
    "id": "GR-LU-00071",
    "layer": "GREEN_SPACE",
    "green_type": "1401",
    "source_type": "agent_generated_design",
    "confidence": "medium",
    "geometry_role": "design_proposal",
    "area_sqm": 13660.9
   },
   "geometry": {
    "type": "Polygon",
    "coordinates": [
     [
      [
       116.34089999999999,
       39.96899999999993
      ],
      [
       116.34209999999999,
       39.96899999999993
      ],
      [
       116.34209999999999,
       39.96779999999993
      ],
      [
       116.34089999999999,
       39.96779999999993
      ],
      [
       116.34089999999999,
       39.96899999999993
      ]
     ]
    ]
   }
  },
  {
   "type": "Feature",
   "id": "GR-LU-00072",
   "properties": {
    "id": "GR-LU-00072",
    "layer": "GREEN_SPACE",
    "green_type": "1401",
    "source_type": "agent_generated_design",
    "confidence": "medium",
    "geometry_role": "design_proposal",
    "area_sqm": 13660.7
   },
   "geometry": {
    "type": "Polygon",
    "coordinates": [
     [
      [
       116.34089999999999,
       39.97019999999993
      ],
      [
       116.34209999999999,
       39.97019999999993
      ],
      [
       116.34209999999999,
       39.96899999999993
      ],
      [
       116.34089999999999,
       39.96899999999993
      ],
      [
       116.34089999999999,
       39.97019999999993
      ]
     ]
    ]
   }
  },
  {
   "type": "Feature",
   "id": "GR-LU-00073",
   "properties": {
    "id": "GR-LU-00073",
    "layer": "GREEN_SPACE",
    "green_type": "1401",
    "source_type": "agent_generated_design",
    "confidence": "medium",
    "geometry_role": "design_proposal",
    "area_sqm": 13660.4
   },
   "geometry": {
    "type": "Polygon",
    "coordinates": [
     [
      [
       116.34089999999999,
       39.971399999999925
      ],
      [
       116.34209999999999,
       39.971399999999925
      ],
      [
       116.34209999999999,
       39.97019999999993
      ],
      [
       116.34089999999999,
       39.97019999999993
      ],
      [
       116.34089999999999,
       39.971399999999925
      ]
     ]
    ]
   }
  },
  {
   "type": "Feature",
   "id": "GR-LU-00074",
   "properties": {
    "id": "GR-LU-00074",
    "layer": "GREEN_SPACE",
    "green_type": "1401",
    "source_type": "agent_generated_design",
    "confidence": "medium",
    "geometry_role": "design_proposal",
    "area_sqm": 13660.2
   },
   "geometry": {
    "type": "Polygon",
    "coordinates": [
     [
      [
       116.34089999999999,
       39.97259999999992
      ],
      [
       116.34209999999999,
       39.97259999999992
      ],
      [
       116.34209999999999,
       39.971399999999925
      ],
      [
       116.34089999999999,
       39.971399999999925
      ],
      [
       116.34089999999999,
       39.97259999999992
      ]
     ]
    ]
   }
  },
  {
   "type": "Feature",
   "id": "GR-LU-00075",
   "properties": {
    "id": "GR-LU-00075",
    "layer": "GREEN_SPACE",
    "green_type": "1401",
    "source_type": "agent_generated_design",
    "confidence": "medium",
    "geometry_role": "design_proposal",
    "area_sqm": 13659.9
   },
   "geometry": {
    "type": "Polygon",
    "coordinates": [
     [
      [
       116.34089999999999,
       39.97379999999992
      ],
      [
       116.34209999999999,
       39.97379999999992
      ],
      [
       116.34209999999999,
       39.97259999999992
      ],
      [
       116.34089999999999,
       39.97259999999992
      ],
      [
       116.34089999999999,
       39.97379999999992
      ]
     ]
    ]
   }
  },
  {
   "type": "Feature",
   "id": "GR-LU-00128",
   "properties": {
    "id": "GR-LU-00128",
    "layer": "GREEN_SPACE",
    "green_type": "1401",
    "source_type": "agent_generated_design",
    "confidence": "medium",
    "geometry_role": "design_proposal",
    "area_sqm": 13662.3
   },
   "geometry": {
    "type": "Polygon",
    "coordinates": [
     [
      [
       116.34209999999999,
       39.96179999999995
      ],
      [
       116.34329999999999,
       39.96179999999995
      ],
      [
       116.34329999999999,
       39.96059999999995
      ],
      [
       116.34209999999999,
       39.96059999999995
      ],
      [
       116.34209999999999,
       39.96179999999995
      ]
     ]
    ]
   }
  },
  {
   "type": "Feature",
   "id": "GR-LU-00129",
   "properties": {
    "id": "GR-LU-00129",
    "layer": "GREEN_SPACE",
    "green_type": "1401",
    "source_type": "agent_generated_design",
    "confidence": "medium",
    "geometry_role": "design_proposal",
    "area_sqm": 13662.1
   },
   "geometry": {
    "type": "Polygon",
    "coordinates": [
     [
      [
       116.34209999999999,
       39.962999999999944
      ],
      [
       116.34329999999999,
       39.962999999999944
      ],
      [
       116.34329999999999,
       39.96179999999995
      ],
      [
       116.34209999999999,
       39.96179999999995
      ],
      [
       116.34209999999999,
       39.962999999999944
      ]
     ]
    ]
   }
  },
  {
   "type": "Feature",
   "id": "GR-LU-00130",
   "properties": {
    "id": "GR-LU-00130",
    "layer": "GREEN_SPACE",
    "green_type": "1401",
    "source_type": "agent_generated_design",
    "confidence": "medium",
    "geometry_role": "design_proposal",
    "area_sqm": 13661.8
   },
   "geometry": {
    "type": "Polygon",
    "coordinates": [
     [
      [
       116.34209999999999,
       39.96419999999994
      ],
      [
       116.34329999999999,
       39.96419999999994
      ],
      [
       116.34329999999999,
       39.962999999999944
      ],
      [
       116.34209999999999,
       39.962999999999944
      ],
      [
       116.34209999999999,
       39.96419999999994
      ]
     ]
    ]
   }
  },
  {
   "type": "Feature",
   "id": "GR-LU-00131",
   "properties": {
    "id": "GR-LU-00131",
    "layer": "GREEN_SPACE",
    "green_type": "1401",
    "source_type": "agent_generated_design",
    "confidence": "medium",
    "geometry_role": "design_proposal",
    "area_sqm": 13661.6
   },
   "geometry": {
    "type": "Polygon",
    "coordinates": [
     [
      [
       116.34209999999999,
       39.96539999999994
      ],
      [
       116.34329999999999,
       39.96539999999994
      ],
      [
       116.34329999999999,
       39.96419999999994
      ],
      [
       116.34209999999999,
       39.96419999999994
      ],
      [
       116.34209999999999,
       39.96539999999994
      ]
     ]
    ]
   }
  },
  {
   "type": "Feature",
   "id": "GR-LU-00132",
   "properties": {
    "id": "GR-LU-00132",
    "layer": "GREEN_SPACE",
    "green_type": "1401",
    "source_type": "agent_generated_design",
    "confidence": "medium",
    "geometry_role": "design_proposal",
    "area_sqm": 13661.4
   },
   "geometry": {
    "type": "Polygon",
    "coordinates": [
     [
      [
       116.34209999999999,
       39.966599999999936
      ],
      [
       116.34329999999999,
       39.966599999999936
      ],
      [
       116.34329999999999,
       39.96539999999994
      ],
      [
       116.34209999999999,
       39.96539999999994
      ],
      [
       116.34209999999999,
       39.966599999999936
      ]
     ]
    ]
   }
  },
  {
   "type": "Feature",
   "id": "GR-LU-00133",
   "properties": {
    "id": "GR-LU-00133",
    "layer": "GREEN_SPACE",
    "green_type": "1401",
    "source_type": "agent_generated_design",
    "confidence": "medium",
    "geometry_role": "design_proposal",
    "area_sqm": 13661.1
   },
   "geometry": {
    "type": "Polygon",
    "coordinates": [
     [
      [
       116.34209999999999,
       39.96779999999993
      ],
      [
       116.34329999999999,
       39.96779999999993
      ],
      [
       116.34329999999999,
       39.966599999999936
      ],
      [
       116.34209999999999,
       39.966599999999936
      ],
      [
       116.34209999999999,
       39.96779999999993
      ]
     ]
    ]
   }
  },
  {
   "type": "Feature",
   "id": "GR-LU-00134",
   "properties": {
    "id": "GR-LU-00134",
    "layer": "GREEN_SPACE",
    "green_type": "1401",
    "source_type": "agent_generated_design",
    "confidence": "medium",
    "geometry_role": "design_proposal",
    "area_sqm": 13660.9
   },
   "geometry": {
    "type": "Polygon",
    "coordinates": [
     [
      [
       116.34209999999999,
       39.96899999999993
      ],
      [
       116.34329999999999,
       39.96899999999993
      ],
      [
       116.34329999999999,
       39.96779999999993
      ],
      [
       116.34209999999999,
       39.96779999999993
      ],
      [
       116.34209999999999,
       39.96899999999993
      ]
     ]
    ]
   }
  },
  {
   "type": "Feature",
   "id": "GR-LU-00135",
   "properties": {
    "id": "GR-LU-00135",
    "layer": "GREEN_SPACE",
    "green_type": "1401",
    "source_type": "agent_generated_design",
    "confidence": "medium",
    "geometry_role": "design_proposal",
    "area_sqm": 13660.7
   },
   "geometry": {
    "type": "Polygon",
    "coordinates": [
     [
      [
       116.34209999999999,
       39.97019999999993
      ],
      [
       116.34329999999999,
       39.97019999999993
      ],
      [
       116.34329999999999,
       39.96899999999993
      ],
      [
       116.34209999999999,
       39.96899999999993
      ],
      [
       116.34209999999999,
       39.97019999999993
      ]
     ]
    ]
   }
  },
  {
   "type": "Feature",
   "id": "GR-LU-00136",
   "properties": {
    "id": "GR-LU-00136",
    "layer": "GREEN_SPACE",
    "green_type": "1401",
    "source_type": "agent_generated_design",
    "confidence": "medium",
    "geometry_role": "design_proposal",
    "area_sqm": 13660.4
   },
   "geometry": {
    "type": "Polygon",
    "coordinates": [
     [
      [
       116.34209999999999,
       39.971399999999925
      ],
      [
       116.34329999999999,
       39.971399999999925
      ],
      [
       116.34329999999999,
       39.97019999999993
      ],
      [
       116.34209999999999,
       39.97019999999993
      ],
      [
       116.34209999999999,
       39.971399999999925
      ]
     ]
    ]
   }
  },
  {
   "type": "Feature",
   "id": "GR-LU-00137",
   "properties": {
    "id": "GR-LU-00137",
    "layer": "GREEN_SPACE",
    "green_type": "1401",
    "source_type": "agent_generated_design",
    "confidence": "medium",
    "geometry_role": "design_proposal",
    "area_sqm": 13660.2
   },
   "geometry": {
    "type": "Polygon",
    "coordinates": [
     [
      [
       116.34209999999999,
       39.97259999999992
      ],
      [
       116.34329999999999,
       39.97259999999992
      ],
      [
       116.34329999999999,
       39.971399999999925
      ],
      [
       116.34209999999999,
       39.971399999999925
      ],
      [
       116.34209999999999,
       39.97259999999992
      ]
     ]
    ]
   }
  },
  {
   "type": "Feature",
   "id": "GR-LU-00138",
   "properties": {
    "id": "GR-LU-00138",
    "layer": "GREEN_SPACE",
    "green_type": "1401",
    "source_type": "agent_generated_design",
    "confidence": "medium",
    "geometry_role": "design_proposal",
    "area_sqm": 13659.9
   },
   "geometry": {
    "type": "Polygon",
    "coordinates": [
     [
      [
       116.34209999999999,
       39.97379999999992
      ],
      [
       116.34329999999999,
       39.97379999999992
      ],
      [
       116.34329999999999,
       39.97259999999992
      ],
      [
       116.34209999999999,
       39.97259999999992
      ],
      [
       116.34209999999999,
       39.97379999999992
      ]
     ]
    ]
   }
  },
  {
   "type": "Feature",
   "id": "GR-LU-00201",
   "properties": {
    "id": "GR-LU-00201",
    "layer": "GREEN_SPACE",
    "green_type": "1401",
    "source_type": "agent_generated_design",
    "confidence": "medium",
    "geometry_role": "design_proposal",
    "area_sqm": 13662.3
   },
   "geometry": {
    "type": "Polygon",
    "coordinates": [
     [
      [
       116.34329999999999,
       39.96179999999995
      ],
      [
       116.34449999999998,
       39.96179999999995
      ],
      [
       116.34449999999998,
       39.96059999999995
      ],
      [
       116.34329999999999,
       39.96059999999995
      ],
      [
       116.34329999999999,
       39.96179999999995
      ]
     ]
    ]
   }
  },
  {
   "type": "Feature",
   "id": "GR-LU-00202",
   "properties": {
    "id": "GR-LU-00202",
    "layer": "GREEN_SPACE",
    "green_type": "1401",
    "source_type": "agent_generated_design",
    "confidence": "medium",
    "geometry_role": "design_proposal",
    "area_sqm": 13662.1
   },
   "geometry": {
    "type": "Polygon",
    "coordinates": [
     [
      [
       116.34329999999999,
       39.962999999999944
      ],
      [
       116.34449999999998,
       39.962999999999944
      ],
      [
       116.34449999999998,
       39.96179999999995
      ],
      [
       116.34329999999999,
       39.96179999999995
      ],
      [
       116.34329999999999,
       39.962999999999944
      ]
     ]
    ]
   }
  },
  {
   "type": "Feature",
   "id": "GR-LU-00203",
   "properties": {
    "id": "GR-LU-00203",
    "layer": "GREEN_SPACE",
    "green_type": "1401",
    "source_type": "agent_generated_design",
    "confidence": "medium",
    "geometry_role": "design_proposal",
    "area_sqm": 13661.8
   },
   "geometry": {
    "type": "Polygon",
    "coordinates": [
     [
      [
       116.34329999999999,
       39.96419999999994
      ],
      [
       116.34449999999998,
       39.96419999999994
      ],
      [
       116.34449999999998,
       39.962999999999944
      ],
      [
       116.34329999999999,
       39.962999999999944
      ],
      [
       116.34329999999999,
       39.96419999999994
      ]
     ]
    ]
   }
  },
  {
   "type": "Feature",
   "id": "GR-LU-00204",
   "properties": {
    "id": "GR-LU-00204",
    "layer": "GREEN_SPACE",
    "green_type": "1401",
    "source_type": "agent_generated_design",
    "confidence": "medium",
    "geometry_role": "design_proposal",
    "area_sqm": 13661.6
   },
   "geometry": {
    "type": "Polygon",
    "coordinates": [
     [
      [
       116.34329999999999,
       39.96539999999994
      ],
      [
       116.34449999999998,
       39.96539999999994
      ],
      [
       116.34449999999998,
       39.96419999999994
      ],
      [
       116.34329999999999,
       39.96419999999994
      ],
      [
       116.34329999999999,
       39.96539999999994
      ]
     ]
    ]
   }
  },
  {
   "type": "Feature",
   "id": "GR-LU-00205",
   "properties": {
    "id": "GR-LU-00205",
    "layer": "GREEN_SPACE",
    "green_type": "1401",
    "source_type": "agent_generated_design",
    "confidence": "medium",
    "geometry_role": "design_proposal",
    "area_sqm": 13661.4
   },
   "geometry": {
    "type": "Polygon",
    "coordinates": [
     [
      [
       116.34329999999999,
       39.966599999999936
      ],
      [
       116.34449999999998,
       39.966599999999936
      ],
      [
       116.34449999999998,
       39.96539999999994
      ],
      [
       116.34329999999999,
       39.96539999999994
      ],
      [
       116.34329999999999,
       39.966599999999936
      ]
     ]
    ]
   }
  },
  {
   "type": "Feature",
   "id": "GR-LU-00206",
   "properties": {
    "id": "GR-LU-00206",
    "layer": "GREEN_SPACE",
    "green_type": "1401",
    "source_type": "agent_generated_design",
    "confidence": "medium",
    "geometry_role": "design_proposal",
    "area_sqm": 13661.1
   },
   "geometry": {
    "type": "Polygon",
    "coordinates": [
     [
      [
       116.34329999999999,
       39.96779999999993
      ],
      [
       116.34449999999998,
       39.96779999999993
      ],
      [
       116.34449999999998,
       39.966599999999936
      ],
      [
       116.34329999999999,
       39.966599999999936
      ],
      [
       116.34329999999999,
       39.96779999999993
      ]
     ]
    ]
   }
  },
  {
   "type": "Feature",
   "id": "GR-LU-00207",
   "properties": {
    "id": "GR-LU-00207",
    "layer": "GREEN_SPACE",
    "green_type": "1401",
    "source_type": "agent_generated_design",
    "confidence": "medium",
    "geometry_role": "design_proposal",
    "area_sqm": 13660.9
   },
   "geometry": {
    "type": "Polygon",
    "coordinates": [
     [
      [
       116.34329999999999,
       39.96899999999993
      ],
      [
       116.34449999999998,
       39.96899999999993
      ],
      [
       116.34449999999998,
       39.96779999999993
      ],
      [
       116.34329999999999,
       39.96779999999993
      ],
      [
       116.34329999999999,
       39.96899999999993
      ]
     ]
    ]
   }
  },
  {
   "type": "Feature",
   "id": "GR-LU-00208",
   "properties": {
    "id": "GR-LU-00208",
    "layer": "GREEN_SPACE",
    "green_type": "1401",
    "source_type": "agent_generated_design",
    "confidence": "medium",
    "geometry_role": "design_proposal",
    "area_sqm": 13660.6
   },
   "geometry": {
    "type": "Polygon",
    "coordinates": [
     [
      [
       116.34329999999999,
       39.97019999999993
      ],
      [
       116.34449999999998,
       39.97019999999993
      ],
      [
       116.34449999999998,
       39.96899999999993
      ],
      [
       116.34329999999999,
       39.96899999999993
      ],
      [
       116.34329999999999,
       39.97019999999993
      ]
     ]
    ]
   }
  },
  {
   "type": "Feature",
   "id": "GR-LU-00209",
   "properties": {
    "id": "GR-LU-00209",
    "layer": "GREEN_SPACE",
    "green_type": "1401",
    "source_type": "agent_generated_design",
    "confidence": "medium",
    "geometry_role": "design_proposal",
    "area_sqm": 13660.4
   },
   "geometry": {
    "type": "Polygon",
    "coordinates": [
     [
      [
       116.34329999999999,
       39.971399999999925
      ],
      [
       116.34449999999998,
       39.971399999999925
      ],
      [
       116.34449999999998,
       39.97019999999993
      ],
      [
       116.34329999999999,
       39.97019999999993
      ],
      [
       116.34329999999999,
       39.971399999999925
      ]
     ]
    ]
   }
  },
  {
   "type": "Feature",
   "id": "GR-LU-00210",
   "properties": {
    "id": "GR-LU-00210",
    "layer": "GREEN_SPACE",
    "green_type": "1401",
    "source_type": "agent_generated_design",
    "confidence": "medium",
    "geometry_role": "design_proposal",
    "area_sqm": 13660.2
   },
   "geometry": {
    "type": "Polygon",
    "coordinates": [
     [
      [
       116.34329999999999,
       39.97259999999992
      ],
      [
       116.34449999999998,
       39.97259999999992
      ],
      [
       116.34449999999998,
       39.971399999999925
      ],
      [
       116.34329999999999,
       39.971399999999925
      ],
      [
       116.34329999999999,
       39.97259999999992
      ]
     ]
    ]
   }
  },
  {
   "type": "Feature",
   "id": "GR-LU-00211",
   "properties": {
    "id": "GR-LU-00211",
    "layer": "GREEN_SPACE",
    "green_type": "1401",
    "source_type": "agent_generated_design",
    "confidence": "medium",
    "geometry_role": "design_proposal",
    "area_sqm": 13659.9
   },
   "geometry": {
    "type": "Polygon",
    "coordinates": [
     [
      [
       116.34329999999999,
       39.97379999999992
      ],
      [
       116.34449999999998,
       39.97379999999992
      ],
      [
       116.34449999999998,
       39.97259999999992
      ],
      [
       116.34329999999999,
       39.97259999999992
      ],
      [
       116.34329999999999,
       39.97379999999992
      ]
     ]
    ]
   }
  },
  {
   "type": "Feature",
   "id": "GR-LU-00274",
   "properties": {
    "id": "GR-LU-00274",
    "layer": "GREEN_SPACE",
    "green_type": "1401",
    "source_type": "agent_generated_design",
    "confidence": "medium",
    "geometry_role": "design_proposal",
    "area_sqm": 13662.3
   },
   "geometry": {
    "type": "Polygon",
    "coordinates": [
     [
      [
       116.34449999999998,
       39.96179999999995
      ],
      [
       116.34569999999998,
       39.96179999999995
      ],
      [
       116.34569999999998,
       39.96059999999995
      ],
      [
       116.34449999999998,
       39.96059999999995
      ],
      [
       116.34449999999998,
       39.96179999999995
      ]
     ]
    ]
   }
  },
  {
   "type": "Feature",
   "id": "GR-LU-00275",
   "properties": {
    "id": "GR-LU-00275",
    "layer": "GREEN_SPACE",
    "green_type": "1401",
    "source_type": "agent_generated_design",
    "confidence": "medium",
    "geometry_role": "design_proposal",
    "area_sqm": 13662.1
   },
   "geometry": {
    "type": "Polygon",
    "coordinates": [
     [
      [
       116.34449999999998,
       39.962999999999944
      ],
      [
       116.34569999999998,
       39.962999999999944
      ],
      [
       116.34569999999998,
       39.96179999999995
      ],
      [
       116.34449999999998,
       39.96179999999995
      ],
      [
       116.34449999999998,
       39.962999999999944
      ]
     ]
    ]
   }
  },
  {
   "type": "Feature",
   "id": "GR-LU-00276",
   "properties": {
    "id": "GR-LU-00276",
    "layer": "GREEN_SPACE",
    "green_type": "1401",
    "source_type": "agent_generated_design",
    "confidence": "medium",
    "geometry_role": "design_proposal",
    "area_sqm": 13661.8
   },
   "geometry": {
    "type": "Polygon",
    "coordinates": [
     [
      [
       116.34449999999998,
       39.96419999999994
      ],
      [
       116.34569999999998,
       39.96419999999994
      ],
      [
       116.34569999999998,
       39.962999999999944
      ],
      [
       116.34449999999998,
       39.962999999999944
      ],
      [
       116.34449999999998,
       39.96419999999994
      ]
     ]
    ]
   }
  },
  {
   "type": "Feature",
   "id": "GR-LU-00277",
   "properties": {
    "id": "GR-LU-00277",
    "layer": "GREEN_SPACE",
    "green_type": "1401",
    "source_type": "agent_generated_design",
    "confidence": "medium",
    "geometry_role": "design_proposal",
    "area_sqm": 13661.6
   },
   "geometry": {
    "type": "Polygon",
    "coordinates": [
     [
      [
       116.34449999999998,
       39.96539999999994
      ],
      [
       116.34569999999998,
       39.96539999999994
      ],
      [
       116.34569999999998,
       39.96419999999994
      ],
      [
       116.34449999999998,
       39.96419999999994
      ],
      [
       116.34449999999998,
       39.96539999999994
      ]
     ]
    ]
   }
  },
  {
   "type": "Feature",
   "id": "GR-LU-00278",
   "properties": {
    "id": "GR-LU-00278",
    "layer": "GREEN_SPACE",
    "green_type": "1401",
    "source_type": "agent_generated_design",
    "confidence": "medium",
    "geometry_role": "design_proposal",
    "area_sqm": 13661.4
   },
   "geometry": {
    "type": "Polygon",
    "coordinates": [
     [
      [
       116.34449999999998,
       39.966599999999936
      ],
      [
       116.34569999999998,
       39.966599999999936
      ],
      [
       116.34569999999998,
       39.96539999999994
      ],
      [
       116.34449999999998,
       39.96539999999994
      ],
      [
       116.34449999999998,
       39.966599999999936
      ]
     ]
    ]
   }
  },
  {
   "type": "Feature",
   "id": "GR-LU-00279",
   "properties": {
    "id": "GR-LU-00279",
    "layer": "GREEN_SPACE",
    "green_type": "1401",
    "source_type": "agent_generated_design",
    "confidence": "medium",
    "geometry_role": "design_proposal",
    "area_sqm": 13661.1
   },
   "geometry": {
    "type": "Polygon",
    "coordinates": [
     [
      [
       116.34449999999998,
       39.96779999999993
      ],
      [
       116.34569999999998,
       39.96779999999993
      ],
      [
       116.34569999999998,
       39.966599999999936
      ],
      [
       116.34449999999998,
       39.966599999999936
      ],
      [
       116.34449999999998,
       39.96779999999993
      ]
     ]
    ]
   }
  },
  {
   "type": "Feature",
   "id": "GR-LU-00280",
   "properties": {
    "id": "GR-LU-00280",
    "layer": "GREEN_SPACE",
    "green_type": "1401",
    "source_type": "agent_generated_design",
    "confidence": "medium",
    "geometry_role": "design_proposal",
    "area_sqm": 13660.9
   },
   "geometry": {
    "type": "Polygon",
    "coordinates": [
     [
      [
       116.34449999999998,
       39.96899999999993
      ],
      [
       116.34569999999998,
       39.96899999999993
      ],
      [
       116.34569999999998,
       39.96779999999993
      ],
      [
       116.34449999999998,
       39.96779999999993
      ],
      [
       116.34449999999998,
       39.96899999999993
      ]
     ]
    ]
   }
  },
  {
   "type": "Feature",
   "id": "GR-LU-00281",
   "properties": {
    "id": "GR-LU-00281",
    "layer": "GREEN_SPACE",
    "green_type": "1401",
    "source_type": "agent_generated_design",
    "confidence": "medium",
    "geometry_role": "design_proposal",
    "area_sqm": 13660.6
   },
   "geometry": {
    "type": "Polygon",
    "coordinates": [
     [
      [
       116.34449999999998,
       39.97019999999993
      ],
      [
       116.34569999999998,
       39.97019999999993
      ],
      [
       116.34569999999998,
       39.96899999999993
      ],
      [
       116.34449999999998,
       39.96899999999993
      ],
      [
       116.34449999999998,
       39.97019999999993
      ]
     ]
    ]
   }
  },
  {
   "type": "Feature",
   "id": "GR-LU-00282",
   "properties": {
    "id": "GR-LU-00282",
    "layer": "GREEN_SPACE",
    "green_type": "1401",
    "source_type": "agent_generated_design",
    "confidence": "medium",
    "geometry_role": "design_proposal",
    "area_sqm": 13660.4
   },
   "geometry": {
    "type": "Polygon",
    "coordinates": [
     [
      [
       116.34449999999998,
       39.971399999999925
      ],
      [
       116.34569999999998,
       39.971399999999925
      ],
      [
       116.34569999999998,
       39.97019999999993
      ],
      [
       116.34449999999998,
       39.97019999999993
      ],
      [
       116.34449999999998,
       39.971399999999925
      ]
     ]
    ]
   }
  },
  {
   "type": "Feature",
   "id": "GR-LU-00283",
   "properties": {
    "id": "GR-LU-00283",
    "layer": "GREEN_SPACE",
    "green_type": "1401",
    "source_type": "agent_generated_design",
    "confidence": "medium",
    "geometry_role": "design_proposal",
    "area_sqm": 13660.2
   },
   "geometry": {
    "type": "Polygon",
    "coordinates": [
     [
      [
       116.34449999999998,
       39.97259999999992
      ],
      [
       116.34569999999998,
       39.97259999999992
      ],
      [
       116.34569999999998,
       39.971399999999925
      ],
      [
       116.34449999999998,
       39.971399999999925
      ],
      [
       116.34449999999998,
       39.97259999999992
      ]
     ]
    ]
   }
  },
  {
   "type": "Feature",
   "id": "GR-LU-00284",
   "properties": {
    "id": "GR-LU-00284",
    "layer": "GREEN_SPACE",
    "green_type": "1401",
    "source_type": "agent_generated_design",
    "confidence": "medium",
    "geometry_role": "design_proposal",
    "area_sqm": 13659.9
   },
   "geometry": {
    "type": "Polygon",
    "coordinates": [
     [
      [
       116.34449999999998,
       39.97379999999992
      ],
      [
       116.34569999999998,
       39.97379999999992
      ],
      [
       116.34569999999998,
       39.97259999999992
      ],
      [
       116.34449999999998,
       39.97259999999992
      ],
      [
       116.34449999999998,
       39.97379999999992
      ]
     ]
    ]
   }
  },
  {
   "type": "Feature",
   "id": "GR-LU-00347",
   "properties": {
    "id": "GR-LU-00347",
    "layer": "GREEN_SPACE",
    "green_type": "1401",
    "source_type": "agent_generated_design",
    "confidence": "medium",
    "geometry_role": "design_proposal",
    "area_sqm": 13662.3
   },
   "geometry": {
    "type": "Polygon",
    "coordinates": [
     [
      [
       116.34569999999998,
       39.96179999999995
      ],
      [
       116.34689999999998,
       39.96179999999995
      ],
      [
       116.34689999999998,
       39.96059999999995
      ],
      [
       116.34569999999998,
       39.96059999999995
      ],
      [
       116.34569999999998,
       39.96179999999995
      ]
     ]
    ]
   }
  },
  {
   "type": "Feature",
   "id": "GR-LU-00348",
   "properties": {
    "id": "GR-LU-00348",
    "layer": "GREEN_SPACE",
    "green_type": "1401",
    "source_type": "agent_generated_design",
    "confidence": "medium",
    "geometry_role": "design_proposal",
    "area_sqm": 13662.1
   },
   "geometry": {
    "type": "Polygon",
    "coordinates": [
     [
      [
       116.34569999999998,
       39.962999999999944
      ],
      [
       116.34689999999998,
       39.962999999999944
      ],
      [
       116.34689999999998,
       39.96179999999995
      ],
      [
       116.34569999999998,
       39.96179999999995
      ],
      [
       116.34569999999998,
       39.962999999999944
      ]
     ]
    ]
   }
  },
  {
   "type": "Feature",
   "id": "GR-LU-00349",
   "properties": {
    "id": "GR-LU-00349",
    "layer": "GREEN_SPACE",
    "green_type": "1401",
    "source_type": "agent_generated_design",
    "confidence": "medium",
    "geometry_role": "design_proposal",
    "area_sqm": 13661.8
   },
   "geometry": {
    "type": "Polygon",
    "coordinates": [
     [
      [
       116.34569999999998,
       39.96419999999994
      ],
      [
       116.34689999999998,
       39.96419999999994
      ],
      [
       116.34689999999998,
       39.962999999999944
      ],
      [
       116.34569999999998,
       39.962999999999944
      ],
      [
       116.34569999999998,
       39.96419999999994
      ]
     ]
    ]
   }
  },
  {
   "type": "Feature",
   "id": "GR-LU-00350",
   "properties": {
    "id": "GR-LU-00350",
    "layer": "GREEN_SPACE",
    "green_type": "1401",
    "source_type": "agent_generated_design",
    "confidence": "medium",
    "geometry_role": "design_proposal",
    "area_sqm": 13661.6
   },
   "geometry": {
    "type": "Polygon",
    "coordinates": [
     [
      [
       116.34569999999998,
       39.96539999999994
      ],
      [
       116.34689999999998,
       39.96539999999994
      ],
      [
       116.34689999999998,
       39.96419999999994
      ],
      [
       116.34569999999998,
       39.96419999999994
      ],
      [
       116.34569999999998,
       39.96539999999994
      ]
     ]
    ]
   }
  },
  {
   "type": "Feature",
   "id": "GR-LU-00351",
   "properties": {
    "id": "GR-LU-00351",
    "layer": "GREEN_SPACE",
    "green_type": "1401",
    "source_type": "agent_generated_design",
    "confidence": "medium",
    "geometry_role": "design_proposal",
    "area_sqm": 13661.4
   },
   "geometry": {
    "type": "Polygon",
    "coordinates": [
     [
      [
       116.34569999999998,
       39.966599999999936
      ],
      [
       116.34689999999998,
       39.966599999999936
      ],
      [
       116.34689999999998,
       39.96539999999994
      ],
      [
       116.34569999999998,
       39.96539999999994
      ],
      [
       116.34569999999998,
       39.966599999999936
      ]
     ]
    ]
   }
  },
  {
   "type": "Feature",
   "id": "GR-LU-00352",
   "properties": {
    "id": "GR-LU-00352",
    "layer": "GREEN_SPACE",
    "green_type": "1401",
    "source_type": "agent_generated_design",
    "confidence": "medium",
    "geometry_role": "design_proposal",
    "area_sqm": 13661.1
   },
   "geometry": {
    "type": "Polygon",
    "coordinates": [
     [
      [
       116.34569999999998,
       39.96779999999993
      ],
      [
       116.34689999999998,
       39.96779999999993
      ],
      [
       116.34689999999998,
       39.966599999999936
      ],
      [
       116.34569999999998,
       39.966599999999936
      ],
      [
       116.34569999999998,
       39.96779999999993
      ]
     ]
    ]
   }
  },
  {
   "type": "Feature",
   "id": "GR-LU-00353",
   "properties": {
    "id": "GR-LU-00353",
    "layer": "GREEN_SPACE",
    "green_type": "1401",
    "source_type": "agent_generated_design",
    "confidence": "medium",
    "geometry_role": "design_proposal",
    "area_sqm": 13660.9
   },
   "geometry": {
    "type": "Polygon",
    "coordinates": [
     [
      [
       116.34569999999998,
       39.96899999999993
      ],
      [
       116.34689999999998,
       39.96899999999993
      ],
      [
       116.34689999999998,
       39.96779999999993
      ],
      [
       116.34569999999998,
       39.96779999999993
      ],
      [
       116.34569999999998,
       39.96899999999993
      ]
     ]
    ]
   }
  },
  {
   "type": "Feature",
   "id": "GR-LU-00354",
   "properties": {
    "id": "GR-LU-00354",
    "layer": "GREEN_SPACE",
    "green_type": "1401",
    "source_type": "agent_generated_design",
    "confidence": "medium",
    "geometry_role": "design_proposal",
    "area_sqm": 13660.6
   },
   "geometry": {
    "type": "Polygon",
    "coordinates": [
     [
      [
       116.34569999999998,
       39.97019999999993
      ],
      [
       116.34689999999998,
       39.97019999999993
      ],
      [
       116.34689999999998,
       39.96899999999993
      ],
      [
       116.34569999999998,
       39.96899999999993
      ],
      [
       116.34569999999998,
       39.97019999999993
      ]
     ]
    ]
   }
  },
  {
   "type": "Feature",
   "id": "GR-LU-00355",
   "properties": {
    "id": "GR-LU-00355",
    "layer": "GREEN_SPACE",
    "green_type": "1401",
    "source_type": "agent_generated_design",
    "confidence": "medium",
    "geometry_role": "design_proposal",
    "area_sqm": 13660.4
   },
   "geometry": {
    "type": "Polygon",
    "coordinates": [
     [
      [
       116.34569999999998,
       39.971399999999925
      ],
      [
       116.34689999999998,
       39.971399999999925
      ],
      [
       116.34689999999998,
       39.97019999999993
      ],
      [
       116.34569999999998,
       39.97019999999993
      ],
      [
       116.34569999999998,
       39.971399999999925
      ]
     ]
    ]
   }
  },
  {
   "type": "Feature",
   "id": "GR-LU-00356",
   "properties": {
    "id": "GR-LU-00356",
    "layer": "GREEN_SPACE",
    "green_type": "1401",
    "source_type": "agent_generated_design",
    "confidence": "medium",
    "geometry_role": "design_proposal",
    "area_sqm": 13660.2
   },
   "geometry": {
    "type": "Polygon",
    "coordinates": [
     [
      [
       116.34569999999998,
       39.97259999999992
      ],
      [
       116.34689999999998,
       39.97259999999992
      ],
      [
       116.34689999999998,
       39.971399999999925
      ],
      [
       116.34569999999998,
       39.971399999999925
      ],
      [
       116.34569999999998,
       39.97259999999992
      ]
     ]
    ]
   }
  },
  {
   "type": "Feature",
   "id": "GR-LU-00357",
   "properties": {
    "id": "GR-LU-00357",
    "layer": "GREEN_SPACE",
    "green_type": "1401",
    "source_type": "agent_generated_design",
    "confidence": "medium",
    "geometry_role": "design_proposal",
    "area_sqm": 13659.9
   },
   "geometry": {
    "type": "Polygon",
    "coordinates": [
     [
      [
       116.34569999999998,
       39.97379999999992
      ],
      [
       116.34689999999998,
       39.97379999999992
      ],
      [
       116.34689999999998,
       39.97259999999992
      ],
      [
       116.34569999999998,
       39.97259999999992
      ],
      [
       116.34569999999998,
       39.97379999999992
      ]
     ]
    ]
   }
  },
  {
   "type": "Feature",
   "id": "GR-LU-00420",
   "properties": {
    "id": "GR-LU-00420",
    "layer": "GREEN_SPACE",
    "green_type": "1401",
    "source_type": "agent_generated_design",
    "confidence": "medium",
    "geometry_role": "design_proposal",
    "area_sqm": 13662.3
   },
   "geometry": {
    "type": "Polygon",
    "coordinates": [
     [
      [
       116.34689999999998,
       39.96179999999995
      ],
      [
       116.34809999999997,
       39.96179999999995
      ],
      [
       116.34809999999997,
       39.96059999999995
      ],
      [
       116.34689999999998,
       39.96059999999995
      ],
      [
       116.34689999999998,
       39.96179999999995
      ]
     ]
    ]
   }
  },
  {
   "type": "Feature",
   "id": "GR-LU-00421",
   "properties": {
    "id": "GR-LU-00421",
    "layer": "GREEN_SPACE",
    "green_type": "1401",
    "source_type": "agent_generated_design",
    "confidence": "medium",
    "geometry_role": "design_proposal",
    "area_sqm": 13662.1
   },
   "geometry": {
    "type": "Polygon",
    "coordinates": [
     [
      [
       116.34689999999998,
       39.962999999999944
      ],
      [
       116.34809999999997,
       39.962999999999944
      ],
      [
       116.34809999999997,
       39.96179999999995
      ],
      [
       116.34689999999998,
       39.96179999999995
      ],
      [
       116.34689999999998,
       39.962999999999944
      ]
     ]
    ]
   }
  },
  {
   "type": "Feature",
   "id": "GR-LU-00422",
   "properties": {
    "id": "GR-LU-00422",
    "layer": "GREEN_SPACE",
    "green_type": "1401",
    "source_type": "agent_generated_design",
    "confidence": "medium",
    "geometry_role": "design_proposal",
    "area_sqm": 13661.8
   },
   "geometry": {
    "type": "Polygon",
    "coordinates": [
     [
      [
       116.34689999999998,
       39.96419999999994
      ],
      [
       116.34809999999997,
       39.96419999999994
      ],
      [
       116.34809999999997,
       39.962999999999944
      ],
      [
       116.34689999999998,
       39.962999999999944
      ],
      [
       116.34689999999998,
       39.96419999999994
      ]
     ]
    ]
   }
  },
  {
   "type": "Feature",
   "id": "GR-LU-00423",
   "properties": {
    "id": "GR-LU-00423",
    "layer": "GREEN_SPACE",
    "green_type": "1401",
    "source_type": "agent_generated_design",
    "confidence": "medium",
    "geometry_role": "design_proposal",
    "area_sqm": 13661.6
   },
   "geometry": {
    "type": "Polygon",
    "coordinates": [
     [
      [
       116.34689999999998,
       39.96539999999994
      ],
      [
       116.34809999999997,
       39.96539999999994
      ],
      [
       116.34809999999997,
       39.96419999999994
      ],
      [
       116.34689999999998,
       39.96419999999994
      ],
      [
       116.34689999999998,
       39.96539999999994
      ]
     ]
    ]
   }
  },
  {
   "type": "Feature",
   "id": "GR-LU-00424",
   "properties": {
    "id": "GR-LU-00424",
    "layer": "GREEN_SPACE",
    "green_type": "1401",
    "source_type": "agent_generated_design",
    "confidence": "medium",
    "geometry_role": "design_proposal",
    "area_sqm": 13661.3
   },
   "geometry": {
    "type": "Polygon",
    "coordinates": [
     [
      [
       116.34689999999998,
       39.966599999999936
      ],
      [
       116.34809999999997,
       39.966599999999936
      ],
      [
       116.34809999999997,
       39.96539999999994
      ],
      [
       116.34689999999998,
       39.96539999999994
      ],
      [
       116.34689999999998,
       39.966599999999936
      ]
     ]
    ]
   }
  },
  {
   "type": "Feature",
   "id": "GR-LU-00425",
   "properties": {
    "id": "GR-LU-00425",
    "layer": "GREEN_SPACE",
    "green_type": "1401",
    "source_type": "agent_generated_design",
    "confidence": "medium",
    "geometry_role": "design_proposal",
    "area_sqm": 13661.1
   },
   "geometry": {
    "type": "Polygon",
    "coordinates": [
     [
      [
       116.34689999999998,
       39.96779999999993
      ],
      [
       116.34809999999997,
       39.96779999999993
      ],
      [
       116.34809999999997,
       39.966599999999936
      ],
      [
       116.34689999999998,
       39.966599999999936
      ],
      [
       116.34689999999998,
       39.96779999999993
      ]
     ]
    ]
   }
  },
  {
   "type": "Feature",
   "id": "GR-LU-00426",
   "properties": {
    "id": "GR-LU-00426",
    "layer": "GREEN_SPACE",
    "green_type": "1401",
    "source_type": "agent_generated_design",
    "confidence": "medium",
    "geometry_role": "design_proposal",
    "area_sqm": 13660.9
   },
   "geometry": {
    "type": "Polygon",
    "coordinates": [
     [
      [
       116.34689999999998,
       39.96899999999993
      ],
      [
       116.34809999999997,
       39.96899999999993
      ],
      [
       116.34809999999997,
       39.96779999999993
      ],
      [
       116.34689999999998,
       39.96779999999993
      ],
      [
       116.34689999999998,
       39.96899999999993
      ]
     ]
    ]
   }
  },
  {
   "type": "Feature",
   "id": "GR-LU-00427",
   "properties": {
    "id": "GR-LU-00427",
    "layer": "GREEN_SPACE",
    "green_type": "1401",
    "source_type": "agent_generated_design",
    "confidence": "medium",
    "geometry_role": "design_proposal",
    "area_sqm": 13660.6
   },
   "geometry": {
    "type": "Polygon",
    "coordinates": [
     [
      [
       116.34689999999998,
       39.97019999999993
      ],
      [
       116.34809999999997,
       39.97019999999993
      ],
      [
       116.34809999999997,
       39.96899999999993
      ],
      [
       116.34689999999998,
       39.96899999999993
      ],
      [
       116.34689999999998,
       39.97019999999993
      ]
     ]
    ]
   }
  },
  {
   "type": "Feature",
   "id": "GR-LU-00428",
   "properties": {
    "id": "GR-LU-00428",
    "layer": "GREEN_SPACE",
    "green_type": "1401",
    "source_type": "agent_generated_design",
    "confidence": "medium",
    "geometry_role": "design_proposal",
    "area_sqm": 13660.4
   },
   "geometry": {
    "type": "Polygon",
    "coordinates": [
     [
      [
       116.34689999999998,
       39.971399999999925
      ],
      [
       116.34809999999997,
       39.971399999999925
      ],
      [
       116.34809999999997,
       39.97019999999993
      ],
      [
       116.34689999999998,
       39.97019999999993
      ],
      [
       116.34689999999998,
       39.971399999999925
      ]
     ]
    ]
   }
  },
  {
   "type": "Feature",
   "id": "GR-LU-00429",
   "properties": {
    "id": "GR-LU-00429",
    "layer": "GREEN_SPACE",
    "green_type": "1401",
    "source_type": "agent_generated_design",
    "confidence": "medium",
    "geometry_role": "design_proposal",
    "area_sqm": 13660.2
   },
   "geometry": {
    "type": "Polygon",
    "coordinates": [
     [
      [
       116.34689999999998,
       39.97259999999992
      ],
      [
       116.34809999999997,
       39.97259999999992
      ],
      [
       116.34809999999997,
       39.971399999999925
      ],
      [
       116.34689999999998,
       39.971399999999925
      ],
      [
       116.34689999999998,
       39.97259999999992
      ]
     ]
    ]
   }
  },
  {
   "type": "Feature",
   "id": "GR-LU-00430",
   "properties": {
    "id": "GR-LU-00430",
    "layer": "GREEN_SPACE",
    "green_type": "1401",
    "source_type": "agent_generated_design",
    "confidence": "medium",
    "geometry_role": "design_proposal",
    "area_sqm": 13659.9
   },
   "geometry": {
    "type": "Polygon",
    "coordinates": [
     [
      [
       116.34689999999998,
       39.97379999999992
      ],
      [
       116.34809999999997,
       39.97379999999992
      ],
      [
       116.34809999999997,
       39.97259999999992
      ],
      [
       116.34689999999998,
       39.97259999999992
      ],
      [
       116.34689999999998,
       39.97379999999992
      ]
     ]
    ]
   }
  },
  {
   "type": "Feature",
   "id": "GR-LU-00493",
   "properties": {
    "id": "GR-LU-00493",
    "layer": "GREEN_SPACE",
    "green_type": "1401",
    "source_type": "agent_generated_design",
    "confidence": "medium",
    "geometry_role": "design_proposal",
    "area_sqm": 13662.3
   },
   "geometry": {
    "type": "Polygon",
    "coordinates": [
     [
      [
       116.34809999999997,
       39.96179999999995
      ],
      [
       116.34929999999997,
       39.96179999999995
      ],
      [
       116.34929999999997,
       39.96059999999995
      ],
      [
       116.34809999999997,
       39.96059999999995
      ],
      [
       116.34809999999997,
       39.96179999999995
      ]
     ]
    ]
   }
  },
  {
   "type": "Feature",
   "id": "GR-LU-00494",
   "properties": {
    "id": "GR-LU-00494",
    "layer": "GREEN_SPACE",
    "green_type": "1401",
    "source_type": "agent_generated_design",
    "confidence": "medium",
    "geometry_role": "design_proposal",
    "area_sqm": 13662.1
   },
   "geometry": {
    "type": "Polygon",
    "coordinates": [
     [
      [
       116.34809999999997,
       39.962999999999944
      ],
      [
       116.34929999999997,
       39.962999999999944
      ],
      [
       116.34929999999997,
       39.96179999999995
      ],
      [
       116.34809999999997,
       39.96179999999995
      ],
      [
       116.34809999999997,
       39.962999999999944
      ]
     ]
    ]
   }
  },
  {
   "type": "Feature",
   "id": "GR-LU-00495",
   "properties": {
    "id": "GR-LU-00495",
    "layer": "GREEN_SPACE",
    "green_type": "1401",
    "source_type": "agent_generated_design",
    "confidence": "medium",
    "geometry_role": "design_proposal",
    "area_sqm": 13661.8
   },
   "geometry": {
    "type": "Polygon",
    "coordinates": [
     [
      [
       116.34809999999997,
       39.96419999999994
      ],
      [
       116.34929999999997,
       39.96419999999994
      ],
      [
       116.34929999999997,
       39.962999999999944
      ],
      [
       116.34809999999997,
       39.962999999999944
      ],
      [
       116.34809999999997,
       39.96419999999994
      ]
     ]
    ]
   }
  },
  {
   "type": "Feature",
   "id": "GR-LU-00496",
   "properties": {
    "id": "GR-LU-00496",
    "layer": "GREEN_SPACE",
    "green_type": "1401",
    "source_type": "agent_generated_design",
    "confidence": "medium",
    "geometry_role": "design_proposal",
    "area_sqm": 13661.6
   },
   "geometry": {
    "type": "Polygon",
    "coordinates": [
     [
      [
       116.34809999999997,
       39.96539999999994
      ],
      [
       116.34929999999997,
       39.96539999999994
      ],
      [
       116.34929999999997,
       39.96419999999994
      ],
      [
       116.34809999999997,
       39.96419999999994
      ],
      [
       116.34809999999997,
       39.96539999999994
      ]
     ]
    ]
   }
  },
  {
   "type": "Feature",
   "id": "GR-LU-00497",
   "properties": {
    "id": "GR-LU-00497",
    "layer": "GREEN_SPACE",
    "green_type": "1401",
    "source_type": "agent_generated_design",
    "confidence": "medium",
    "geometry_role": "design_proposal",
    "area_sqm": 13661.3
   },
   "geometry": {
    "type": "Polygon",
    "coordinates": [
     [
      [
       116.34809999999997,
       39.966599999999936
      ],
      [
       116.34929999999997,
       39.966599999999936
      ],
      [
       116.34929999999997,
       39.96539999999994
      ],
      [
       116.34809999999997,
       39.96539999999994
      ],
      [
       116.34809999999997,
       39.966599999999936
      ]
     ]
    ]
   }
  },
  {
   "type": "Feature",
   "id": "GR-LU-00498",
   "properties": {
    "id": "GR-LU-00498",
    "layer": "GREEN_SPACE",
    "green_type": "1401",
    "source_type": "agent_generated_design",
    "confidence": "medium",
    "geometry_role": "design_proposal",
    "area_sqm": 13661.1
   },
   "geometry": {
    "type": "Polygon",
    "coordinates": [
     [
      [
       116.34809999999997,
       39.96779999999993
      ],
      [
       116.34929999999997,
       39.96779999999993
      ],
      [
       116.34929999999997,
       39.966599999999936
      ],
      [
       116.34809999999997,
       39.966599999999936
      ],
      [
       116.34809999999997,
       39.96779999999993
      ]
     ]
    ]
   }
  },
  {
   "type": "Feature",
   "id": "GR-LU-00499",
   "properties": {
    "id": "GR-LU-00499",
    "layer": "GREEN_SPACE",
    "green_type": "1401",
    "source_type": "agent_generated_design",
    "confidence": "medium",
    "geometry_role": "design_proposal",
    "area_sqm": 13660.9
   },
   "geometry": {
    "type": "Polygon",
    "coordinates": [
     [
      [
       116.34809999999997,
       39.96899999999993
      ],
      [
       116.34929999999997,
       39.96899999999993
      ],
      [
       116.34929999999997,
       39.96779999999993
      ],
      [
       116.34809999999997,
       39.96779999999993
      ],
      [
       116.34809999999997,
       39.96899999999993
      ]
     ]
    ]
   }
  },
  {
   "type": "Feature",
   "id": "GR-LU-00500",
   "properties": {
    "id": "GR-LU-00500",
    "layer": "GREEN_SPACE",
    "green_type": "1401",
    "source_type": "agent_generated_design",
    "confidence": "medium",
    "geometry_role": "design_proposal",
    "area_sqm": 13660.6
   },
   "geometry": {
    "type": "Polygon",
    "coordinates": [
     [
      [
       116.34809999999997,
       39.97019999999993
      ],
      [
       116.34929999999997,
       39.97019999999993
      ],
      [
       116.34929999999997,
       39.96899999999993
      ],
      [
       116.34809999999997,
       39.96899999999993
      ],
      [
       116.34809999999997,
       39.97019999999993
      ]
     ]
    ]
   }
  },
  {
   "type": "Feature",
   "id": "GR-LU-00501",
   "properties": {
    "id": "GR-LU-00501",
    "layer": "GREEN_SPACE",
    "green_type": "1401",
    "source_type": "agent_generated_design",
    "confidence": "medium",
    "geometry_role": "design_proposal",
    "area_sqm": 13660.4
   },
   "geometry": {
    "type": "Polygon",
    "coordinates": [
     [
      [
       116.34809999999997,
       39.971399999999925
      ],
      [
       116.34929999999997,
       39.971399999999925
      ],
      [
       116.34929999999997,
       39.97019999999993
      ],
      [
       116.34809999999997,
       39.97019999999993
      ],
      [
       116.34809999999997,
       39.971399999999925
      ]
     ]
    ]
   }
  },
  {
   "type": "Feature",
   "id": "GR-LU-00502",
   "properties": {
    "id": "GR-LU-00502",
    "layer": "GREEN_SPACE",
    "green_type": "1401",
    "source_type": "agent_generated_design",
    "confidence": "medium",
    "geometry_role": "design_proposal",
    "area_sqm": 13660.2
   },
   "geometry": {
    "type": "Polygon",
    "coordinates": [
     [
      [
       116.34809999999997,
       39.97259999999992
      ],
      [
       116.34929999999997,
       39.97259999999992
      ],
      [
       116.34929999999997,
       39.971399999999925
      ],
      [
       116.34809999999997,
       39.971399999999925
      ],
      [
       116.34809999999997,
       39.97259999999992
      ]
     ]
    ]
   }
  },
  {
   "type": "Feature",
   "id": "GR-LU-00503",
   "properties": {
    "id": "GR-LU-00503",
    "layer": "GREEN_SPACE",
    "green_type": "1401",
    "source_type": "agent_generated_design",
    "confidence": "medium",
    "geometry_role": "design_proposal",
    "area_sqm": 13659.9
   },
   "geometry": {
    "type": "Polygon",
    "coordinates": [
     [
      [
       116.34809999999997,
       39.97379999999992
      ],
      [
       116.34929999999997,
       39.97379999999992
      ],
      [
       116.34929999999997,
       39.97259999999992
      ],
      [
       116.34809999999997,
       39.97259999999992
      ],
      [
       116.34809999999997,
       39.97379999999992
      ]
     ]
    ]
   }
  },
  {
   "type": "Feature",
   "id": "GR-LU-00566",
   "properties": {
    "id": "GR-LU-00566",
    "layer": "GREEN_SPACE",
    "green_type": "1401",
    "source_type": "agent_generated_design",
    "confidence": "medium",
    "geometry_role": "design_proposal",
    "area_sqm": 13662.3
   },
   "geometry": {
    "type": "Polygon",
    "coordinates": [
     [
      [
       116.34929999999997,
       39.96179999999995
      ],
      [
       116.35049999999997,
       39.96179999999995
      ],
      [
       116.35049999999997,
       39.96059999999995
      ],
      [
       116.34929999999997,
       39.96059999999995
      ],
      [
       116.34929999999997,
       39.96179999999995
      ]
     ]
    ]
   }
  },
  {
   "type": "Feature",
   "id": "GR-LU-00567",
   "properties": {
    "id": "GR-LU-00567",
    "layer": "GREEN_SPACE",
    "green_type": "1401",
    "source_type": "agent_generated_design",
    "confidence": "medium",
    "geometry_role": "design_proposal",
    "area_sqm": 13662.0
   },
   "geometry": {
    "type": "Polygon",
    "coordinates": [
     [
      [
       116.34929999999997,
       39.962999999999944
      ],
      [
       116.35049999999997,
       39.962999999999944
      ],
      [
       116.35049999999997,
       39.96179999999995
      ],
      [
       116.34929999999997,
       39.96179999999995
      ],
      [
       116.34929999999997,
       39.962999999999944
      ]
     ]
    ]
   }
  },
  {
   "type": "Feature",
   "id": "GR-LU-00568",
   "properties": {
    "id": "GR-LU-00568",
    "layer": "GREEN_SPACE",
    "green_type": "1401",
    "source_type": "agent_generated_design",
    "confidence": "medium",
    "geometry_role": "design_proposal",
    "area_sqm": 13661.8
   },
   "geometry": {
    "type": "Polygon",
    "coordinates": [
     [
      [
       116.34929999999997,
       39.96419999999994
      ],
      [
       116.35049999999997,
       39.96419999999994
      ],
      [
       116.35049999999997,
       39.962999999999944
      ],
      [
       116.34929999999997,
       39.962999999999944
      ],
      [
       116.34929999999997,
       39.96419999999994
      ]
     ]
    ]
   }
  },
  {
   "type": "Feature",
   "id": "GR-LU-00569",
   "properties": {
    "id": "GR-LU-00569",
    "layer": "GREEN_SPACE",
    "green_type": "1401",
    "source_type": "agent_generated_design",
    "confidence": "medium",
    "geometry_role": "design_proposal",
    "area_sqm": 13661.6
   },
   "geometry": {
    "type": "Polygon",
    "coordinates": [
     [
      [
       116.34929999999997,
       39.96539999999994
      ],
      [
       116.35049999999997,
       39.96539999999994
      ],
      [
       116.35049999999997,
       39.96419999999994
      ],
      [
       116.34929999999997,
       39.96419999999994
      ],
      [
       116.34929999999997,
       39.96539999999994
      ]
     ]
    ]
   }
  },
  {
   "type": "Feature",
   "id": "GR-LU-00570",
   "properties": {
    "id": "GR-LU-00570",
    "layer": "GREEN_SPACE",
    "green_type": "1401",
    "source_type": "agent_generated_design",
    "confidence": "medium",
    "geometry_role": "design_proposal",
    "area_sqm": 13661.3
   },
   "geometry": {
    "type": "Polygon",
    "coordinates": [
     [
      [
       116.34929999999997,
       39.966599999999936
      ],
      [
       116.35049999999997,
       39.966599999999936
      ],
      [
       116.35049999999997,
       39.96539999999994
      ],
      [
       116.34929999999997,
       39.96539999999994
      ],
      [
       116.34929999999997,
       39.966599999999936
      ]
     ]
    ]
   }
  },
  {
   "type": "Feature",
   "id": "GR-LU-00571",
   "properties": {
    "id": "GR-LU-00571",
    "layer": "GREEN_SPACE",
    "green_type": "1401",
    "source_type": "agent_generated_design",
    "confidence": "medium",
    "geometry_role": "design_proposal",
    "area_sqm": 13661.1
   },
   "geometry": {
    "type": "Polygon",
    "coordinates": [
     [
      [
       116.34929999999997,
       39.96779999999993
      ],
      [
       116.35049999999997,
       39.96779999999993
      ],
      [
       116.35049999999997,
       39.966599999999936
      ],
      [
       116.34929999999997,
       39.966599999999936
      ],
      [
       116.34929999999997,
       39.96779999999993
      ]
     ]
    ]
   }
  },
  {
   "type": "Feature",
   "id": "GR-LU-00572",
   "properties": {
    "id": "GR-LU-00572",
    "layer": "GREEN_SPACE",
    "green_type": "1401",
    "source_type": "agent_generated_design",
    "confidence": "medium",
    "geometry_role": "design_proposal",
    "area_sqm": 13660.9
   },
   "geometry": {
    "type": "Polygon",
    "coordinates": [
     [
      [
       116.34929999999997,
       39.96899999999993
      ],
      [
       116.35049999999997,
       39.96899999999993
      ],
      [
       116.35049999999997,
       39.96779999999993
      ],
      [
       116.34929999999997,
       39.96779999999993
      ],
      [
       116.34929999999997,
       39.96899999999993
      ]
     ]
    ]
   }
  },
  {
   "type": "Feature",
   "id": "GR-LU-00573",
   "properties": {
    "id": "GR-LU-00573",
    "layer": "GREEN_SPACE",
    "green_type": "1401",
    "source_type": "agent_generated_design",
    "confidence": "medium",
    "geometry_role": "design_proposal",
    "area_sqm": 13660.6
   },
   "geometry": {
    "type": "Polygon",
    "coordinates": [
     [
      [
       116.34929999999997,
       39.97019999999993
      ],
      [
       116.35049999999997,
       39.97019999999993
      ],
      [
       116.35049999999997,
       39.96899999999993
      ],
      [
       116.34929999999997,
       39.96899999999993
      ],
      [
       116.34929999999997,
       39.97019999999993
      ]
     ]
    ]
   }
  },
  {
   "type": "Feature",
   "id": "GR-LU-00574",
   "properties": {
    "id": "GR-LU-00574",
    "layer": "GREEN_SPACE",
    "green_type": "1401",
    "source_type": "agent_generated_design",
    "confidence": "medium",
    "geometry_role": "design_proposal",
    "area_sqm": 13660.4
   },
   "geometry": {
    "type": "Polygon",
    "coordinates": [
     [
      [
       116.34929999999997,
       39.971399999999925
      ],
      [
       116.35049999999997,
       39.971399999999925
      ],
      [
       116.35049999999997,
       39.97019999999993
      ],
      [
       116.34929999999997,
       39.97019999999993
      ],
      [
       116.34929999999997,
       39.971399999999925
      ]
     ]
    ]
   }
  },
  {
   "type": "Feature",
   "id": "GR-LU-00575",
   "properties": {
    "id": "GR-LU-00575",
    "layer": "GREEN_SPACE",
    "green_type": "1401",
    "source_type": "agent_generated_design",
    "confidence": "medium",
    "geometry_role": "design_proposal",
    "area_sqm": 13660.2
   },
   "geometry": {
    "type": "Polygon",
    "coordinates": [
     [
      [
       116.34929999999997,
       39.97259999999992
      ],
      [
       116.35049999999997,
       39.97259999999992
      ],
      [
       116.35049999999997,
       39.971399999999925
      ],
      [
       116.34929999999997,
       39.971399999999925
      ],
      [
       116.34929999999997,
       39.97259999999992
      ]
     ]
    ]
   }
  },
  {
   "type": "Feature",
   "id": "GR-LU-00576",
   "properties": {
    "id": "GR-LU-00576",
    "layer": "GREEN_SPACE",
    "green_type": "1401",
    "source_type": "agent_generated_design",
    "confidence": "medium",
    "geometry_role": "design_proposal",
    "area_sqm": 13659.9
   },
   "geometry": {
    "type": "Polygon",
    "coordinates": [
     [
      [
       116.34929999999997,
       39.97379999999992
      ],
      [
       116.35049999999997,
       39.97379999999992
      ],
      [
       116.35049999999997,
       39.97259999999992
      ],
      [
       116.34929999999997,
       39.97259999999992
      ],
      [
       116.34929999999997,
       39.97379999999992
      ]
     ]
    ]
   }
  },
  {
   "type": "Feature",
   "id": "GR-LU-00639",
   "properties": {
    "id": "GR-LU-00639",
    "layer": "GREEN_SPACE",
    "green_type": "1401",
    "source_type": "agent_generated_design",
    "confidence": "medium",
    "geometry_role": "design_proposal",
    "area_sqm": 13662.3
   },
   "geometry": {
    "type": "Polygon",
    "coordinates": [
     [
      [
       116.35049999999997,
       39.96179999999995
      ],
      [
       116.35169999999997,
       39.96179999999995
      ],
      [
       116.35169999999997,
       39.96059999999995
      ],
      [
       116.35049999999997,
       39.96059999999995
      ],
      [
       116.35049999999997,
       39.96179999999995
      ]
     ]
    ]
   }
  },
  {
   "type": "Feature",
   "id": "GR-LU-00640",
   "properties": {
    "id": "GR-LU-00640",
    "layer": "GREEN_SPACE",
    "green_type": "1401",
    "source_type": "agent_generated_design",
    "confidence": "medium",
    "geometry_role": "design_proposal",
    "area_sqm": 13662.0
   },
   "geometry": {
    "type": "Polygon",
    "coordinates": [
     [
      [
       116.35049999999997,
       39.962999999999944
      ],
      [
       116.35169999999997,
       39.962999999999944
      ],
      [
       116.35169999999997,
       39.96179999999995
      ],
      [
       116.35049999999997,
       39.96179999999995
      ],
      [
       116.35049999999997,
       39.962999999999944
      ]
     ]
    ]
   }
  },
  {
   "type": "Feature",
   "id": "GR-LU-00641",
   "properties": {
    "id": "GR-LU-00641",
    "layer": "GREEN_SPACE",
    "green_type": "1401",
    "source_type": "agent_generated_design",
    "confidence": "medium",
    "geometry_role": "design_proposal",
    "area_sqm": 13661.8
   },
   "geometry": {
    "type": "Polygon",
    "coordinates": [
     [
      [
       116.35049999999997,
       39.96419999999994
      ],
      [
       116.35169999999997,
       39.96419999999994
      ],
      [
       116.35169999999997,
       39.962999999999944
      ],
      [
       116.35049999999997,
       39.962999999999944
      ],
      [
       116.35049999999997,
       39.96419999999994
      ]
     ]
    ]
   }
  },
  {
   "type": "Feature",
   "id": "GR-LU-00642",
   "properties": {
    "id": "GR-LU-00642",
    "layer": "GREEN_SPACE",
    "green_type": "1401",
    "source_type": "agent_generated_design",
    "confidence": "medium",
    "geometry_role": "design_proposal",
    "area_sqm": 13661.6
   },
   "geometry": {
    "type": "Polygon",
    "coordinates": [
     [
      [
       116.35049999999997,
       39.96539999999994
      ],
      [
       116.35169999999997,
       39.96539999999994
      ],
      [
       116.35169999999997,
       39.96419999999994
      ],
      [
       116.35049999999997,
       39.96419999999994
      ],
      [
       116.35049999999997,
       39.96539999999994
      ]
     ]
    ]
   }
  },
  {
   "type": "Feature",
   "id": "GR-LU-00643",
   "properties": {
    "id": "GR-LU-00643",
    "layer": "GREEN_SPACE",
    "green_type": "1401",
    "source_type": "agent_generated_design",
    "confidence": "medium",
    "geometry_role": "design_proposal",
    "area_sqm": 13661.3
   },
   "geometry": {
    "type": "Polygon",
    "coordinates": [
     [
      [
       116.35049999999997,
       39.966599999999936
      ],
      [
       116.35169999999997,
       39.966599999999936
      ],
      [
       116.35169999999997,
       39.96539999999994
      ],
      [
       116.35049999999997,
       39.96539999999994
      ],
      [
       116.35049999999997,
       39.966599999999936
      ]
     ]
    ]
   }
  },
  {
   "type": "Feature",
   "id": "GR-LU-00644",
   "properties": {
    "id": "GR-LU-00644",
    "layer": "GREEN_SPACE",
    "green_type": "1401",
    "source_type": "agent_generated_design",
    "confidence": "medium",
    "geometry_role": "design_proposal",
    "area_sqm": 13661.1
   },
   "geometry": {
    "type": "Polygon",
    "coordinates": [
     [
      [
       116.35049999999997,
       39.96779999999993
      ],
      [
       116.35169999999997,
       39.96779999999993
      ],
      [
       116.35169999999997,
       39.966599999999936
      ],
      [
       116.35049999999997,
       39.966599999999936
      ],
      [
       116.35049999999997,
       39.96779999999993
      ]
     ]
    ]
   }
  },
  {
   "type": "Feature",
   "id": "GR-LU-00645",
   "properties": {
    "id": "GR-LU-00645",
    "layer": "GREEN_SPACE",
    "green_type": "1401",
    "source_type": "agent_generated_design",
    "confidence": "medium",
    "geometry_role": "design_proposal",
    "area_sqm": 13660.9
   },
   "geometry": {
    "type": "Polygon",
    "coordinates": [
     [
      [
       116.35049999999997,
       39.96899999999993
      ],
      [
       116.35169999999997,
       39.96899999999993
      ],
      [
       116.35169999999997,
       39.96779999999993
      ],
      [
       116.35049999999997,
       39.96779999999993
      ],
      [
       116.35049999999997,
       39.96899999999993
      ]
     ]
    ]
   }
  },
  {
   "type": "Feature",
   "id": "GR-LU-00646",
   "properties": {
    "id": "GR-LU-00646",
    "layer": "GREEN_SPACE",
    "green_type": "1401",
    "source_type": "agent_generated_design",
    "confidence": "medium",
    "geometry_role": "design_proposal",
    "area_sqm": 13660.6
   },
   "geometry": {
    "type": "Polygon",
    "coordinates": [
     [
      [
       116.35049999999997,
       39.97019999999993
      ],
      [
       116.35169999999997,
       39.97019999999993
      ],
      [
       116.35169999999997,
       39.96899999999993
      ],
      [
       116.35049999999997,
       39.96899999999993
      ],
      [
       116.35049999999997,
       39.97019999999993
      ]
     ]
    ]
   }
  },
  {
   "type": "Feature",
   "id": "GR-LU-00647",
   "properties": {
    "id": "GR-LU-00647",
    "layer": "GREEN_SPACE",
    "green_type": "1401",
    "source_type": "agent_generated_design",
    "confidence": "medium",
    "geometry_role": "design_proposal",
    "area_sqm": 13660.4
   },
   "geometry": {
    "type": "Polygon",
    "coordinates": [
     [
      [
       116.35049999999997,
       39.971399999999925
      ],
      [
       116.35169999999997,
       39.971399999999925
      ],
      [
       116.35169999999997,
       39.97019999999993
      ],
      [
       116.35049999999997,
       39.97019999999993
      ],
      [
       116.35049999999997,
       39.971399999999925
      ]
     ]
    ]
   }
  },
  {
   "type": "Feature",
   "id": "GR-LU-00648",
   "properties": {
    "id": "GR-LU-00648",
    "layer": "GREEN_SPACE",
    "green_type": "1401",
    "source_type": "agent_generated_design",
    "confidence": "medium",
    "geometry_role": "design_proposal",
    "area_sqm": 13660.2
   },
   "geometry": {
    "type": "Polygon",
    "coordinates": [
     [
      [
       116.35049999999997,
       39.97259999999992
      ],
      [
       116.35169999999997,
       39.97259999999992
      ],
      [
       116.35169999999997,
       39.971399999999925
      ],
      [
       116.35049999999997,
       39.971399999999925
      ],
      [
       116.35049999999997,
       39.97259999999992
      ]
     ]
    ]
   }
  },
  {
   "type": "Feature",
   "id": "GR-LU-00649",
   "properties": {
    "id": "GR-LU-00649",
    "layer": "GREEN_SPACE",
    "green_type": "1401",
    "source_type": "agent_generated_design",
    "confidence": "medium",
    "geometry_role": "design_proposal",
    "area_sqm": 13659.9
   },
   "geometry": {
    "type": "Polygon",
    "coordinates": [
     [
      [
       116.35049999999997,
       39.97379999999992
      ],
      [
       116.35169999999997,
       39.97379999999992
      ],
      [
       116.35169999999997,
       39.97259999999992
      ],
      [
       116.35049999999997,
       39.97259999999992
      ],
      [
       116.35049999999997,
       39.97379999999992
      ]
     ]
    ]
   }
  },
  {
   "type": "Feature",
   "id": "GR-LU-00712",
   "properties": {
    "id": "GR-LU-00712",
    "layer": "GREEN_SPACE",
    "green_type": "1401",
    "source_type": "agent_generated_design",
    "confidence": "medium",
    "geometry_role": "design_proposal",
    "area_sqm": 13662.3
   },
   "geometry": {
    "type": "Polygon",
    "coordinates": [
     [
      [
       116.35169999999997,
       39.96179999999995
      ],
      [
       116.35289999999996,
       39.96179999999995
      ],
      [
       116.35289999999996,
       39.96059999999995
      ],
      [
       116.35169999999997,
       39.96059999999995
      ],
      [
       116.35169999999997,
       39.96179999999995
      ]
     ]
    ]
   }
  },
  {
   "type": "Feature",
   "id": "GR-LU-00713",
   "properties": {
    "id": "GR-LU-00713",
    "layer": "GREEN_SPACE",
    "green_type": "1401",
    "source_type": "agent_generated_design",
    "confidence": "medium",
    "geometry_role": "design_proposal",
    "area_sqm": 13662.0
   },
   "geometry": {
    "type": "Polygon",
    "coordinates": [
     [
      [
       116.35169999999997,
       39.962999999999944
      ],
      [
       116.35289999999996,
       39.962999999999944
      ],
      [
       116.35289999999996,
       39.96179999999995
      ],
      [
       116.35169999999997,
       39.96179999999995
      ],
      [
       116.35169999999997,
       39.962999999999944
      ]
     ]
    ]
   }
  },
  {
   "type": "Feature",
   "id": "GR-LU-00714",
   "properties": {
    "id": "GR-LU-00714",
    "layer": "GREEN_SPACE",
    "green_type": "1401",
    "source_type": "agent_generated_design",
    "confidence": "medium",
    "geometry_role": "design_proposal",
    "area_sqm": 13661.8
   },
   "geometry": {
    "type": "Polygon",
    "coordinates": [
     [
      [
       116.35169999999997,
       39.96419999999994
      ],
      [
       116.35289999999996,
       39.96419999999994
      ],
      [
       116.35289999999996,
       39.962999999999944
      ],
      [
       116.35169999999997,
       39.962999999999944
      ],
      [
       116.35169999999997,
       39.96419999999994
      ]
     ]
    ]
   }
  },
  {
   "type": "Feature",
   "id": "GR-LU-00715",
   "properties": {
    "id": "GR-LU-00715",
    "layer": "GREEN_SPACE",
    "green_type": "1401",
    "source_type": "agent_generated_design",
    "confidence": "medium",
    "geometry_role": "design_proposal",
    "area_sqm": 13661.6
   },
   "geometry": {
    "type": "Polygon",
    "coordinates": [
     [
      [
       116.35169999999997,
       39.96539999999994
      ],
      [
       116.35289999999996,
       39.96539999999994
      ],
      [
       116.35289999999996,
       39.96419999999994
      ],
      [
       116.35169999999997,
       39.96419999999994
      ],
      [
       116.35169999999997,
       39.96539999999994
      ]
     ]
    ]
   }
  },
  {
   "type": "Feature",
   "id": "GR-LU-00716",
   "properties": {
    "id": "GR-LU-00716",
    "layer": "GREEN_SPACE",
    "green_type": "1401",
    "source_type": "agent_generated_design",
    "confidence": "medium",
    "geometry_role": "design_proposal",
    "area_sqm": 13661.3
   },
   "geometry": {
    "type": "Polygon",
    "coordinates": [
     [
      [
       116.35169999999997,
       39.966599999999936
      ],
      [
       116.35289999999996,
       39.966599999999936
      ],
      [
       116.35289999999996,
       39.96539999999994
      ],
      [
       116.35169999999997,
       39.96539999999994
      ],
      [
       116.35169999999997,
       39.966599999999936
      ]
     ]
    ]
   }
  },
  {
   "type": "Feature",
   "id": "GR-LU-00717",
   "properties": {
    "id": "GR-LU-00717",
    "layer": "GREEN_SPACE",
    "green_type": "1401",
    "source_type": "agent_generated_design",
    "confidence": "medium",
    "geometry_role": "design_proposal",
    "area_sqm": 13661.1
   },
   "geometry": {
    "type": "Polygon",
    "coordinates": [
     [
      [
       116.35169999999997,
       39.96779999999993
      ],
      [
       116.35289999999996,
       39.96779999999993
      ],
      [
       116.35289999999996,
       39.966599999999936
      ],
      [
       116.35169999999997,
       39.966599999999936
      ],
      [
       116.35169999999997,
       39.96779999999993
      ]
     ]
    ]
   }
  },
  {
   "type": "Feature",
   "id": "GR-LU-00718",
   "properties": {
    "id": "GR-LU-00718",
    "layer": "GREEN_SPACE",
    "green_type": "1401",
    "source_type": "agent_generated_design",
    "confidence": "medium",
    "geometry_role": "design_proposal",
    "area_sqm": 13660.9
   },
   "geometry": {
    "type": "Polygon",
    "coordinates": [
     [
      [
       116.35169999999997,
       39.96899999999993
      ],
      [
       116.35289999999996,
       39.96899999999993
      ],
      [
       116.35289999999996,
       39.96779999999993
      ],
      [
       116.35169999999997,
       39.96779999999993
      ],
      [
       116.35169999999997,
       39.96899999999993
      ]
     ]
    ]
   }
  },
  {
   "type": "Feature",
   "id": "GR-LU-00719",
   "properties": {
    "id": "GR-LU-00719",
    "layer": "GREEN_SPACE",
    "green_type": "1401",
    "source_type": "agent_generated_design",
    "confidence": "medium",
    "geometry_role": "design_proposal",
    "area_sqm": 13660.6
   },
   "geometry": {
    "type": "Polygon",
    "coordinates": [
     [
      [
       116.35169999999997,
       39.97019999999993
      ],
      [
       116.35289999999996,
       39.97019999999993
      ],
      [
       116.35289999999996,
       39.96899999999993
      ],
      [
       116.35169999999997,
       39.96899999999993
      ],
      [
       116.35169999999997,
       39.97019999999993
      ]
     ]
    ]
   }
  },
  {
   "type": "Feature",
   "id": "GR-LU-00720",
   "properties": {
    "id": "GR-LU-00720",
    "layer": "GREEN_SPACE",
    "green_type": "1401",
    "source_type": "agent_generated_design",
    "confidence": "medium",
    "geometry_role": "design_proposal",
    "area_sqm": 13660.4
   },
   "geometry": {
    "type": "Polygon",
    "coordinates": [
     [
      [
       116.35169999999997,
       39.971399999999925
      ],
      [
       116.35289999999996,
       39.971399999999925
      ],
      [
       116.35289999999996,
       39.97019999999993
      ],
      [
       116.35169999999997,
       39.97019999999993
      ],
      [
       116.35169999999997,
       39.971399999999925
      ]
     ]
    ]
   }
  },
  {
   "type": "Feature",
   "id": "GR-LU-00721",
   "properties": {
    "id": "GR-LU-00721",
    "layer": "GREEN_SPACE",
    "green_type": "1401",
    "source_type": "agent_generated_design",
    "confidence": "medium",
    "geometry_role": "design_proposal",
    "area_sqm": 13660.2
   },
   "geometry": {
    "type": "Polygon",
    "coordinates": [
     [
      [
       116.35169999999997,
       39.97259999999992
      ],
      [
       116.35289999999996,
       39.97259999999992
      ],
      [
       116.35289999999996,
       39.971399999999925
      ],
      [
       116.35169999999997,
       39.971399999999925
      ],
      [
       116.35169999999997,
       39.97259999999992
      ]
     ]
    ]
   }
  },
  {
   "type": "Feature",
   "id": "GR-LU-00722",
   "properties": {
    "id": "GR-LU-00722",
    "layer": "GREEN_SPACE",
    "green_type": "1401",
    "source_type": "agent_generated_design",
    "confidence": "medium",
    "geometry_role": "design_proposal",
    "area_sqm": 13659.9
   },
   "geometry": {
    "type": "Polygon",
    "coordinates": [
     [
      [
       116.35169999999997,
       39.97379999999992
      ],
      [
       116.35289999999996,
       39.97379999999992
      ],
      [
       116.35289999999996,
       39.97259999999992
      ],
      [
       116.35169999999997,
       39.97259999999992
      ],
      [
       116.35169999999997,
       39.97379999999992
      ]
     ]
    ]
   }
  },
  {
   "type": "Feature",
   "id": "GR-LU-00785",
   "properties": {
    "id": "GR-LU-00785",
    "layer": "GREEN_SPACE",
    "green_type": "1401",
    "source_type": "agent_generated_design",
    "confidence": "medium",
    "geometry_role": "design_proposal",
    "area_sqm": 13662.3
   },
   "geometry": {
    "type": "Polygon",
    "coordinates": [
     [
      [
       116.35289999999996,
       39.96179999999995
      ],
      [
       116.35409999999996,
       39.96179999999995
      ],
      [
       116.35409999999996,
       39.96059999999995
      ],
      [
       116.35289999999996,
       39.96059999999995
      ],
      [
       116.35289999999996,
       39.96179999999995
      ]
     ]
    ]
   }
  },
  {
   "type": "Feature",
   "id": "GR-LU-00786",
   "properties": {
    "id": "GR-LU-00786",
    "layer": "GREEN_SPACE",
    "green_type": "1401",
    "source_type": "agent_generated_design",
    "confidence": "medium",
    "geometry_role": "design_proposal",
    "area_sqm": 13662.0
   },
   "geometry": {
    "type": "Polygon",
    "coordinates": [
     [
      [
       116.35289999999996,
       39.962999999999944
      ],
      [
       116.35409999999996,
       39.962999999999944
      ],
      [
       116.35409999999996,
       39.96179999999995
      ],
      [
       116.35289999999996,
       39.96179999999995
      ],
      [
       116.35289999999996,
       39.962999999999944
      ]
     ]
    ]
   }
  },
  {
   "type": "Feature",
   "id": "GR-LU-00787",
   "properties": {
    "id": "GR-LU-00787",
    "layer": "GREEN_SPACE",
    "green_type": "1401",
    "source_type": "agent_generated_design",
    "confidence": "medium",
    "geometry_role": "design_proposal",
    "area_sqm": 13661.8
   },
   "geometry": {
    "type": "Polygon",
    "coordinates": [
     [
      [
       116.35289999999996,
       39.96419999999994
      ],
      [
       116.35409999999996,
       39.96419999999994
      ],
      [
       116.35409999999996,
       39.962999999999944
      ],
      [
       116.35289999999996,
       39.962999999999944
      ],
      [
       116.35289999999996,
       39.96419999999994
      ]
     ]
    ]
   }
  },
  {
   "type": "Feature",
   "id": "GR-LU-00788",
   "properties": {
    "id": "GR-LU-00788",
    "layer": "GREEN_SPACE",
    "green_type": "1401",
    "source_type": "agent_generated_design",
    "confidence": "medium",
    "geometry_role": "design_proposal",
    "area_sqm": 13661.6
   },
   "geometry": {
    "type": "Polygon",
    "coordinates": [
     [
      [
       116.35289999999996,
       39.96539999999994
      ],
      [
       116.35409999999996,
       39.96539999999994
      ],
      [
       116.35409999999996,
       39.96419999999994
      ],
      [
       116.35289999999996,
       39.96419999999994
      ],
      [
       116.35289999999996,
       39.96539999999994
      ]
     ]
    ]
   }
  },
  {
   "type": "Feature",
   "id": "GR-LU-00789",
   "properties": {
    "id": "GR-LU-00789",
    "layer": "GREEN_SPACE",
    "green_type": "1401",
    "source_type": "agent_generated_design",
    "confidence": "medium",
    "geometry_role": "design_proposal",
    "area_sqm": 13661.3
   },
   "geometry": {
    "type": "Polygon",
    "coordinates": [
     [
      [
       116.35289999999996,
       39.966599999999936
      ],
      [
       116.35409999999996,
       39.966599999999936
      ],
      [
       116.35409999999996,
       39.96539999999994
      ],
      [
       116.35289999999996,
       39.96539999999994
      ],
      [
       116.35289999999996,
       39.966599999999936
      ]
     ]
    ]
   }
  },
  {
   "type": "Feature",
   "id": "GR-LU-00790",
   "properties": {
    "id": "GR-LU-00790",
    "layer": "GREEN_SPACE",
    "green_type": "1401",
    "source_type": "agent_generated_design",
    "confidence": "medium",
    "geometry_role": "design_proposal",
    "area_sqm": 13661.1
   },
   "geometry": {
    "type": "Polygon",
    "coordinates": [
     [
      [
       116.35289999999996,
       39.96779999999993
      ],
      [
       116.35409999999996,
       39.96779999999993
      ],
      [
       116.35409999999996,
       39.966599999999936
      ],
      [
       116.35289999999996,
       39.966599999999936
      ],
      [
       116.35289999999996,
       39.96779999999993
      ]
     ]
    ]
   }
  },
  {
   "type": "Feature",
   "id": "GR-LU-00791",
   "properties": {
    "id": "GR-LU-00791",
    "layer": "GREEN_SPACE",
    "green_type": "1401",
    "source_type": "agent_generated_design",
    "confidence": "medium",
    "geometry_role": "design_proposal",
    "area_sqm": 13660.9
   },
   "geometry": {
    "type": "Polygon",
    "coordinates": [
     [
      [
       116.35289999999996,
       39.96899999999993
      ],
      [
       116.35409999999996,
       39.96899999999993
      ],
      [
       116.35409999999996,
       39.96779999999993
      ],
      [
       116.35289999999996,
       39.96779999999993
      ],
      [
       116.35289999999996,
       39.96899999999993
      ]
     ]
    ]
   }
  },
  {
   "type": "Feature",
   "id": "GR-LU-00792",
   "properties": {
    "id": "GR-LU-00792",
    "layer": "GREEN_SPACE",
    "green_type": "1401",
    "source_type": "agent_generated_design",
    "confidence": "medium",
    "geometry_role": "design_proposal",
    "area_sqm": 13660.6
   },
   "geometry": {
    "type": "Polygon",
    "coordinates": [
     [
      [
       116.35289999999996,
       39.97019999999993
      ],
      [
       116.35409999999996,
       39.97019999999993
      ],
      [
       116.35409999999996,
       39.96899999999993
      ],
      [
       116.35289999999996,
       39.96899999999993
      ],
      [
       116.35289999999996,
       39.97019999999993
      ]
     ]
    ]
   }
  },
  {
   "type": "Feature",
   "id": "GR-LU-00793",
   "properties": {
    "id": "GR-LU-00793",
    "layer": "GREEN_SPACE",
    "green_type": "1401",
    "source_type": "agent_generated_design",
    "confidence": "medium",
    "geometry_role": "design_proposal",
    "area_sqm": 13660.4
   },
   "geometry": {
    "type": "Polygon",
    "coordinates": [
     [
      [
       116.35289999999996,
       39.971399999999925
      ],
      [
       116.35409999999996,
       39.971399999999925
      ],
      [
       116.35409999999996,
       39.97019999999993
      ],
      [
       116.35289999999996,
       39.97019999999993
      ],
      [
       116.35289999999996,
       39.971399999999925
      ]
     ]
    ]
   }
  },
  {
   "type": "Feature",
   "id": "GR-LU-00794",
   "properties": {
    "id": "GR-LU-00794",
    "layer": "GREEN_SPACE",
    "green_type": "1401",
    "source_type": "agent_generated_design",
    "confidence": "medium",
    "geometry_role": "design_proposal",
    "area_sqm": 13660.1
   },
   "geometry": {
    "type": "Polygon",
    "coordinates": [
     [
      [
       116.35289999999996,
       39.97259999999992
      ],
      [
       116.35409999999996,
       39.97259999999992
      ],
      [
       116.35409999999996,
       39.971399999999925
      ],
      [
       116.35289999999996,
       39.971399999999925
      ],
      [
       116.35289999999996,
       39.97259999999992
      ]
     ]
    ]
   }
  },
  {
   "type": "Feature",
   "id": "GR-LU-00795",
   "properties": {
    "id": "GR-LU-00795",
    "layer": "GREEN_SPACE",
    "green_type": "1401",
    "source_type": "agent_generated_design",
    "confidence": "medium",
    "geometry_role": "design_proposal",
    "area_sqm": 13659.9
   },
   "geometry": {
    "type": "Polygon",
    "coordinates": [
     [
      [
       116.35289999999996,
       39.97379999999992
      ],
      [
       116.35409999999996,
       39.97379999999992
      ],
      [
       116.35409999999996,
       39.97259999999992
      ],
      [
       116.35289999999996,
       39.97259999999992
      ],
      [
       116.35289999999996,
       39.97379999999992
      ]
     ]
    ]
   }
  },
  {
   "type": "Feature",
   "id": "GR-LU-00858",
   "properties": {
    "id": "GR-LU-00858",
    "layer": "GREEN_SPACE",
    "green_type": "1401",
    "source_type": "agent_generated_design",
    "confidence": "medium",
    "geometry_role": "design_proposal",
    "area_sqm": 13662.3
   },
   "geometry": {
    "type": "Polygon",
    "coordinates": [
     [
      [
       116.35409999999996,
       39.96179999999995
      ],
      [
       116.35529999999996,
       39.96179999999995
      ],
      [
       116.35529999999996,
       39.96059999999995
      ],
      [
       116.35409999999996,
       39.96059999999995
      ],
      [
       116.35409999999996,
       39.96179999999995
      ]
     ]
    ]
   }
  },
  {
   "type": "Feature",
   "id": "GR-LU-00859",
   "properties": {
    "id": "GR-LU-00859",
    "layer": "GREEN_SPACE",
    "green_type": "1401",
    "source_type": "agent_generated_design",
    "confidence": "medium",
    "geometry_role": "design_proposal",
    "area_sqm": 13662.0
   },
   "geometry": {
    "type": "Polygon",
    "coordinates": [
     [
      [
       116.35409999999996,
       39.962999999999944
      ],
      [
       116.35529999999996,
       39.962999999999944
      ],
      [
       116.35529999999996,
       39.96179999999995
      ],
      [
       116.35409999999996,
       39.96179999999995
      ],
      [
       116.35409999999996,
       39.962999999999944
      ]
     ]
    ]
   }
  },
  {
   "type": "Feature",
   "id": "GR-LU-00860",
   "properties": {
    "id": "GR-LU-00860",
    "layer": "GREEN_SPACE",
    "green_type": "1401",
    "source_type": "agent_generated_design",
    "confidence": "medium",
    "geometry_role": "design_proposal",
    "area_sqm": 13661.8
   },
   "geometry": {
    "type": "Polygon",
    "coordinates": [
     [
      [
       116.35409999999996,
       39.96419999999994
      ],
      [
       116.35529999999996,
       39.96419999999994
      ],
      [
       116.35529999999996,
       39.962999999999944
      ],
      [
       116.35409999999996,
       39.962999999999944
      ],
      [
       116.35409999999996,
       39.96419999999994
      ]
     ]
    ]
   }
  },
  {
   "type": "Feature",
   "id": "GR-LU-00861",
   "properties": {
    "id": "GR-LU-00861",
    "layer": "GREEN_SPACE",
    "green_type": "1401",
    "source_type": "agent_generated_design",
    "confidence": "medium",
    "geometry_role": "design_proposal",
    "area_sqm": 13600.8
   },
   "geometry": {
    "type": "Polygon",
    "coordinates": [
     [
      [
       116.35529999999996,
       39.96419999999994
      ],
      [
       116.35409999999996,
       39.96419999999994
      ],
      [
       116.35409999999996,
       39.96539999999994
      ],
      [
       116.35526800000001,
       39.96539999999994
      ],
      [
       116.35529999999996,
       39.965000000000536
      ],
      [
       116.35529999999996,
       39.96419999999994
      ]
     ]
    ]
   }
  },
  {
   "type": "Feature",
   "id": "GR-LU-00862",
   "properties": {
    "id": "GR-LU-00862",
    "layer": "GREEN_SPACE",
    "green_type": "1401",
    "source_type": "agent_generated_design",
    "confidence": "medium",
    "geometry_role": "design_proposal",
    "area_sqm": 12750.6
   },
   "geometry": {
    "type": "Polygon",
    "coordinates": [
     [
      [
       116.35409999999996,
       39.96539999999994
      ],
      [
       116.35409999999996,
       39.966599999999936
      ],
      [
       116.35517200000001,
       39.966599999999936
      ],
      [
       116.35526800000001,
       39.96539999999994
      ],
      [
       116.35409999999996,
       39.96539999999994
      ]
     ]
    ]
   }
  },
  {
   "type": "Feature",
   "id": "GR-LU-00863",
   "properties": {
    "id": "GR-LU-00863",
    "layer": "GREEN_SPACE",
    "green_type": "1401",
    "source_type": "agent_generated_design",
    "confidence": "medium",
    "geometry_role": "design_proposal",
    "area_sqm": 11657.5
   },
   "geometry": {
    "type": "Polygon",
    "coordinates": [
     [
      [
       116.35409999999996,
       39.966599999999936
      ],
      [
       116.35409999999996,
       39.96779999999993
      ],
      [
       116.35507600000001,
       39.96779999999993
      ],
      [
       116.35517200000001,
       39.966599999999936
      ],
      [
       116.35409999999996,
       39.966599999999936
      ]
     ]
    ]
   }
  },
  {
   "type": "Feature",
   "id": "GR-LU-00864",
   "properties": {
    "id": "GR-LU-00864",
    "layer": "GREEN_SPACE",
    "green_type": "1401",
    "source_type": "agent_generated_design",
    "confidence": "medium",
    "geometry_role": "design_proposal",
    "area_sqm": 10564.4
   },
   "geometry": {
    "type": "Polygon",
    "coordinates": [
     [
      [
       116.35409999999996,
       39.96779999999993
      ],
      [
       116.35409999999996,
       39.96899999999993
      ],
      [
       116.35498000000001,
       39.96899999999993
      ],
      [
       116.35507600000001,
       39.96779999999993
      ],
      [
       116.35409999999996,
       39.96779999999993
      ]
     ]
    ]
   }
  },
  {
   "type": "Feature",
   "id": "GR-LU-00865",
   "properties": {
    "id": "GR-LU-00865",
    "layer": "GREEN_SPACE",
    "green_type": "1401",
    "source_type": "agent_generated_design",
    "confidence": "medium",
    "geometry_role": "design_proposal",
    "area_sqm": 9471.4
   },
   "geometry": {
    "type": "Polygon",
    "coordinates": [
     [
      [
       116.35409999999996,
       39.96899999999993
      ],
      [
       116.35409999999996,
       39.97019999999993
      ],
      [
       116.35488400000001,
       39.97019999999993
      ],
      [
       116.35498000000001,
       39.96899999999993
      ],
      [
       116.35409999999996,
       39.96899999999993
      ]
     ]
    ]
   }
  },
  {
   "type": "Feature",
   "id": "GR-LU-00866",
   "properties": {
    "id": "GR-LU-00866",
    "layer": "GREEN_SPACE",
    "green_type": "1401",
    "source_type": "agent_generated_design",
    "confidence": "medium",
    "geometry_role": "design_proposal",
    "area_sqm": 8378.4
   },
   "geometry": {
    "type": "Polygon",
    "coordinates": [
     [
      [
       116.35409999999996,
       39.97019999999993
      ],
      [
       116.35409999999996,
       39.971399999999925
      ],
      [
       116.35478800000001,
       39.971399999999925
      ],
      [
       116.35488400000001,
       39.97019999999993
      ],
      [
       116.35409999999996,
       39.97019999999993
      ]
     ]
    ]
   }
  },
  {
   "type": "Feature",
   "id": "GR-LU-00867",
   "properties": {
    "id": "GR-LU-00867",
    "layer": "GREEN_SPACE",
    "green_type": "1401",
    "source_type": "agent_generated_design",
    "confidence": "medium",
    "geometry_role": "design_proposal",
    "area_sqm": 7285.4
   },
   "geometry": {
    "type": "Polygon",
    "coordinates": [
     [
      [
       116.35409999999996,
       39.971399999999925
      ],
      [
       116.35409999999996,
       39.97259999999992
      ],
      [
       116.35469200000001,
       39.97259999999992
      ],
      [
       116.35478800000001,
       39.971399999999925
      ],
      [
       116.35409999999996,
       39.971399999999925
      ]
     ]
    ]
   }
  },
  {
   "type": "Feature",
   "id": "GR-LU-00868",
   "properties": {
    "id": "GR-LU-00868",
    "layer": "GREEN_SPACE",
    "green_type": "1401",
    "source_type": "agent_generated_design",
    "confidence": "medium",
    "geometry_role": "design_proposal",
    "area_sqm": 6192.5
   },
   "geometry": {
    "type": "Polygon",
    "coordinates": [
     [
      [
       116.35409999999996,
       39.97259999999992
      ],
      [
       116.35409999999996,
       39.97379999999992
      ],
      [
       116.35459600000002,
       39.97379999999992
      ],
      [
       116.35469200000001,
       39.97259999999992
      ],
      [
       116.35409999999996,
       39.97259999999992
      ]
     ]
    ]
   }
  },
  {
   "type": "Feature",
   "id": "GR-LU-00912",
   "properties": {
    "id": "GR-LU-00912",
    "layer": "GREEN_SPACE",
    "green_type": "1401",
    "source_type": "agent_generated_design",
    "confidence": "medium",
    "geometry_role": "design_proposal",
    "area_sqm": 0.0
   },
   "geometry": {
    "type": "Polygon",
    "coordinates": [
     [
      [
       116.35529999999996,
       39.96059999999995
      ],
      [
       116.35529999999996,
       39.96179999999995
      ],
      [
       116.3553,
       39.96179999999995
      ],
      [
       116.3553,
       39.96059999999995
      ],
      [
       116.35529999999996,
       39.96059999999995
      ]
     ]
    ]
   }
  },
  {
   "type": "Feature",
   "id": "GR-LU-00913",
   "properties": {
    "id": "GR-LU-00913",
    "layer": "GREEN_SPACE",
    "green_type": "1401",
    "source_type": "agent_generated_design",
    "confidence": "medium",
    "geometry_role": "design_proposal",
    "area_sqm": 0.0
   },
   "geometry": {
    "type": "Polygon",
    "coordinates": [
     [
      [
       116.35529999999996,
       39.96179999999995
      ],
      [
       116.35529999999996,
       39.962999999999944
      ],
      [
       116.3553,
       39.962999999999944
      ],
      [
       116.3553,
       39.96179999999995
      ],
      [
       116.35529999999996,
       39.96179999999995
      ]
     ]
    ]
   }
  },
  {
   "type": "Feature",
   "id": "GR-LU-00914",
   "properties": {
    "id": "GR-LU-00914",
    "layer": "GREEN_SPACE",
    "green_type": "1401",
    "source_type": "agent_generated_design",
    "confidence": "medium",
    "geometry_role": "design_proposal",
    "area_sqm": 0.0
   },
   "geometry": {
    "type": "Polygon",
    "coordinates": [
     [
      [
       116.35529999999996,
       39.962999999999944
      ],
      [
       116.35529999999996,
       39.96419999999994
      ],
      [
       116.3553,
       39.96419999999994
      ],
      [
       116.3553,
       39.962999999999944
      ],
      [
       116.35529999999996,
       39.962999999999944
      ]
     ]
    ]
   }
  },
  {
   "type": "Feature",
   "id": "GR-LU-00915",
   "properties": {
    "id": "GR-LU-00915",
    "layer": "GREEN_SPACE",
    "green_type": "1401",
    "source_type": "agent_generated_design",
    "confidence": "medium",
    "geometry_role": "design_proposal",
    "area_sqm": 0.0
   },
   "geometry": {
    "type": "Polygon",
    "coordinates": [
     [
      [
       116.35529999999996,
       39.96419999999994
      ],
      [
       116.35529999999996,
       39.965000000000536
      ],
      [
       116.3553,
       39.965
      ],
      [
       116.3553,
       39.96419999999994
      ],
      [
       116.35529999999996,
       39.96419999999994
      ]
     ]
    ]
   }
  }
 ]
}