{
 "type": "FeatureCollection",
 "name": "land_use",
 "features": [
  {
   "type": "Feature",
   "id": "LU-00001",
   "properties": {
    "id": "LU-00001",
    "layer": "LAND_USE",
    "land_use_code": "1207",
    "land_use_name_zh": "城镇道路用地",
    "source_type": "agent_generated_design",
    "confidence": "medium",
    "geometry_role": "design_proposal",
    "area_sqm": 2467.6
   },
   "geometry": {
    "type": "Polygon",
    "coordinates": [
     [
      [
       116.3407,
       39.939
      ],
      [
       116.34066666666666,
       39.9402
      ],
      [
       116.34089999999999,
       39.9402
      ],
      [
       116.34089999999999,
       39.939
      ],
      [
       116.3407,
       39.939
      ]
     ]
    ]
   }
  },
  {
   "type": "Feature",
   "id": "LU-00002",
   "properties": {
    "id": "LU-00002",
    "layer": "LAND_USE",
    "land_use_code": "1207",
    "land_use_name_zh": "城镇道路用地",
    "source_type": "agent_generated_design",
    "confidence": "medium",
    "geometry_role": "design_proposal",
    "area_sqm": 2847.1
   },
   "geometry": {
    "type": "Polygon",
    "coordinates": [
     [
      [
       116.34089999999999,
       39.941399999999994
      ],
      [
       116.34089999999999,
       39.9402
      ],
      [
       116.34066666666666,
       39.9402
      ],
      [
       116.34063333333333,
       39.941399999999994
      ],
      [
       116.34089999999999,
       39.941399999999994
      ]
     ]
    ]
   }
  },
  {
   "type": "Feature",
   "id": "LU-00003",
   "properties": {
    "id": "LU-00003",
    "layer": "LAND_USE",
    "land_use_code": "1207",
    "land_use_name_zh": "城镇道路用地",
    "source_type": "agent_generated_design",
    "confidence": "medium",
    "geometry_role": "design_proposal",
    "area_sqm": 3226.7
   },
   "geometry": {
    "type": "Polygon",
    "coordinates": [
     [
      [
       116.34089999999999,
       39.94259999999999
      ],
      [
       116.34089999999999,
       39.941399999999994
      ],
      [
       116.34063333333333,
       39.941399999999994
      ],
      [
       116.3406,
       39.94259999999999
      ],
      [
       116.34089999999999,
       39.94259999999999
      ]
     ]
    ]
   }
  },
  {
   "type": "Feature",
   "id": "LU-00004",
   "properties": {
    "id": "LU-00004",
    "layer": "LAND_USE",
    "land_use_code": "1207",
    "land_use_name_zh": "城镇道路用地",
    "source_type": "agent_generated_design",
    "confidence": "medium",
    "geometry_role": "design_proposal",
    "area_sqm": 3606.3
   },
   "geometry": {
    "type": "Polygon",
    "coordinates": [
     [
      [
       116.34089999999999,
       39.94379999999999
      ],
      [
       116.34089999999999,
       39.94259999999999
      ],
      [
       116.3406,
       39.94259999999999
      ],
      [
       116.34056666666666,
       39.94379999999999
      ],
      [
       116.34089999999999,
       39.94379999999999
      ]
     ]
    ]
   }
  },
  {
   "type": "Feature",
   "id": "LU-00005",
   "properties": {
    "id": "LU-00005",
    "layer": "LAND_USE",
    "land_use_code": "1207",
    "land_use_name_zh": "城镇道路用地",
    "source_type": "agent_generated_design",
    "confidence": "medium",
    "geometry_role": "design_proposal",
    "area_sqm": 3985.8
   },
   "geometry": {
    "type": "Polygon",
    "coordinates": [
     [
      [
       116.34089999999999,
       39.944999999999986
      ],
      [
       116.34089999999999,
       39.94379999999999
      ],
      [
       116.34056666666666,
       39.94379999999999
      ],
      [
       116.34053333333333,
       39.944999999999986
      ],
      [
       116.34089999999999,
       39.944999999999986
      ]
     ]
    ]
   }
  },
  {
   "type": "Feature",
   "id": "LU-00006",
   "properties": {
    "id": "LU-00006",
    "layer": "LAND_USE",
    "land_use_code": "1207",
    "land_use_name_zh": "城镇道路用地",
    "source_type": "agent_generated_design",
    "confidence": "medium",
    "geometry_role": "design_proposal",
    "area_sqm": 4365.3
   },
   "geometry": {
    "type": "Polygon",
    "coordinates": [
     [
      [
       116.34089999999999,
       39.94619999999998
      ],
      [
       116.34089999999999,
       39.944999999999986
      ],
      [
       116.34053333333333,
       39.944999999999986
      ],
      [
       116.34049999999999,
       39.94619999999998
      ],
      [
       116.34089999999999,
       39.94619999999998
      ]
     ]
    ]
   }
  },
  {
   "type": "Feature",
   "id": "LU-00007",
   "properties": {
    "id": "LU-00007",
    "layer": "LAND_USE",
    "land_use_code": "0701",
    "land_use_name_zh": "城镇住宅用地",
    "source_type": "agent_generated_design",
    "confidence": "medium",
    "geometry_role": "design_proposal",
    "area_sqm": 4744.8
   },
   "geometry": {
    "type": "Polygon",
    "coordinates": [
     [
      [
       116.34089999999999,
       39.94739999999998
      ],
      [
       116.34089999999999,
       39.94619999999998
      ],
      [
       116.34049999999999,
       39.94619999999998
      ],
      [
       116.34046666666667,
       39.94739999999998
      ],
      [
       116.34089999999999,
       39.94739999999998
      ]
     ]
    ]
   }
  },
  {
   "type": "Feature",
   "id": "LU-00008",
   "properties": {
    "id": "LU-00008",
    "layer": "LAND_USE",
    "land_use_code": "0701",
    "land_use_name_zh": "城镇住宅用地",
    "source_type": "agent_generated_design",
    "confidence": "medium",
    "geometry_role": "design_proposal",
    "area_sqm": 5124.3
   },
   "geometry": {
    "type": "Polygon",
    "coordinates": [
     [
      [
       116.34089999999999,
       39.94859999999998
      ],
      [
       116.34089999999999,
       39.94739999999998
      ],
      [
       116.34046666666667,
       39.94739999999998
      ],
      [
       116.34043333333334,
       39.94859999999998
      ],
      [
       116.34089999999999,
       39.94859999999998
      ]
     ]
    ]
   }
  },
  {
   "type": "Feature",
   "id": "LU-00009",
   "properties": {
    "id": "LU-00009",
    "layer": "LAND_USE",
    "land_use_code": "0901",
    "land_use_name_zh": "商业用地",
    "source_type": "agent_generated_design",
    "confidence": "medium",
    "geometry_role": "design_proposal",
    "area_sqm": 5503.8
   },
   "geometry": {
    "type": "Polygon",
    "coordinates": [
     [
      [
       116.34089999999999,
       39.949799999999975
      ],
      [
       116.34089999999999,
       39.94859999999998
      ],
      [
       116.34043333333334,
       39.94859999999998
      ],
      [
       116.3404,
       39.949799999999975
      ],
      [
       116.34089999999999,
       39.949799999999975
      ]
     ]
    ]
   }
  },
  {
   "type": "Feature",
   "id": "LU-00010",
   "properties": {
    "id": "LU-00010",
    "layer": "LAND_USE",
    "land_use_code": "0701",
    "land_use_name_zh": "城镇住宅用地",
    "source_type": "agent_generated_design",
    "confidence": "medium",
    "geometry_role": "design_proposal",
    "area_sqm": 5883.3
   },
   "geometry": {
    "type": "Polygon",
    "coordinates": [
     [
      [
       116.34089999999999,
       39.95099999999997
      ],
      [
       116.34089999999999,
       39.949799999999975
      ],
      [
       116.3404,
       39.949799999999975
      ],
      [
       116.34036666666667,
       39.95099999999997
      ],
      [
       116.34089999999999,
       39.95099999999997
      ]
     ]
    ]
   }
  },
  {
   "type": "Feature",
   "id": "LU-00011",
   "properties": {
    "id": "LU-00011",
    "layer": "LAND_USE",
    "land_use_code": "0701",
    "land_use_name_zh": "城镇住宅用地",
    "source_type": "agent_generated_design",
    "confidence": "medium",
    "geometry_role": "design_proposal",
    "area_sqm": 6262.8
   },
   "geometry": {
    "type": "Polygon",
    "coordinates": [
     [
      [
       116.34089999999999,
       39.95219999999997
      ],
      [
       116.34089999999999,
       39.95099999999997
      ],
      [
       116.34036666666667,
       39.95099999999997
      ],
      [
       116.34033333333333,
       39.95219999999997
      ],
      [
       116.34089999999999,
       39.95219999999997
      ]
     ]
    ]
   }
  },
  {
   "type": "Feature",
   "id": "LU-00012",
   "properties": {
    "id": "LU-00012",
    "layer": "LAND_USE",
    "land_use_code": "0701",
    "land_use_name_zh": "城镇住宅用地",
    "source_type": "agent_generated_design",
    "confidence": "medium",
    "geometry_role": "design_proposal",
    "area_sqm": 6642.2
   },
   "geometry": {
    "type": "Polygon",
    "coordinates": [
     [
      [
       116.34089999999999,
       39.95339999999997
      ],
      [
       116.34089999999999,
       39.95219999999997
      ],
      [
       116.34033333333333,
       39.95219999999997
      ],
      [
       116.3403,
       39.95339999999997
      ],
      [
       116.34089999999999,
       39.95339999999997
      ]
     ]
    ]
   }
  },
  {
   "type": "Feature",
   "id": "LU-00013",
   "properties": {
    "id": "LU-00013",
    "layer": "LAND_USE",
    "land_use_code": "0701",
    "land_use_name_zh": "城镇住宅用地",
    "source_type": "agent_generated_design",
    "confidence": "medium",
    "geometry_role": "design_proposal",
    "area_sqm": 7021.6
   },
   "geometry": {
    "type": "Polygon",
    "coordinates": [
     [
      [
       116.34089999999999,
       39.954599999999964
      ],
      [
       116.34089999999999,
       39.95339999999997
      ],
      [
       116.3403,
       39.95339999999997
      ],
      [
       116.34026666666666,
       39.954599999999964
      ],
      [
       116.34089999999999,
       39.954599999999964
      ]
     ]
    ]
   }
  },
  {
   "type": "Feature",
   "id": "LU-00014",
   "properties": {
    "id": "LU-00014",
    "layer": "LAND_USE",
    "land_use_code": "1207",
    "land_use_name_zh": "城镇道路用地",
    "source_type": "agent_generated_design",
    "confidence": "medium",
    "geometry_role": "design_proposal",
    "area_sqm": 7401.1
   },
   "geometry": {
    "type": "Polygon",
    "coordinates": [
     [
      [
       116.34089999999999,
       39.95579999999996
      ],
      [
       116.34089999999999,
       39.954599999999964
      ],
      [
       116.34026666666666,
       39.954599999999964
      ],
      [
       116.34023333333333,
       39.95579999999996
      ],
      [
       116.34089999999999,
       39.95579999999996
      ]
     ]
    ]
   }
  },
  {
   "type": "Feature",
   "id": "LU-00015",
   "properties": {
    "id": "LU-00015",
    "layer": "LAND_USE",
    "land_use_code": "0901",
    "land_use_name_zh": "商业用地",
    "source_type": "agent_generated_design",
    "confidence": "medium",
    "geometry_role": "design_proposal",
    "area_sqm": 7780.5
   },
   "geometry": {
    "type": "Polygon",
    "coordinates": [
     [
      [
       116.34089999999999,
       39.95699999999996
      ],
      [
       116.34089999999999,
       39.95579999999996
      ],
      [
       116.34023333333333,
       39.95579999999996
      ],
      [
       116.3402,
       39.95699999999996
      ],
      [
       116.34089999999999,
       39.95699999999996
      ]
     ]
    ]
   }
  },
  {
   "type": "Feature",
   "id": "LU-00016",
   "properties": {
    "id": "LU-00016",
    "layer": "LAND_USE",
    "land_use_code": "0701",
    "land_use_name_zh": "城镇住宅用地",
    "source_type": "agent_generated_design",
    "confidence": "medium",
    "geometry_role": "design_proposal",
    "area_sqm": 8159.9
   },
   "geometry": {
    "type": "Polygon",
    "coordinates": [
     [
      [
       116.34089999999999,
       39.958199999999955
      ],
      [
       116.34089999999999,
       39.95699999999996
      ],
      [
       116.3402,
       39.95699999999996
      ],
      [
       116.34016666666666,
       39.958199999999955
      ],
      [
       116.34089999999999,
       39.958199999999955
      ]
     ]
    ]
   }
  },
  {
   "type": "Feature",
   "id": "LU-00017",
   "properties": {
    "id": "LU-00017",
    "layer": "LAND_USE",
    "land_use_code": "0701",
    "land_use_name_zh": "城镇住宅用地",
    "source_type": "agent_generated_design",
    "confidence": "medium",
    "geometry_role": "design_proposal",
    "area_sqm": 8539.2
   },
   "geometry": {
    "type": "Polygon",
    "coordinates": [
     [
      [
       116.34089999999999,
       39.95939999999995
      ],
      [
       116.34089999999999,
       39.958199999999955
      ],
      [
       116.34016666666666,
       39.958199999999955
      ],
      [
       116.34013333333333,
       39.95939999999995
      ],
      [
       116.34089999999999,
       39.95939999999995
      ]
     ]
    ]
   }
  },
  {
   "type": "Feature",
   "id": "LU-00018",
   "properties": {
    "id": "LU-00018",
    "layer": "LAND_USE",
    "land_use_code": "1401",
    "land_use_name_zh": "公园绿地 / 京张活力带",
    "source_type": "agent_generated_design",
    "confidence": "medium",
    "geometry_role": "design_proposal",
    "area_sqm": 8918.6
   },
   "geometry": {
    "type": "Polygon",
    "coordinates": [
     [
      [
       116.34089999999999,
       39.96059999999995
      ],
      [
       116.34089999999999,
       39.95939999999995
      ],
      [
       116.34013333333333,
       39.95939999999995
      ],
      [
       116.34009999999999,
       39.96059999999995
      ],
      [
       116.34089999999999,
       39.96059999999995
      ]
     ]
    ]
   }
  },
  {
   "type": "Feature",
   "id": "LU-00019",
   "properties": {
    "id": "LU-00019",
    "layer": "LAND_USE",
    "land_use_code": "1401",
    "land_use_name_zh": "公园绿地 / 京张活力带",
    "source_type": "agent_generated_design",
    "confidence": "medium",
    "geometry_role": "design_proposal",
    "area_sqm": 9298.0
   },
   "geometry": {
    "type": "Polygon",
    "coordinates": [
     [
      [
       116.34089999999999,
       39.96179999999995
      ],
      [
       116.34089999999999,
       39.96059999999995
      ],
      [
       116.34009999999999,
       39.96059999999995
      ],
      [
       116.34006666666666,
       39.96179999999995
      ],
      [
       116.34089999999999,
       39.96179999999995
      ]
     ]
    ]
   }
  },
  {
   "type": "Feature",
   "id": "LU-00020",
   "properties": {
    "id": "LU-00020",
    "layer": "LAND_USE",
    "land_use_code": "1401",
    "land_use_name_zh": "公园绿地 / 京张活力带",
    "source_type": "agent_generated_design",
    "confidence": "medium",
    "geometry_role": "design_proposal",
    "area_sqm": 9677.3
   },
   "geometry": {
    "type": "Polygon",
    "coordinates": [
     [
      [
       116.34089999999999,
       39.962999999999944
      ],
      [
       116.34089999999999,
       39.96179999999995
      ],
      [
       116.34006666666666,
       39.96179999999995
      ],
      [
       116.34003333333332,
       39.962999999999944
      ],
      [
       116.34089999999999,
       39.962999999999944
      ]
     ]
    ]
   }
  },
  {
   "type": "Feature",
   "id": "LU-00021",
   "properties": {
    "id": "LU-00021",
    "layer": "LAND_USE",
    "land_use_code": "1401",
    "land_use_name_zh": "公园绿地 / 京张活力带",
    "source_type": "agent_generated_design",
    "confidence": "medium",
    "geometry_role": "design_proposal",
    "area_sqm": 10056.6
   },
   "geometry": {
    "type": "Polygon",
    "coordinates": [
     [
      [
       116.34089999999999,
       39.96419999999994
      ],
      [
       116.34089999999999,
       39.962999999999944
      ],
      [
       116.34003333333332,
       39.962999999999944
      ],
      [
       116.34,
       39.96419999999994
      ],
      [
       116.34089999999999,
       39.96419999999994
      ]
     ]
    ]
   }
  },
  {
   "type": "Feature",
   "id": "LU-00022",
   "properties": {
    "id": "LU-00022",
    "layer": "LAND_USE",
    "land_use_code": "1401",
    "land_use_name_zh": "公园绿地 / 京张活力带",
    "source_type": "agent_generated_design",
    "confidence": "medium",
    "geometry_role": "design_proposal",
    "area_sqm": 10435.9
   },
   "geometry": {
    "type": "Polygon",
    "coordinates": [
     [
      [
       116.34089999999999,
       39.96539999999994
      ],
      [
       116.34089999999999,
       39.96419999999994
      ],
      [
       116.34,
       39.96419999999994
      ],
      [
       116.33996666666667,
       39.96539999999994
      ],
      [
       116.34089999999999,
       39.96539999999994
      ]
     ]
    ]
   }
  },
  {
   "type": "Feature",
   "id": "LU-00023",
   "properties": {
    "id": "LU-00023",
    "layer": "LAND_USE",
    "land_use_code": "1401",
    "land_use_name_zh": "公园绿地 / 京张活力带",
    "source_type": "agent_generated_design",
    "confidence": "medium",
    "geometry_role": "design_proposal",
    "area_sqm": 10815.2
   },
   "geometry": {
    "type": "Polygon",
    "coordinates": [
     [
      [
       116.34089999999999,
       39.966599999999936
      ],
      [
       116.34089999999999,
       39.96539999999994
      ],
      [
       116.33996666666667,
       39.96539999999994
      ],
      [
       116.33993333333333,
       39.966599999999936
      ],
      [
       116.34089999999999,
       39.966599999999936
      ]
     ]
    ]
   }
  },
  {
   "type": "Feature",
   "id": "LU-00024",
   "properties": {
    "id": "LU-00024",
    "layer": "LAND_USE",
    "land_use_code": "1401",
    "land_use_name_zh": "公园绿地 / 京张活力带",
    "source_type": "agent_generated_design",
    "confidence": "medium",
    "geometry_role": "design_proposal",
    "area_sqm": 11194.5
   },
   "geometry": {
    "type": "Polygon",
    "coordinates": [
     [
      [
       116.34089999999999,
       39.96779999999993
      ],
      [
       116.34089999999999,
       39.966599999999936
      ],
      [
       116.33993333333333,
       39.966599999999936
      ],
      [
       116.3399,
       39.96779999999993
      ],
      [
       116.34089999999999,
       39.96779999999993
      ]
     ]
    ]
   }
  },
  {
   "type": "Feature",
   "id": "LU-00025",
   "properties": {
    "id": "LU-00025",
    "layer": "LAND_USE",
    "land_use_code": "1401",
    "land_use_name_zh": "公园绿地 / 京张活力带",
    "source_type": "agent_generated_design",
    "confidence": "medium",
    "geometry_role": "design_proposal",
    "area_sqm": 11573.8
   },
   "geometry": {
    "type": "Polygon",
    "coordinates": [
     [
      [
       116.34089999999999,
       39.96899999999993
      ],
      [
       116.34089999999999,
       39.96779999999993
      ],
      [
       116.3399,
       39.96779999999993
      ],
      [
       116.33986666666667,
       39.96899999999993
      ],
      [
       116.34089999999999,
       39.96899999999993
      ]
     ]
    ]
   }
  },
  {
   "type": "Feature",
   "id": "LU-00026",
   "properties": {
    "id": "LU-00026",
    "layer": "LAND_USE",
    "land_use_code": "1401",
    "land_use_name_zh": "公园绿地 / 京张活力带",
    "source_type": "agent_generated_design",
    "confidence": "medium",
    "geometry_role": "design_proposal",
    "area_sqm": 11953.1
   },
   "geometry": {
    "type": "Polygon",
    "coordinates": [
     [
      [
       116.34089999999999,
       39.97019999999993
      ],
      [
       116.34089999999999,
       39.96899999999993
      ],
      [
       116.33986666666667,
       39.96899999999993
      ],
      [
       116.33983333333333,
       39.97019999999993
      ],
      [
       116.34089999999999,
       39.97019999999993
      ]
     ]
    ]
   }
  },
  {
   "type": "Feature",
   "id": "LU-00027",
   "properties": {
    "id": "LU-00027",
    "layer": "LAND_USE",
    "land_use_code": "1401",
    "land_use_name_zh": "公园绿地 / 京张活力带",
    "source_type": "agent_generated_design",
    "confidence": "medium",
    "geometry_role": "design_proposal",
    "area_sqm": 12332.3
   },
   "geometry": {
    "type": "Polygon",
    "coordinates": [
     [
      [
       116.34089999999999,
       39.971399999999925
      ],
      [
       116.34089999999999,
       39.97019999999993
      ],
      [
       116.33983333333333,
       39.97019999999993
      ],
      [
       116.3398,
       39.971399999999925
      ],
      [
       116.34089999999999,
       39.971399999999925
      ]
     ]
    ]
   }
  },
  {
   "type": "Feature",
   "id": "LU-00028",
   "properties": {
    "id": "LU-00028",
    "layer": "LAND_USE",
    "land_use_code": "1401",
    "land_use_name_zh": "公园绿地 / 京张活力带",
    "source_type": "agent_generated_design",
    "confidence": "medium",
    "geometry_role": "design_proposal",
    "area_sqm": 12711.6
   },
   "geometry": {
    "type": "Polygon",
    "coordinates": [
     [
      [
       116.34089999999999,
       39.97259999999992
      ],
      [
       116.34089999999999,
       39.971399999999925
      ],
      [
       116.3398,
       39.971399999999925
      ],
      [
       116.33976666666666,
       39.97259999999992
      ],
      [
       116.34089999999999,
       39.97259999999992
      ]
     ]
    ]
   }
  },
  {
   "type": "Feature",
   "id": "LU-00029",
   "properties": {
    "id": "LU-00029",
    "layer": "LAND_USE",
    "land_use_code": "1401",
    "land_use_name_zh": "公园绿地 / 京张活力带",
    "source_type": "agent_generated_design",
    "confidence": "medium",
    "geometry_role": "design_proposal",
    "area_sqm": 13090.8
   },
   "geometry": {
    "type": "Polygon",
    "coordinates": [
     [
      [
       116.34089999999999,
       39.97379999999992
      ],
      [
       116.34089999999999,
       39.97259999999992
      ],
      [
       116.33976666666666,
       39.97259999999992
      ],
      [
       116.33973333333333,
       39.97379999999992
      ],
      [
       116.34089999999999,
       39.97379999999992
      ]
     ]
    ]
   }
  },
  {
   "type": "Feature",
   "id": "LU-00030",
   "properties": {
    "id": "LU-00030",
    "layer": "LAND_USE",
    "land_use_code": "0901",
    "land_use_name_zh": "商业用地",
    "source_type": "agent_generated_design",
    "confidence": "medium",
    "geometry_role": "design_proposal",
    "area_sqm": 13470.0
   },
   "geometry": {
    "type": "Polygon",
    "coordinates": [
     [
      [
       116.34089999999999,
       39.974999999999916
      ],
      [
       116.34089999999999,
       39.97379999999992
      ],
      [
       116.33973333333333,
       39.97379999999992
      ],
      [
       116.3397,
       39.974999999999916
      ],
      [
       116.34089999999999,
       39.974999999999916
      ]
     ]
    ]
   }
  },
  {
   "type": "Feature",
   "id": "LU-00031",
   "properties": {
    "id": "LU-00031",
    "layer": "LAND_USE",
    "land_use_code": "1207",
    "land_use_name_zh": "城镇道路用地",
    "source_type": "agent_generated_design",
    "confidence": "medium",
    "geometry_role": "design_proposal",
    "area_sqm": 13218.9
   },
   "geometry": {
    "type": "Polygon",
    "coordinates": [
     [
      [
       116.34089999999999,
       39.97619999999991
      ],
      [
       116.34089999999999,
       39.974999999999916
      ],
      [
       116.3397,
       39.974999999999916
      ],
      [
       116.3397,
       39.975
      ],
      [
       116.33977741935483,
       39.97619999999991
      ],
      [
       116.34089999999999,
       39.97619999999991
      ]
     ]
    ]
   }
  },
  {
   "type": "Feature",
   "id": "LU-00032",
   "properties": {
    "id": "LU-00032",
    "layer": "LAND_USE",
    "land_use_code": "0701",
    "land_use_name_zh": "城镇住宅用地",
    "source_type": "agent_generated_design",
    "confidence": "medium",
    "geometry_role": "design_proposal",
    "area_sqm": 12337.4
   },
   "geometry": {
    "type": "Polygon",
    "coordinates": [
     [
      [
       116.34089999999999,
       39.97739999999991
      ],
      [
       116.34089999999999,
       39.97619999999991
      ],
      [
       116.33977741935483,
       39.97619999999991
      ],
      [
       116.33985483870967,
       39.97739999999991
      ],
      [
       116.34089999999999,
       39.97739999999991
      ]
     ]
    ]
   }
  },
  {
   "type": "Feature",
   "id": "LU-00033",
   "properties": {
    "id": "LU-00033",
    "layer": "LAND_USE",
    "land_use_code": "0701",
    "land_use_name_zh": "城镇住宅用地",
    "source_type": "agent_generated_design",
    "confidence": "medium",
    "geometry_role": "design_proposal",
    "area_sqm": 11455.9
   },
   "geometry": {
    "type": "Polygon",
    "coordinates": [
     [
      [
       116.34089999999999,
       39.97859999999991
      ],
      [
       116.34089999999999,
       39.97739999999991
      ],
      [
       116.33985483870967,
       39.97739999999991
      ],
      [
       116.33993225806451,
       39.97859999999991
      ],
      [
       116.34089999999999,
       39.97859999999991
      ]
     ]
    ]
   }
  },
  {
   "type": "Feature",
   "id": "LU-00034",
   "properties": {
    "id": "LU-00034",
    "layer": "LAND_USE",
    "land_use_code": "1207",
    "land_use_name_zh": "城镇道路用地",
    "source_type": "agent_generated_design",
    "confidence": "medium",
    "geometry_role": "design_proposal",
    "area_sqm": 10574.5
   },
   "geometry": {
    "type": "Polygon",
    "coordinates": [
     [
      [
       116.34089999999999,
       39.979799999999905
      ],
      [
       116.34089999999999,
       39.97859999999991
      ],
      [
       116.33993225806451,
       39.97859999999991
      ],
      [
       116.34000967741935,
       39.979799999999905
      ],
      [
       116.34089999999999,
       39.979799999999905
      ]
     ]
    ]
   }
  },
  {
   "type": "Feature",
   "id": "LU-00035",
   "properties": {
    "id": "LU-00035",
    "layer": "LAND_USE",
    "land_use_code": "0701",
    "land_use_name_zh": "城镇住宅用地",
    "source_type": "agent_generated_design",
    "confidence": "medium",
    "geometry_role": "design_proposal",
    "area_sqm": 9693.2
   },
   "geometry": {
    "type": "Polygon",
    "coordinates": [
     [
      [
       116.34089999999999,
       39.9809999999999
      ],
      [
       116.34089999999999,
       39.979799999999905
      ],
      [
       116.34000967741935,
       39.979799999999905
      ],
      [
       116.34008709677418,
       39.9809999999999
      ],
      [
       116.34089999999999,
       39.9809999999999
      ]
     ]
    ]
   }
  },
  {
   "type": "Feature",
   "id": "LU-00036",
   "properties": {
    "id": "LU-00036",
    "layer": "LAND_USE",
    "land_use_code": "0901",
    "land_use_name_zh": "商业用地",
    "source_type": "agent_generated_design",
    "confidence": "medium",
    "geometry_role": "design_proposal",
    "area_sqm": 8811.8
   },
   "geometry": {
    "type": "Polygon",
    "coordinates": [
     [
      [
       116.34089999999999,
       39.9821999999999
      ],
      [
       116.34089999999999,
       39.9809999999999
      ],
      [
       116.34008709677418,
       39.9809999999999
      ],
      [
       116.34016451612902,
       39.9821999999999
      ],
      [
       116.34089999999999,
       39.9821999999999
      ]
     ]
    ]
   }
  },
  {
   "type": "Feature",
   "id": "LU-00037",
   "properties": {
    "id": "LU-00037",
    "layer": "LAND_USE",
    "land_use_code": "0701",
    "land_use_name_zh": "城镇住宅用地",
    "source_type": "agent_generated_design",
    "confidence": "medium",
    "geometry_role": "design_proposal",
    "area_sqm": 7930.5
   },
   "geometry": {
    "type": "Polygon",
    "coordinates": [
     [
      [
       116.34089999999999,
       39.9833999999999
      ],
      [
       116.34089999999999,
       39.9821999999999
      ],
      [
       116.34016451612902,
       39.9821999999999
      ],
      [
       116.34024193548386,
       39.9833999999999
      ],
      [
       116.34089999999999,
       39.9833999999999
      ]
     ]
    ]
   }
  },
  {
   "type": "Feature",
   "id": "LU-00038",
   "properties": {
    "id": "LU-00038",
    "layer": "LAND_USE",
    "land_use_code": "0701",
    "land_use_name_zh": "城镇住宅用地",
    "source_type": "agent_generated_design",
    "confidence": "medium",
    "geometry_role": "design_proposal",
    "area_sqm": 7049.2
   },
   "geometry": {
    "type": "Polygon",
    "coordinates": [
     [
      [
       116.34089999999999,
       39.984599999999894
      ],
      [
       116.34089999999999,
       39.9833999999999
      ],
      [
       116.34024193548386,
       39.9833999999999
      ],
      [
       116.3403193548387,
       39.984599999999894
      ],
      [
       116.34089999999999,
       39.984599999999894
      ]
     ]
    ]
   }
  },
  {
   "type": "Feature",
   "id": "LU-00039",
   "properties": {
    "id": "LU-00039",
    "layer": "LAND_USE",
    "land_use_code": "0701",
    "land_use_name_zh": "城镇住宅用地",
    "source_type": "agent_generated_design",
    "confidence": "medium",
    "geometry_role": "design_proposal",
    "area_sqm": 6167.9
   },
   "geometry": {
    "type": "Polygon",
    "coordinates": [
     [
      [
       116.34089999999999,
       39.98579999999989
      ],
      [
       116.34089999999999,
       39.984599999999894
      ],
      [
       116.3403193548387,
       39.984599999999894
      ],
      [
       116.34039677419354,
       39.98579999999989
      ],
      [
       116.34089999999999,
       39.98579999999989
      ]
     ]
    ]
   }
  },
  {
   "type": "Feature",
   "id": "LU-00040",
   "properties": {
    "id": "LU-00040",
    "layer": "LAND_USE",
    "land_use_code": "0901",
    "land_use_name_zh": "商业用地",
    "source_type": "agent_generated_design",
    "confidence": "medium",
    "geometry_role": "design_proposal",
    "area_sqm": 5286.7
   },
   "geometry": {
    "type": "Polygon",
    "coordinates": [
     [
      [
       116.34089999999999,
       39.98699999999989
      ],
      [
       116.34089999999999,
       39.98579999999989
      ],
      [
       116.34039677419354,
       39.98579999999989
      ],
      [
       116.34047419354837,
       39.98699999999989
      ],
      [
       116.34089999999999,
       39.98699999999989
      ]
     ]
    ]
   }
  },
  {
   "type": "Feature",
   "id": "LU-00041",
   "properties": {
    "id": "LU-00041",
    "layer": "LAND_USE",
    "land_use_code": "1207",
    "land_use_name_zh": "城镇道路用地",
    "source_type": "agent_generated_design",
    "confidence": "medium",
    "geometry_role": "design_proposal",
    "area_sqm": 4405.5
   },
   "geometry": {
    "type": "Polygon",
    "coordinates": [
     [
      [
       116.34089999999999,
       39.988199999999885
      ],
      [
       116.34089999999999,
       39.98699999999989
      ],
      [
       116.34047419354837,
       39.98699999999989
      ],
      [
       116.34055161290321,
       39.988199999999885
      ],
      [
       116.34089999999999,
       39.988199999999885
      ]
     ]
    ]
   }
  },
  {
   "type": "Feature",
   "id": "LU-00042",
   "properties": {
    "id": "LU-00042",
    "layer": "LAND_USE",
    "land_use_code": "1207",
    "land_use_name_zh": "城镇道路用地",
    "source_type": "agent_generated_design",
    "confidence": "medium",
    "geometry_role": "design_proposal",
    "area_sqm": 3524.4
   },
   "geometry": {
    "type": "Polygon",
    "coordinates": [
     [
      [
       116.34089999999999,
       39.98939999999988
      ],
      [
       116.34089999999999,
       39.988199999999885
      ],
      [
       116.34055161290321,
       39.988199999999885
      ],
      [
       116.34062903225805,
       39.98939999999988
      ],
      [
       116.34089999999999,
       39.98939999999988
      ]
     ]
    ]
   }
  },
  {
   "type": "Feature",
   "id": "LU-00043",
   "properties": {
    "id": "LU-00043",
    "layer": "LAND_USE",
    "land_use_code": "1207",
    "land_use_name_zh": "城镇道路用地",
    "source_type": "agent_generated_design",
    "confidence": "medium",
    "geometry_role": "design_proposal",
    "area_sqm": 2643.2
   },
   "geometry": {
    "type": "Polygon",
    "coordinates": [
     [
      [
       116.34089999999999,
       39.99059999999988
      ],
      [
       116.34089999999999,
       39.98939999999988
      ],
      [
       116.34062903225805,
       39.98939999999988
      ],
      [
       116.34070645161289,
       39.99059999999988
      ],
      [
       116.34089999999999,
       39.99059999999988
      ]
     ]
    ]
   }
  },
  {
   "type": "Feature",
   "id": "LU-00044",
   "properties": {
    "id": "LU-00044",
    "layer": "LAND_USE",
    "land_use_code": "1207",
    "land_use_name_zh": "城镇道路用地",
    "source_type": "agent_generated_design",
    "confidence": "medium",
    "geometry_role": "design_proposal",
    "area_sqm": 1762.1
   },
   "geometry": {
    "type": "Polygon",
    "coordinates": [
     [
      [
       116.34089999999999,
       39.99179999999988
      ],
      [
       116.34089999999999,
       39.99059999999988
      ],
      [
       116.34070645161289,
       39.99059999999988
      ],
      [
       116.34078387096773,
       39.99179999999988
      ],
      [
       116.34089999999999,
       39.99179999999988
      ]
     ]
    ]
   }
  },
  {
   "type": "Feature",
   "id": "LU-00045",
   "properties": {
    "id": "LU-00045",
    "layer": "LAND_USE",
    "land_use_code": "1207",
    "land_use_name_zh": "城镇道路用地",
    "source_type": "agent_generated_design",
    "confidence": "medium",
    "geometry_role": "design_proposal",
    "area_sqm": 881.0
   },
   "geometry": {
    "type": "Polygon",
    "coordinates": [
     [
      [
       116.34089999999999,
       39.992999999999874
      ],
      [
       116.34089999999999,
       39.99179999999988
      ],
      [
       116.34078387096773,
       39.99179999999988
      ],
      [
       116.34086129032256,
       39.992999999999874
      ],
      [
       116.34089999999999,
       39.992999999999874
      ]
     ]
    ]
   }
  },
  {
   "type": "Feature",
   "id": "LU-00046",
   "properties": {
    "id": "LU-00046",
    "layer": "LAND_USE",
    "land_use_code": "1207",
    "land_use_name_zh": "城镇道路用地",
    "source_type": "agent_generated_design",
    "confidence": "medium",
    "geometry_role": "design_proposal",
    "area_sqm": 110.1
   },
   "geometry": {
    "type": "Polygon",
    "coordinates": [
     [
      [
       116.34089999999999,
       39.992999999999874
      ],
      [
       116.34086129032256,
       39.992999999999874
      ],
      [
       116.34089999999999,
       39.993599999999866
      ],
      [
       116.34089999999999,
       39.992999999999874
      ]
     ]
    ]
   }
  },
  {
   "type": "Feature",
   "id": "LU-00047",
   "properties": {
    "id": "LU-00047",
    "layer": "LAND_USE",
    "land_use_code": "1207",
    "land_use_name_zh": "城镇道路用地",
    "source_type": "agent_generated_design",
    "confidence": "medium",
    "geometry_role": "design_proposal",
    "area_sqm": 13666.6
   },
   "geometry": {
    "type": "Polygon",
    "coordinates": [
     [
      [
       116.34089999999999,
       39.939
      ],
      [
       116.34089999999999,
       39.9402
      ],
      [
       116.34209999999999,
       39.9402
      ],
      [
       116.34209999999999,
       39.939
      ],
      [
       116.34089999999999,
       39.939
      ]
     ]
    ]
   }
  },
  {
   "type": "Feature",
   "id": "LU-00048",
   "properties": {
    "id": "LU-00048",
    "layer": "LAND_USE",
    "land_use_code": "0701",
    "land_use_name_zh": "城镇住宅用地",
    "source_type": "agent_generated_design",
    "confidence": "medium",
    "geometry_role": "design_proposal",
    "area_sqm": 13666.3
   },
   "geometry": {
    "type": "Polygon",
    "coordinates": [
     [
      [
       116.34089999999999,
       39.941399999999994
      ],
      [
       116.34209999999999,
       39.941399999999994
      ],
      [
       116.34209999999999,
       39.9402
      ],
      [
       116.34089999999999,
       39.9402
      ],
      [
       116.34089999999999,
       39.941399999999994
      ]
     ]
    ]
   }
  },
  {
   "type": "Feature",
   "id": "LU-00049",
   "properties": {
    "id": "LU-00049",
    "layer": "LAND_USE",
    "land_use_code": "0701",
    "land_use_name_zh": "城镇住宅用地",
    "source_type": "agent_generated_design",
    "confidence": "medium",
    "geometry_role": "design_proposal",
    "area_sqm": 13666.1
   },
   "geometry": {
    "type": "Polygon",
    "coordinates": [
     [
      [
       116.34089999999999,
       39.94259999999999
      ],
      [
       116.34209999999999,
       39.94259999999999
      ],
      [
       116.34209999999999,
       39.941399999999994
      ],
      [
       116.34089999999999,
       39.941399999999994
      ],
      [
       116.34089999999999,
       39.94259999999999
      ]
     ]
    ]
   }
  },
  {
   "type": "Feature",
   "id": "LU-00050",
   "properties": {
    "id": "LU-00050",
    "layer": "LAND_USE",
    "land_use_code": "1207",
    "land_use_name_zh": "城镇道路用地",
    "source_type": "agent_generated_design",
    "confidence": "medium",
    "geometry_role": "design_proposal",
    "area_sqm": 13665.8
   },
   "geometry": {
    "type": "Polygon",
    "coordinates": [
     [
      [
       116.34089999999999,
       39.94379999999999
      ],
      [
       116.34209999999999,
       39.94379999999999
      ],
      [
       116.34209999999999,
       39.94259999999999
      ],
      [
       116.34089999999999,
       39.94259999999999
      ],
      [
       116.34089999999999,
       39.94379999999999
      ]
     ]
    ]
   }
  },
  {
   "type": "Feature",
   "id": "LU-00051",
   "properties": {
    "id": "LU-00051",
    "layer": "LAND_USE",
    "land_use_code": "0901",
    "land_use_name_zh": "商业用地",
    "source_type": "agent_generated_design",
    "confidence": "medium",
    "geometry_role": "design_proposal",
    "area_sqm": 13665.6
   },
   "geometry": {
    "type": "Polygon",
    "coordinates": [
     [
      [
       116.34089999999999,
       39.944999999999986
      ],
      [
       116.34209999999999,
       39.944999999999986
      ],
      [
       116.34209999999999,
       39.94379999999999
      ],
      [
       116.34089999999999,
       39.94379999999999
      ],
      [
       116.34089999999999,
       39.944999999999986
      ]
     ]
    ]
   }
  },
  {
   "type": "Feature",
   "id": "LU-00052",
   "properties": {
    "id": "LU-00052",
    "layer": "LAND_USE",
    "land_use_code": "0701",
    "land_use_name_zh": "城镇住宅用地",
    "source_type": "agent_generated_design",
    "confidence": "medium",
    "geometry_role": "design_proposal",
    "area_sqm": 13665.4
   },
   "geometry": {
    "type": "Polygon",
    "coordinates": [
     [
      [
       116.34089999999999,
       39.94619999999998
      ],
      [
       116.34209999999999,
       39.94619999999998
      ],
      [
       116.34209999999999,
       39.944999999999986
      ],
      [
       116.34089999999999,
       39.944999999999986
      ],
      [
       116.34089999999999,
       39.94619999999998
      ]
     ]
    ]
   }
  },
  {
   "type": "Feature",
   "id": "LU-00053",
   "properties": {
    "id": "LU-00053",
    "layer": "LAND_USE",
    "land_use_code": "0801",
    "land_use_name_zh": "机关团体用地",
    "source_type": "agent_generated_design",
    "confidence": "medium",
    "geometry_role": "design_proposal",
    "area_sqm": 13665.1
   },
   "geometry": {
    "type": "Polygon",
    "coordinates": [
     [
      [
       116.34089999999999,
       39.94739999999998
      ],
      [
       116.34209999999999,
       39.94739999999998
      ],
      [
       116.34209999999999,
       39.94619999999998
      ],
      [
       116.34089999999999,
       39.94619999999998
      ],
      [
       116.34089999999999,
       39.94739999999998
      ]
     ]
    ]
   }
  },
  {
   "type": "Feature",
   "id": "LU-00054",
   "properties": {
    "id": "LU-00054",
    "layer": "LAND_USE",
    "land_use_code": "0701",
    "land_use_name_zh": "城镇住宅用地",
    "source_type": "agent_generated_design",
    "confidence": "medium",
    "geometry_role": "design_proposal",
    "area_sqm": 13664.9
   },
   "geometry": {
    "type": "Polygon",
    "coordinates": [
     [
      [
       116.34089999999999,
       39.94859999999998
      ],
      [
       116.34209999999999,
       39.94859999999998
      ],
      [
       116.34209999999999,
       39.94739999999998
      ],
      [
       116.34089999999999,
       39.94739999999998
      ],
      [
       116.34089999999999,
       39.94859999999998
      ]
     ]
    ]
   }
  },
  {
   "type": "Feature",
   "id": "LU-00055",
   "properties": {
    "id": "LU-00055",
    "layer": "LAND_USE",
    "land_use_code": "0701",
    "land_use_name_zh": "城镇住宅用地",
    "source_type": "agent_generated_design",
    "confidence": "medium",
    "geometry_role": "design_proposal",
    "area_sqm": 13664.7
   },
   "geometry": {
    "type": "Polygon",
    "coordinates": [
     [
      [
       116.34089999999999,
       39.949799999999975
      ],
      [
       116.34209999999999,
       39.949799999999975
      ],
      [
       116.34209999999999,
       39.94859999999998
      ],
      [
       116.34089999999999,
       39.94859999999998
      ],
      [
       116.34089999999999,
       39.949799999999975
      ]
     ]
    ]
   }
  },
  {
   "type": "Feature",
   "id": "LU-00056",
   "properties": {
    "id": "LU-00056",
    "layer": "LAND_USE",
    "land_use_code": "0901",
    "land_use_name_zh": "商业用地",
    "source_type": "agent_generated_design",
    "confidence": "medium",
    "geometry_role": "design_proposal",
    "area_sqm": 13664.4
   },
   "geometry": {
    "type": "Polygon",
    "coordinates": [
     [
      [
       116.34089999999999,
       39.95099999999997
      ],
      [
       116.34209999999999,
       39.95099999999997
      ],
      [
       116.34209999999999,
       39.949799999999975
      ],
      [
       116.34089999999999,
       39.949799999999975
      ],
      [
       116.34089999999999,
       39.95099999999997
      ]
     ]
    ]
   }
  },
  {
   "type": "Feature",
   "id": "LU-00057",
   "properties": {
    "id": "LU-00057",
    "layer": "LAND_USE",
    "land_use_code": "1207",
    "land_use_name_zh": "城镇道路用地",
    "source_type": "agent_generated_design",
    "confidence": "medium",
    "geometry_role": "design_proposal",
    "area_sqm": 13664.2
   },
   "geometry": {
    "type": "Polygon",
    "coordinates": [
     [
      [
       116.34089999999999,
       39.95219999999997
      ],
      [
       116.34209999999999,
       39.95219999999997
      ],
      [
       116.34209999999999,
       39.95099999999997
      ],
      [
       116.34089999999999,
       39.95099999999997
      ],
      [
       116.34089999999999,
       39.95219999999997
      ]
     ]
    ]
   }
  },
  {
   "type": "Feature",
   "id": "LU-00058",
   "properties": {
    "id": "LU-00058",
    "layer": "LAND_USE",
    "land_use_code": "0701",
    "land_use_name_zh": "城镇住宅用地",
    "source_type": "agent_generated_design",
    "confidence": "medium",
    "geometry_role": "design_proposal",
    "area_sqm": 13664.0
   },
   "geometry": {
    "type": "Polygon",
    "coordinates": [
     [
      [
       116.34089999999999,
       39.95339999999997
      ],
      [
       116.34209999999999,
       39.95339999999997
      ],
      [
       116.34209999999999,
       39.95219999999997
      ],
      [
       116.34089999999999,
       39.95219999999997
      ],
      [
       116.34089999999999,
       39.95339999999997
      ]
     ]
    ]
   }
  },
  {
   "type": "Feature",
   "id": "LU-00059",
   "properties": {
    "id": "LU-00059",
    "layer": "LAND_USE",
    "land_use_code": "0701",
    "land_use_name_zh": "城镇住宅用地",
    "source_type": "agent_generated_design",
    "confidence": "medium",
    "geometry_role": "design_proposal",
    "area_sqm": 13663.7
   },
   "geometry": {
    "type": "Polygon",
    "coordinates": [
     [
      [
       116.34089999999999,
       39.954599999999964
      ],
      [
       116.34209999999999,
       39.954599999999964
      ],
      [
       116.34209999999999,
       39.95339999999997
      ],
      [
       116.34089999999999,
       39.95339999999997
      ],
      [
       116.34089999999999,
       39.954599999999964
      ]
     ]
    ]
   }
  },
  {
   "type": "Feature",
   "id": "LU-00060",
   "properties": {
    "id": "LU-00060",
    "layer": "LAND_USE",
    "land_use_code": "1207",
    "land_use_name_zh": "城镇道路用地",
    "source_type": "agent_generated_design",
    "confidence": "medium",
    "geometry_role": "design_proposal",
    "area_sqm": 13663.5
   },
   "geometry": {
    "type": "Polygon",
    "coordinates": [
     [
      [
       116.34089999999999,
       39.95579999999996
      ],
      [
       116.34209999999999,
       39.95579999999996
      ],
      [
       116.34209999999999,
       39.954599999999964
      ],
      [
       116.34089999999999,
       39.954599999999964
      ],
      [
       116.34089999999999,
       39.95579999999996
      ]
     ]
    ]
   }
  },
  {
   "type": "Feature",
   "id": "LU-00061",
   "properties": {
    "id": "LU-00061",
    "layer": "LAND_USE",
    "land_use_code": "0901",
    "land_use_name_zh": "商业用地",
    "source_type": "agent_generated_design",
    "confidence": "medium",
    "geometry_role": "design_proposal",
    "area_sqm": 13663.3
   },
   "geometry": {
    "type": "Polygon",
    "coordinates": [
     [
      [
       116.34089999999999,
       39.95699999999996
      ],
      [
       116.34209999999999,
       39.95699999999996
      ],
      [
       116.34209999999999,
       39.95579999999996
      ],
      [
       116.34089999999999,
       39.95579999999996
      ],
      [
       116.34089999999999,
       39.95699999999996
      ]
     ]
    ]
   }
  },
  {
   "type": "Feature",
   "id": "LU-00062",
   "properties": {
    "id": "LU-00062",
    "layer": "LAND_USE",
    "land_use_code": "0701",
    "land_use_name_zh": "城镇住宅用地",
    "source_type": "agent_generated_design",
    "confidence": "medium",
    "geometry_role": "design_proposal",
    "area_sqm": 13663.0
   },
   "geometry": {
    "type": "Polygon",
    "coordinates": [
     [
      [
       116.34089999999999,
       39.958199999999955
      ],
      [
       116.34209999999999,
       39.958199999999955
      ],
      [
       116.34209999999999,
       39.95699999999996
      ],
      [
       116.34089999999999,
       39.95699999999996
      ],
      [
       116.34089999999999,
       39.958199999999955
      ]
     ]
    ]
   }
  },
  {
   "type": "Feature",
   "id": "LU-00063",
   "properties": {
    "id": "LU-00063",
    "layer": "LAND_USE",
    "land_use_code": "0701",
    "land_use_name_zh": "城镇住宅用地",
    "source_type": "agent_generated_design",
    "confidence": "medium",
    "geometry_role": "design_proposal",
    "area_sqm": 13662.8
   },
   "geometry": {
    "type": "Polygon",
    "coordinates": [
     [
      [
       116.34089999999999,
       39.95939999999995
      ],
      [
       116.34209999999999,
       39.95939999999995
      ],
      [
       116.34209999999999,
       39.958199999999955
      ],
      [
       116.34089999999999,
       39.958199999999955
      ],
      [
       116.34089999999999,
       39.95939999999995
      ]
     ]
    ]
   }
  },
  {
   "type": "Feature",
   "id": "LU-00064",
   "properties": {
    "id": "LU-00064",
    "layer": "LAND_USE",
    "land_use_code": "0701",
    "land_use_name_zh": "城镇住宅用地",
    "source_type": "agent_generated_design",
    "confidence": "medium",
    "geometry_role": "design_proposal",
    "area_sqm": 13662.5
   },
   "geometry": {
    "type": "Polygon",
    "coordinates": [
     [
      [
       116.34089999999999,
       39.96059999999995
      ],
      [
       116.34209999999999,
       39.96059999999995
      ],
      [
       116.34209999999999,
       39.95939999999995
      ],
      [
       116.34089999999999,
       39.95939999999995
      ],
      [
       116.34089999999999,
       39.96059999999995
      ]
     ]
    ]
   }
  },
  {
   "type": "Feature",
   "id": "LU-00065",
   "properties": {
    "id": "LU-00065",
    "layer": "LAND_USE",
    "land_use_code": "1401",
    "land_use_name_zh": "公园绿地 / 京张活力带",
    "source_type": "agent_generated_design",
    "confidence": "medium",
    "geometry_role": "design_proposal",
    "area_sqm": 13662.3
   },
   "geometry": {
    "type": "Polygon",
    "coordinates": [
     [
      [
       116.34089999999999,
       39.96179999999995
      ],
      [
       116.34209999999999,
       39.96179999999995
      ],
      [
       116.34209999999999,
       39.96059999999995
      ],
      [
       116.34089999999999,
       39.96059999999995
      ],
      [
       116.34089999999999,
       39.96179999999995
      ]
     ]
    ]
   }
  },
  {
   "type": "Feature",
   "id": "LU-00066",
   "properties": {
    "id": "LU-00066",
    "layer": "LAND_USE",
    "land_use_code": "1401",
    "land_use_name_zh": "公园绿地 / 京张活力带",
    "source_type": "agent_generated_design",
    "confidence": "medium",
    "geometry_role": "design_proposal",
    "area_sqm": 13662.1
   },
   "geometry": {
    "type": "Polygon",
    "coordinates": [
     [
      [
       116.34089999999999,
       39.962999999999944
      ],
      [
       116.34209999999999,
       39.962999999999944
      ],
      [
       116.34209999999999,
       39.96179999999995
      ],
      [
       116.34089999999999,
       39.96179999999995
      ],
      [
       116.34089999999999,
       39.962999999999944
      ]
     ]
    ]
   }
  },
  {
   "type": "Feature",
   "id": "LU-00067",
   "properties": {
    "id": "LU-00067",
    "layer": "LAND_USE",
    "land_use_code": "1401",
    "land_use_name_zh": "公园绿地 / 京张活力带",
    "source_type": "agent_generated_design",
    "confidence": "medium",
    "geometry_role": "design_proposal",
    "area_sqm": 13661.8
   },
   "geometry": {
    "type": "Polygon",
    "coordinates": [
     [
      [
       116.34089999999999,
       39.96419999999994
      ],
      [
       116.34209999999999,
       39.96419999999994
      ],
      [
       116.34209999999999,
       39.962999999999944
      ],
      [
       116.34089999999999,
       39.962999999999944
      ],
      [
       116.34089999999999,
       39.96419999999994
      ]
     ]
    ]
   }
  },
  {
   "type": "Feature",
   "id": "LU-00068",
   "properties": {
    "id": "LU-00068",
    "layer": "LAND_USE",
    "land_use_code": "1401",
    "land_use_name_zh": "公园绿地 / 京张活力带",
    "source_type": "agent_generated_design",
    "confidence": "medium",
    "geometry_role": "design_proposal",
    "area_sqm": 13661.6
   },
   "geometry": {
    "type": "Polygon",
    "coordinates": [
     [
      [
       116.34089999999999,
       39.96539999999994
      ],
      [
       116.34209999999999,
       39.96539999999994
      ],
      [
       116.34209999999999,
       39.96419999999994
      ],
      [
       116.34089999999999,
       39.96419999999994
      ],
      [
       116.34089999999999,
       39.96539999999994
      ]
     ]
    ]
   }
  },
  {
   "type": "Feature",
   "id": "LU-00069",
   "properties": {
    "id": "LU-00069",
    "layer": "LAND_USE",
    "land_use_code": "1401",
    "land_use_name_zh": "公园绿地 / 京张活力带",
    "source_type": "agent_generated_design",
    "confidence": "medium",
    "geometry_role": "design_proposal",
    "area_sqm": 13661.4
   },
   "geometry": {
    "type": "Polygon",
    "coordinates": [
     [
      [
       116.34089999999999,
       39.966599999999936
      ],
      [
       116.34209999999999,
       39.966599999999936
      ],
      [
       116.34209999999999,
       39.96539999999994
      ],
      [
       116.34089999999999,
       39.96539999999994
      ],
      [
       116.34089999999999,
       39.966599999999936
      ]
     ]
    ]
   }
  },
  {
   "type": "Feature",
   "id": "LU-00070",
   "properties": {
    "id": "LU-00070",
    "layer": "LAND_USE",
    "land_use_code": "1401",
    "land_use_name_zh": "公园绿地 / 京张活力带",
    "source_type": "agent_generated_design",
    "confidence": "medium",
    "geometry_role": "design_proposal",
    "area_sqm": 13661.1
   },
   "geometry": {
    "type": "Polygon",
    "coordinates": [
     [
      [
       116.34089999999999,
       39.96779999999993
      ],
      [
       116.34209999999999,
       39.96779999999993
      ],
      [
       116.34209999999999,
       39.966599999999936
      ],
      [
       116.34089999999999,
       39.966599999999936
      ],
      [
       116.34089999999999,
       39.96779999999993
      ]
     ]
    ]
   }
  },
  {
   "type": "Feature",
   "id": "LU-00071",
   "properties": {
    "id": "LU-00071",
    "layer": "LAND_USE",
    "land_use_code": "1401",
    "land_use_name_zh": "公园绿地 / 京张活力带",
    "source_type": "agent_generated_design",
    "confidence": "medium",
    "geometry_role": "design_proposal",
    "area_sqm": 13660.9
   },
   "geometry": {
    "type": "Polygon",
    "coordinates": [
     [
      [
       116.34089999999999,
       39.96899999999993
      ],
      [
       116.34209999999999,
       39.96899999999993
      ],
      [
       116.34209999999999,
       39.96779999999993
      ],
      [
       116.34089999999999,
       39.96779999999993
      ],
      [
       116.34089999999999,
       39.96899999999993
      ]
     ]
    ]
   }
  },
  {
   "type": "Feature",
   "id": "LU-00072",
   "properties": {
    "id": "LU-00072",
    "layer": "LAND_USE",
    "land_use_code": "1401",
    "land_use_name_zh": "公园绿地 / 京张活力带",
    "source_type": "agent_generated_design",
    "confidence": "medium",
    "geometry_role": "design_proposal",
    "area_sqm": 13660.7
   },
   "geometry": {
    "type": "Polygon",
    "coordinates": [
     [
      [
       116.34089999999999,
       39.97019999999993
      ],
      [
       116.34209999999999,
       39.97019999999993
      ],
      [
       116.34209999999999,
       39.96899999999993
      ],
      [
       116.34089999999999,
       39.96899999999993
      ],
      [
       116.34089999999999,
       39.97019999999993
      ]
     ]
    ]
   }
  },
  {
   "type": "Feature",
   "id": "LU-00073",
   "properties": {
    "id": "LU-00073",
    "layer": "LAND_USE",
    "land_use_code": "1401",
    "land_use_name_zh": "公园绿地 / 京张活力带",
    "source_type": "agent_generated_design",
    "confidence": "medium",
    "geometry_role": "design_proposal",
    "area_sqm": 13660.4
   },
   "geometry": {
    "type": "Polygon",
    "coordinates": [
     [
      [
       116.34089999999999,
       39.971399999999925
      ],
      [
       116.34209999999999,
       39.971399999999925
      ],
      [
       116.34209999999999,
       39.97019999999993
      ],
      [
       116.34089999999999,
       39.97019999999993
      ],
      [
       116.34089999999999,
       39.971399999999925
      ]
     ]
    ]
   }
  },
  {
   "type": "Feature",
   "id": "LU-00074",
   "properties": {
    "id": "LU-00074",
    "layer": "LAND_USE",
    "land_use_code": "1401",
    "land_use_name_zh": "公园绿地 / 京张活力带",
    "source_type": "agent_generated_design",
    "confidence": "medium",
    "geometry_role": "design_proposal",
    "area_sqm": 13660.2
   },
   "geometry": {
    "type": "Polygon",
    "coordinates": [
     [
      [
       116.34089999999999,
       39.97259999999992
      ],
      [
       116.34209999999999,
       39.97259999999992
      ],
      [
       116.34209999999999,
       39.971399999999925
      ],
      [
       116.34089999999999,
       39.971399999999925
      ],
      [
       116.34089999999999,
       39.97259999999992
      ]
     ]
    ]
   }
  },
  {
   "type": "Feature",
   "id": "LU-00075",
   "properties": {
    "id": "LU-00075",
    "layer": "LAND_USE",
    "land_use_code": "1401",
    "land_use_name_zh": "公园绿地 / 京张活力带",
    "source_type": "agent_generated_design",
    "confidence": "medium",
    "geometry_role": "design_proposal",
    "area_sqm": 13659.9
   },
   "geometry": {
    "type": "Polygon",
    "coordinates": [
     [
      [
       116.34089999999999,
       39.97379999999992
      ],
      [
       116.34209999999999,
       39.97379999999992
      ],
      [
       116.34209999999999,
       39.97259999999992
      ],
      [
       116.34089999999999,
       39.97259999999992
      ],
      [
       116.34089999999999,
       39.97379999999992
      ]
     ]
    ]
   }
  },
  {
   "type": "Feature",
   "id": "LU-00076",
   "properties": {
    "id": "LU-00076",
    "layer": "LAND_USE",
    "land_use_code": "0901",
    "land_use_name_zh": "商业用地",
    "source_type": "agent_generated_design",
    "confidence": "medium",
    "geometry_role": "design_proposal",
    "area_sqm": 13659.7
   },
   "geometry": {
    "type": "Polygon",
    "coordinates": [
     [
      [
       116.34089999999999,
       39.974999999999916
      ],
      [
       116.34209999999999,
       39.974999999999916
      ],
      [
       116.34209999999999,
       39.97379999999992
      ],
      [
       116.34089999999999,
       39.97379999999992
      ],
      [
       116.34089999999999,
       39.974999999999916
      ]
     ]
    ]
   }
  },
  {
   "type": "Feature",
   "id": "LU-00077",
   "properties": {
    "id": "LU-00077",
    "layer": "LAND_USE",
    "land_use_code": "1207",
    "land_use_name_zh": "城镇道路用地",
    "source_type": "agent_generated_design",
    "confidence": "medium",
    "geometry_role": "design_proposal",
    "area_sqm": 13659.5
   },
   "geometry": {
    "type": "Polygon",
    "coordinates": [
     [
      [
       116.34089999999999,
       39.97619999999991
      ],
      [
       116.34209999999999,
       39.97619999999991
      ],
      [
       116.34209999999999,
       39.974999999999916
      ],
      [
       116.34089999999999,
       39.974999999999916
      ],
      [
       116.34089999999999,
       39.97619999999991
      ]
     ]
    ]
   }
  },
  {
   "type": "Feature",
   "id": "LU-00078",
   "properties": {
    "id": "LU-00078",
    "layer": "LAND_USE",
    "land_use_code": "0701",
    "land_use_name_zh": "城镇住宅用地",
    "source_type": "agent_generated_design",
    "confidence": "medium",
    "geometry_role": "design_proposal",
    "area_sqm": 13659.2
   },
   "geometry": {
    "type": "Polygon",
    "coordinates": [
     [
      [
       116.34089999999999,
       39.97739999999991
      ],
      [
       116.34209999999999,
       39.97739999999991
      ],
      [
       116.34209999999999,
       39.97619999999991
      ],
      [
       116.34089999999999,
       39.97619999999991
      ],
      [
       116.34089999999999,
       39.97739999999991
      ]
     ]
    ]
   }
  },
  {
   "type": "Feature",
   "id": "LU-00079",
   "properties": {
    "id": "LU-00079",
    "layer": "LAND_USE",
    "land_use_code": "0701",
    "land_use_name_zh": "城镇住宅用地",
    "source_type": "agent_generated_design",
    "confidence": "medium",
    "geometry_role": "design_proposal",
    "area_sqm": 13659.0
   },
   "geometry": {
    "type": "Polygon",
    "coordinates": [
     [
      [
       116.34089999999999,
       39.97859999999991
      ],
      [
       116.34209999999999,
       39.97859999999991
      ],
      [
       116.34209999999999,
       39.97739999999991
      ],
      [
       116.34089999999999,
       39.97739999999991
      ],
      [
       116.34089999999999,
       39.97859999999991
      ]
     ]
    ]
   }
  },
  {
   "type": "Feature",
   "id": "LU-00080",
   "properties": {
    "id": "LU-00080",
    "layer": "LAND_USE",
    "land_use_code": "1207",
    "land_use_name_zh": "城镇道路用地",
    "source_type": "agent_generated_design",
    "confidence": "medium",
    "geometry_role": "design_proposal",
    "area_sqm": 13658.8
   },
   "geometry": {
    "type": "Polygon",
    "coordinates": [
     [
      [
       116.34089999999999,
       39.979799999999905
      ],
      [
       116.34209999999999,
       39.979799999999905
      ],
      [
       116.34209999999999,
       39.97859999999991
      ],
      [
       116.34089999999999,
       39.97859999999991
      ],
      [
       116.34089999999999,
       39.979799999999905
      ]
     ]
    ]
   }
  },
  {
   "type": "Feature",
   "id": "LU-00081",
   "properties": {
    "id": "LU-00081",
    "layer": "LAND_USE",
    "land_use_code": "0901",
    "land_use_name_zh": "商业用地",
    "source_type": "agent_generated_design",
    "confidence": "medium",
    "geometry_role": "design_proposal",
    "area_sqm": 13658.5
   },
   "geometry": {
    "type": "Polygon",
    "coordinates": [
     [
      [
       116.34089999999999,
       39.9809999999999
      ],
      [
       116.34209999999999,
       39.9809999999999
      ],
      [
       116.34209999999999,
       39.979799999999905
      ],
      [
       116.34089999999999,
       39.979799999999905
      ],
      [
       116.34089999999999,
       39.9809999999999
      ]
     ]
    ]
   }
  },
  {
   "type": "Feature",
   "id": "LU-00082",
   "properties": {
    "id": "LU-00082",
    "layer": "LAND_USE",
    "land_use_code": "0701",
    "land_use_name_zh": "城镇住宅用地",
    "source_type": "agent_generated_design",
    "confidence": "medium",
    "geometry_role": "design_proposal",
    "area_sqm": 13658.3
   },
   "geometry": {
    "type": "Polygon",
    "coordinates": [
     [
      [
       116.34089999999999,
       39.9821999999999
      ],
      [
       116.34209999999999,
       39.9821999999999
      ],
      [
       116.34209999999999,
       39.9809999999999
      ],
      [
       116.34089999999999,
       39.9809999999999
      ],
      [
       116.34089999999999,
       39.9821999999999
      ]
     ]
    ]
   }
  },
  {
   "type": "Feature",
   "id": "LU-00083",
   "properties": {
    "id": "LU-00083",
    "layer": "LAND_USE",
    "land_use_code": "0701",
    "land_use_name_zh": "城镇住宅用地",
    "source_type": "agent_generated_design",
    "confidence": "medium",
    "geometry_role": "design_proposal",
    "area_sqm": 13658.1
   },
   "geometry": {
    "type": "Polygon",
    "coordinates": [
     [
      [
       116.34089999999999,
       39.9833999999999
      ],
      [
       116.34209999999999,
       39.9833999999999
      ],
      [
       116.34209999999999,
       39.9821999999999
      ],
      [
       116.34089999999999,
       39.9821999999999
      ],
      [
       116.34089999999999,
       39.9833999999999
      ]
     ]
    ]
   }
  },
  {
   "type": "Feature",
   "id": "LU-00084",
   "properties": {
    "id": "LU-00084",
    "layer": "LAND_USE",
    "land_use_code": "0701",
    "land_use_name_zh": "城镇住宅用地",
    "source_type": "agent_generated_design",
    "confidence": "medium",
    "geometry_role": "design_proposal",
    "area_sqm": 13657.8
   },
   "geometry": {
    "type": "Polygon",
    "coordinates": [
     [
      [
       116.34089999999999,
       39.984599999999894
      ],
      [
       116.34209999999999,
       39.984599999999894
      ],
      [
       116.34209999999999,
       39.9833999999999
      ],
      [
       116.34089999999999,
       39.9833999999999
      ],
      [
       116.34089999999999,
       39.984599999999894
      ]
     ]
    ]
   }
  },
  {
   "type": "Feature",
   "id": "LU-00085",
   "properties": {
    "id": "LU-00085",
    "layer": "LAND_USE",
    "land_use_code": "0701",
    "land_use_name_zh": "城镇住宅用地",
    "source_type": "agent_generated_design",
    "confidence": "medium",
    "geometry_role": "design_proposal",
    "area_sqm": 13657.6
   },
   "geometry": {
    "type": "Polygon",
    "coordinates": [
     [
      [
       116.34089999999999,
       39.98579999999989
      ],
      [
       116.34209999999999,
       39.98579999999989
      ],
      [
       116.34209999999999,
       39.984599999999894
      ],
      [
       116.34089999999999,
       39.984599999999894
      ],
      [
       116.34089999999999,
       39.98579999999989
      ]
     ]
    ]
   }
  },
  {
   "type": "Feature",
   "id": "LU-00086",
   "properties": {
    "id": "LU-00086",
    "layer": "LAND_USE",
    "land_use_code": "0901",
    "land_use_name_zh": "商业用地",
    "source_type": "agent_generated_design",
    "confidence": "medium",
    "geometry_role": "design_proposal",
    "area_sqm": 13657.4
   },
   "geometry": {
    "type": "Polygon",
    "coordinates": [
     [
      [
       116.34089999999999,
       39.98699999999989
      ],
      [
       116.34209999999999,
       39.98699999999989
      ],
      [
       116.34209999999999,
       39.98579999999989
      ],
      [
       116.34089999999999,
       39.98579999999989
      ],
      [
       116.34089999999999,
       39.98699999999989
      ]
     ]
    ]
   }
  },
  {
   "type": "Feature",
   "id": "LU-00087",
   "properties": {
    "id": "LU-00087",
    "layer": "LAND_USE",
    "land_use_code": "1207",
    "land_use_name_zh": "城镇道路用地",
    "source_type": "agent_generated_design",
    "confidence": "medium",
    "geometry_role": "design_proposal",
    "area_sqm": 13657.1
   },
   "geometry": {
    "type": "Polygon",
    "coordinates": [
     [
      [
       116.34089999999999,
       39.988199999999885
      ],
      [
       116.34209999999999,
       39.988199999999885
      ],
      [
       116.34209999999999,
       39.98699999999989
      ],
      [
       116.34089999999999,
       39.98699999999989
      ],
      [
       116.34089999999999,
       39.988199999999885
      ]
     ]
    ]
   }
  },
  {
   "type": "Feature",
   "id": "LU-00088",
   "properties": {
    "id": "LU-00088",
    "layer": "LAND_USE",
    "land_use_code": "0801",
    "land_use_name_zh": "机关团体用地",
    "source_type": "agent_generated_design",
    "confidence": "medium",
    "geometry_role": "design_proposal",
    "area_sqm": 13656.9
   },
   "geometry": {
    "type": "Polygon",
    "coordinates": [
     [
      [
       116.34089999999999,
       39.98939999999988
      ],
      [
       116.34209999999999,
       39.98939999999988
      ],
      [
       116.34209999999999,
       39.988199999999885
      ],
      [
       116.34089999999999,
       39.988199999999885
      ],
      [
       116.34089999999999,
       39.98939999999988
      ]
     ]
    ]
   }
  },
  {
   "type": "Feature",
   "id": "LU-00089",
   "properties": {
    "id": "LU-00089",
    "layer": "LAND_USE",
    "land_use_code": "0701",
    "land_use_name_zh": "城镇住宅用地",
    "source_type": "agent_generated_design",
    "confidence": "medium",
    "geometry_role": "design_proposal",
    "area_sqm": 13656.6
   },
   "geometry": {
    "type": "Polygon",
    "coordinates": [
     [
      [
       116.34089999999999,
       39.99059999999988
      ],
      [
       116.34209999999999,
       39.99059999999988
      ],
      [
       116.34209999999999,
       39.98939999999988
      ],
      [
       116.34089999999999,
       39.98939999999988
      ],
      [
       116.34089999999999,
       39.99059999999988
      ]
     ]
    ]
   }
  },
  {
   "type": "Feature",
   "id": "LU-00090",
   "properties": {
    "id": "LU-00090",
    "layer": "LAND_USE",
    "land_use_code": "1207",
    "land_use_name_zh": "城镇道路用地",
    "source_type": "agent_generated_design",
    "confidence": "medium",
    "geometry_role": "design_proposal",
    "area_sqm": 13656.4
   },
   "geometry": {
    "type": "Polygon",
    "coordinates": [
     [
      [
       116.34089999999999,
       39.99179999999988
      ],
      [
       116.34209999999999,
       39.99179999999988
      ],
      [
       116.34209999999999,
       39.99059999999988
      ],
      [
       116.34089999999999,
       39.99059999999988
      ],
      [
       116.34089999999999,
       39.99179999999988
      ]
     ]
    ]
   }
  },
  {
   "type": "Feature",
   "id": "LU-00091",
   "properties": {
    "id": "LU-00091",
    "layer": "LAND_USE",
    "land_use_code": "0901",
    "land_use_name_zh": "商业用地",
    "source_type": "agent_generated_design",
    "confidence": "medium",
    "geometry_role": "design_proposal",
    "area_sqm": 13656.2
   },
   "geometry": {
    "type": "Polygon",
    "coordinates": [
     [
      [
       116.34089999999999,
       39.992999999999874
      ],
      [
       116.34209999999999,
       39.992999999999874
      ],
      [
       116.34209999999999,
       39.99179999999988
      ],
      [
       116.34089999999999,
       39.99179999999988
      ],
      [
       116.34089999999999,
       39.992999999999874
      ]
     ]
    ]
   }
  },
  {
   "type": "Feature",
   "id": "LU-00092",
   "properties": {
    "id": "LU-00092",
    "layer": "LAND_USE",
    "land_use_code": "0701",
    "land_use_name_zh": "城镇住宅用地",
    "source_type": "agent_generated_design",
    "confidence": "medium",
    "geometry_role": "design_proposal",
    "area_sqm": 13545.8
   },
   "geometry": {
    "type": "Polygon",
    "coordinates": [
     [
      [
       116.34209999999999,
       39.99419999999987
      ],
      [
       116.34209999999999,
       39.992999999999874
      ],
      [
       116.34089999999999,
       39.992999999999874
      ],
      [
       116.34089999999999,
       39.993599999999866
      ],
      [
       116.34093870967742,
       39.99419999999987
      ],
      [
       116.34209999999999,
       39.99419999999987
      ]
     ]
    ]
   }
  },
  {
   "type": "Feature",
   "id": "LU-00093",
   "properties": {
    "id": "LU-00093",
    "layer": "LAND_USE",
    "land_use_code": "0701",
    "land_use_name_zh": "城镇住宅用地",
    "source_type": "agent_generated_design",
    "confidence": "medium",
    "geometry_role": "design_proposal",
    "area_sqm": 12774.7
   },
   "geometry": {
    "type": "Polygon",
    "coordinates": [
     [
      [
       116.34209999999999,
       39.99539999999987
      ],
      [
       116.34209999999999,
       39.99419999999987
      ],
      [
       116.34093870967742,
       39.99419999999987
      ],
      [
       116.34101612903225,
       39.99539999999987
      ],
      [
       116.34209999999999,
       39.99539999999987
      ]
     ]
    ]
   }
  },
  {
   "type": "Feature",
   "id": "LU-00094",
   "properties": {
    "id": "LU-00094",
    "layer": "LAND_USE",
    "land_use_code": "0701",
    "land_use_name_zh": "城镇住宅用地",
    "source_type": "agent_generated_design",
    "confidence": "medium",
    "geometry_role": "design_proposal",
    "area_sqm": 11893.5
   },
   "geometry": {
    "type": "Polygon",
    "coordinates": [
     [
      [
       116.34209999999999,
       39.996599999999866
      ],
      [
       116.34209999999999,
       39.99539999999987
      ],
      [
       116.34101612903225,
       39.99539999999987
      ],
      [
       116.3410935483871,
       39.996599999999866
      ],
      [
       116.34209999999999,
       39.996599999999866
      ]
     ]
    ]
   }
  },
  {
   "type": "Feature",
   "id": "LU-00095",
   "properties": {
    "id": "LU-00095",
    "layer": "LAND_USE",
    "land_use_code": "0801",
    "land_use_name_zh": "机关团体用地",
    "source_type": "agent_generated_design",
    "confidence": "medium",
    "geometry_role": "design_proposal",
    "area_sqm": 11012.3
   },
   "geometry": {
    "type": "Polygon",
    "coordinates": [
     [
      [
       116.34209999999999,
       39.99779999999986
      ],
      [
       116.34209999999999,
       39.996599999999866
      ],
      [
       116.3410935483871,
       39.996599999999866
      ],
      [
       116.34117096774193,
       39.99779999999986
      ],
      [
       116.34209999999999,
       39.99779999999986
      ]
     ]
    ]
   }
  },
  {
   "type": "Feature",
   "id": "LU-00096",
   "properties": {
    "id": "LU-00096",
    "layer": "LAND_USE",
    "land_use_code": "0901",
    "land_use_name_zh": "商业用地",
    "source_type": "agent_generated_design",
    "confidence": "medium",
    "geometry_role": "design_proposal",
    "area_sqm": 10131.1
   },
   "geometry": {
    "type": "Polygon",
    "coordinates": [
     [
      [
       116.34209999999999,
       39.99899999999986
      ],
      [
       116.34209999999999,
       39.99779999999986
      ],
      [
       116.34117096774193,
       39.99779999999986
      ],
      [
       116.34124838709677,
       39.99899999999986
      ],
      [
       116.34209999999999,
       39.99899999999986
      ]
     ]
    ]
   }
  },
  {
   "type": "Feature",
   "id": "LU-00097",
   "properties": {
    "id": "LU-00097",
    "layer": "LAND_USE",
    "land_use_code": "1207",
    "land_use_name_zh": "城镇道路用地",
    "source_type": "agent_generated_design",
    "confidence": "medium",
    "geometry_role": "design_proposal",
    "area_sqm": 9250.0
   },
   "geometry": {
    "type": "Polygon",
    "coordinates": [
     [
      [
       116.34209999999999,
       40.00019999999986
      ],
      [
       116.34209999999999,
       39.99899999999986
      ],
      [
       116.34124838709677,
       39.99899999999986
      ],
      [
       116.34132580645161,
       40.00019999999986
      ],
      [
       116.34209999999999,
       40.00019999999986
      ]
     ]
    ]
   }
  },
  {
   "type": "Feature",
   "id": "LU-00098",
   "properties": {
    "id": "LU-00098",
    "layer": "LAND_USE",
    "land_use_code": "0701",
    "land_use_name_zh": "城镇住宅用地",
    "source_type": "agent_generated_design",
    "confidence": "medium",
    "geometry_role": "design_proposal",
    "area_sqm": 8368.9
   },
   "geometry": {
    "type": "Polygon",
    "coordinates": [
     [
      [
       116.34209999999999,
       40.001399999999855
      ],
      [
       116.34209999999999,
       40.00019999999986
      ],
      [
       116.34132580645161,
       40.00019999999986
      ],
      [
       116.34140322580645,
       40.001399999999855
      ],
      [
       116.34209999999999,
       40.001399999999855
      ]
     ]
    ]
   }
  },
  {
   "type": "Feature",
   "id": "LU-00099",
   "properties": {
    "id": "LU-00099",
    "layer": "LAND_USE",
    "land_use_code": "0701",
    "land_use_name_zh": "城镇住宅用地",
    "source_type": "agent_generated_design",
    "confidence": "medium",
    "geometry_role": "design_proposal",
    "area_sqm": 7487.8
   },
   "geometry": {
    "type": "Polygon",
    "coordinates": [
     [
      [
       116.34209999999999,
       40.00259999999985
      ],
      [
       116.34209999999999,
       40.001399999999855
      ],
      [
       116.34140322580645,
       40.001399999999855
      ],
      [
       116.34148064516128,
       40.00259999999985
      ],
      [
       116.34209999999999,
       40.00259999999985
      ]
     ]
    ]
   }
  },
  {
   "type": "Feature",
   "id": "LU-00100",
   "properties": {
    "id": "LU-00100",
    "layer": "LAND_USE",
    "land_use_code": "1207",
    "land_use_name_zh": "城镇道路用地",
    "source_type": "agent_generated_design",
    "confidence": "medium",
    "geometry_role": "design_proposal",
    "area_sqm": 6606.8
   },
   "geometry": {
    "type": "Polygon",
    "coordinates": [
     [
      [
       116.34209999999999,
       40.00379999999985
      ],
      [
       116.34209999999999,
       40.00259999999985
      ],
      [
       116.34148064516128,
       40.00259999999985
      ],
      [
       116.34155806451612,
       40.00379999999985
      ],
      [
       116.34209999999999,
       40.00379999999985
      ]
     ]
    ]
   }
  },
  {
   "type": "Feature",
   "id": "LU-00101",
   "properties": {
    "id": "LU-00101",
    "layer": "LAND_USE",
    "land_use_code": "0801",
    "land_use_name_zh": "机关团体用地",
    "source_type": "agent_generated_design",
    "confidence": "medium",
    "geometry_role": "design_proposal",
    "area_sqm": 5725.8
   },
   "geometry": {
    "type": "Polygon",
    "coordinates": [
     [
      [
       116.34209999999999,
       40.004999999999846
      ],
      [
       116.34209999999999,
       40.00379999999985
      ],
      [
       116.34155806451612,
       40.00379999999985
      ],
      [
       116.34163548387096,
       40.004999999999846
      ],
      [
       116.34209999999999,
       40.004999999999846
      ]
     ]
    ]
   }
  },
  {
   "type": "Feature",
   "id": "LU-00102",
   "properties": {
    "id": "LU-00102",
    "layer": "LAND_USE",
    "land_use_code": "0701",
    "land_use_name_zh": "城镇住宅用地",
    "source_type": "agent_generated_design",
    "confidence": "medium",
    "geometry_role": "design_proposal",
    "area_sqm": 4847.8
   },
   "geometry": {
    "type": "Polygon",
    "coordinates": [
     [
      [
       116.34209999999999,
       40.00619999999984
      ],
      [
       116.34209999999999,
       40.004999999999846
      ],
      [
       116.34163548387096,
       40.004999999999846
      ],
      [
       116.3417,
       40.006
      ],
      [
       116.34170975609756,
       40.00619999999984
      ],
      [
       116.34209999999999,
       40.00619999999984
      ]
     ]
    ]
   }
  },
  {
   "type": "Feature",
   "id": "LU-00103",
   "properties": {
    "id": "LU-00103",
    "layer": "LAND_USE",
    "land_use_code": "0701",
    "land_use_name_zh": "城镇住宅用地",
    "source_type": "agent_generated_design",
    "confidence": "medium",
    "geometry_role": "design_proposal",
    "area_sqm": 4107.1
   },
   "geometry": {
    "type": "Polygon",
    "coordinates": [
     [
      [
       116.34209999999999,
       40.00739999999984
      ],
      [
       116.34209999999999,
       40.00619999999984
      ],
      [
       116.34170975609756,
       40.00619999999984
      ],
      [
       116.34176829268291,
       40.00739999999984
      ],
      [
       116.34209999999999,
       40.00739999999984
      ]
     ]
    ]
   }
  },
  {
   "type": "Feature",
   "id": "LU-00104",
   "properties": {
    "id": "LU-00104",
    "layer": "LAND_USE",
    "land_use_code": "0701",
    "land_use_name_zh": "城镇住宅用地",
    "source_type": "agent_generated_design",
    "confidence": "medium",
    "geometry_role": "design_proposal",
    "area_sqm": 3441.0
   },
   "geometry": {
    "type": "Polygon",
    "coordinates": [
     [
      [
       116.34209999999999,
       40.00859999999984
      ],
      [
       116.34209999999999,
       40.00739999999984
      ],
      [
       116.34176829268291,
       40.00739999999984
      ],
      [
       116.34182682926829,
       40.00859999999984
      ],
      [
       116.34209999999999,
       40.00859999999984
      ]
     ]
    ]
   }
  },
  {
   "type": "Feature",
   "id": "LU-00105",
   "properties": {
    "id": "LU-00105",
    "layer": "LAND_USE",
    "land_use_code": "0901",
    "land_use_name_zh": "商业用地",
    "source_type": "agent_generated_design",
    "confidence": "medium",
    "geometry_role": "design_proposal",
    "area_sqm": 2775.0
   },
   "geometry": {
    "type": "Polygon",
    "coordinates": [
     [
      [
       116.34209999999999,
       40.009799999999835
      ],
      [
       116.34209999999999,
       40.00859999999984
      ],
      [
       116.34182682926829,
       40.00859999999984
      ],
      [
       116.34188536585366,
       40.009799999999835
      ],
      [
       116.34209999999999,
       40.009799999999835
      ]
     ]
    ]
   }
  },
  {
   "type": "Feature",
   "id": "LU-00106",
   "properties": {
    "id": "LU-00106",
    "layer": "LAND_USE",
    "land_use_code": "0701",
    "land_use_name_zh": "城镇住宅用地",
    "source_type": "agent_generated_design",
    "confidence": "medium",
    "geometry_role": "design_proposal",
    "area_sqm": 2108.9
   },
   "geometry": {
    "type": "Polygon",
    "coordinates": [
     [
      [
       116.34209999999999,
       40.01099999999983
      ],
      [
       116.34209999999999,
       40.009799999999835
      ],
      [
       116.34188536585366,
       40.009799999999835
      ],
      [
       116.34194390243901,
       40.01099999999983
      ],
      [
       116.34209999999999,
       40.01099999999983
      ]
     ]
    ]
   }
  },
  {
   "type": "Feature",
   "id": "LU-00107",
   "properties": {
    "id": "LU-00107",
    "layer": "LAND_USE",
    "land_use_code": "1207",
    "land_use_name_zh": "城镇道路用地",
    "source_type": "agent_generated_design",
    "confidence": "medium",
    "geometry_role": "design_proposal",
    "area_sqm": 1442.9
   },
   "geometry": {
    "type": "Polygon",
    "coordinates": [
     [
      [
       116.34209999999999,
       40.01219999999983
      ],
      [
       116.34209999999999,
       40.01099999999983
      ],
      [
       116.34194390243901,
       40.01099999999983
      ],
      [
       116.34200243902438,
       40.01219999999983
      ],
      [
       116.34209999999999,
       40.01219999999983
      ]
     ]
    ]
   }
  },
  {
   "type": "Feature",
   "id": "LU-00108",
   "properties": {
    "id": "LU-00108",
    "layer": "LAND_USE",
    "land_use_code": "0801",
    "land_use_name_zh": "机关团体用地",
    "source_type": "agent_generated_design",
    "confidence": "medium",
    "geometry_role": "design_proposal",
    "area_sqm": 777.0
   },
   "geometry": {
    "type": "Polygon",
    "coordinates": [
     [
      [
       116.34209999999999,
       40.01339999999983
      ],
      [
       116.34209999999999,
       40.01219999999983
      ],
      [
       116.34200243902438,
       40.01219999999983
      ],
      [
       116.34206097560974,
       40.01339999999983
      ],
      [
       116.34209999999999,
       40.01339999999983
      ]
     ]
    ]
   }
  },
  {
   "type": "Feature",
   "id": "LU-00109",
   "properties": {
    "id": "LU-00109",
    "layer": "LAND_USE",
    "land_use_code": "0701",
    "land_use_name_zh": "城镇住宅用地",
    "source_type": "agent_generated_design",
    "confidence": "medium",
    "geometry_role": "design_proposal",
    "area_sqm": 148.0
   },
   "geometry": {
    "type": "Polygon",
    "coordinates": [
     [
      [
       116.34209999999999,
       40.01339999999983
      ],
      [
       116.34206097560974,
       40.01339999999983
      ],
      [
       116.34209999999999,
       40.01419999999977
      ],
      [
       116.34209999999999,
       40.01339999999983
      ]
     ]
    ]
   }
  },
  {
   "type": "Feature",
   "id": "LU-00110",
   "properties": {
    "id": "LU-00110",
    "layer": "LAND_USE",
    "land_use_code": "1207",
    "land_use_name_zh": "城镇道路用地",
    "source_type": "agent_generated_design",
    "confidence": "medium",
    "geometry_role": "design_proposal",
    "area_sqm": 13666.6
   },
   "geometry": {
    "type": "Polygon",
    "coordinates": [
     [
      [
       116.34209999999999,
       39.939
      ],
      [
       116.34209999999999,
       39.9402
      ],
      [
       116.34329999999999,
       39.9402
      ],
      [
       116.34329999999999,
       39.939
      ],
      [
       116.34209999999999,
       39.939
      ]
     ]
    ]
   }
  },
  {
   "type": "Feature",
   "id": "LU-00111",
   "properties": {
    "id": "LU-00111",
    "layer": "LAND_USE",
    "land_use_code": "0701",
    "land_use_name_zh": "城镇住宅用地",
    "source_type": "agent_generated_design",
    "confidence": "medium",
    "geometry_role": "design_proposal",
    "area_sqm": 13666.3
   },
   "geometry": {
    "type": "Polygon",
    "coordinates": [
     [
      [
       116.34209999999999,
       39.941399999999994
      ],
      [
       116.34329999999999,
       39.941399999999994
      ],
      [
       116.34329999999999,
       39.9402
      ],
      [
       116.34209999999999,
       39.9402
      ],
      [
       116.34209999999999,
       39.941399999999994
      ]
     ]
    ]
   }
  },
  {
   "type": "Feature",
   "id": "LU-00112",
   "properties": {
    "id": "LU-00112",
    "layer": "LAND_USE",
    "land_use_code": "0901",
    "land_use_name_zh": "商业用地",
    "source_type": "agent_generated_design",
    "confidence": "medium",
    "geometry_role": "design_proposal",
    "area_sqm": 13666.1
   },
   "geometry": {
    "type": "Polygon",
    "coordinates": [
     [
      [
       116.34209999999999,
       39.94259999999999
      ],
      [
       116.34329999999999,
       39.94259999999999
      ],
      [
       116.34329999999999,
       39.941399999999994
      ],
      [
       116.34209999999999,
       39.941399999999994
      ],
      [
       116.34209999999999,
       39.94259999999999
      ]
     ]
    ]
   }
  },
  {
   "type": "Feature",
   "id": "LU-00113",
   "properties": {
    "id": "LU-00113",
    "layer": "LAND_USE",
    "land_use_code": "1207",
    "land_use_name_zh": "城镇道路用地",
    "source_type": "agent_generated_design",
    "confidence": "medium",
    "geometry_role": "design_proposal",
    "area_sqm": 13665.8
   },
   "geometry": {
    "type": "Polygon",
    "coordinates": [
     [
      [
       116.34209999999999,
       39.94379999999999
      ],
      [
       116.34329999999999,
       39.94379999999999
      ],
      [
       116.34329999999999,
       39.94259999999999
      ],
      [
       116.34209999999999,
       39.94259999999999
      ],
      [
       116.34209999999999,
       39.94379999999999
      ]
     ]
    ]
   }
  },
  {
   "type": "Feature",
   "id": "LU-00114",
   "properties": {
    "id": "LU-00114",
    "layer": "LAND_USE",
    "land_use_code": "0902",
    "land_use_name_zh": "商务金融用地 / AI 总部",
    "source_type": "agent_generated_design",
    "confidence": "medium",
    "geometry_role": "design_proposal",
    "area_sqm": 13665.6
   },
   "geometry": {
    "type": "Polygon",
    "coordinates": [
     [
      [
       116.34209999999999,
       39.944999999999986
      ],
      [
       116.34329999999999,
       39.944999999999986
      ],
      [
       116.34329999999999,
       39.94379999999999
      ],
      [
       116.34209999999999,
       39.94379999999999
      ],
      [
       116.34209999999999,
       39.944999999999986
      ]
     ]
    ]
   }
  },
  {
   "type": "Feature",
   "id": "LU-00115",
   "properties": {
    "id": "LU-00115",
    "layer": "LAND_USE",
    "land_use_code": "0902",
    "land_use_name_zh": "商务金融用地 / AI 总部",
    "source_type": "agent_generated_design",
    "confidence": "medium",
    "geometry_role": "design_proposal",
    "area_sqm": 13665.4
   },
   "geometry": {
    "type": "Polygon",
    "coordinates": [
     [
      [
       116.34209999999999,
       39.94619999999998
      ],
      [
       116.34329999999999,
       39.94619999999998
      ],
      [
       116.34329999999999,
       39.944999999999986
      ],
      [
       116.34209999999999,
       39.944999999999986
      ],
      [
       116.34209999999999,
       39.94619999999998
      ]
     ]
    ]
   }
  },
  {
   "type": "Feature",
   "id": "LU-00116",
   "properties": {
    "id": "LU-00116",
    "layer": "LAND_USE",
    "land_use_code": "0902",
    "land_use_name_zh": "商务金融用地 / AI 总部",
    "source_type": "agent_generated_design",
    "confidence": "medium",
    "geometry_role": "design_proposal",
    "area_sqm": 13665.1
   },
   "geometry": {
    "type": "Polygon",
    "coordinates": [
     [
      [
       116.34209999999999,
       39.94739999999998
      ],
      [
       116.34329999999999,
       39.94739999999998
      ],
      [
       116.34329999999999,
       39.94619999999998
      ],
      [
       116.34209999999999,
       39.94619999999998
      ],
      [
       116.34209999999999,
       39.94739999999998
      ]
     ]
    ]
   }
  },
  {
   "type": "Feature",
   "id": "LU-00117",
   "properties": {
    "id": "LU-00117",
    "layer": "LAND_USE",
    "land_use_code": "0902",
    "land_use_name_zh": "商务金融用地 / AI 总部",
    "source_type": "agent_generated_design",
    "confidence": "medium",
    "geometry_role": "design_proposal",
    "area_sqm": 13664.9
   },
   "geometry": {
    "type": "Polygon",
    "coordinates": [
     [
      [
       116.34209999999999,
       39.94859999999998
      ],
      [
       116.34329999999999,
       39.94859999999998
      ],
      [
       116.34329999999999,
       39.94739999999998
      ],
      [
       116.34209999999999,
       39.94739999999998
      ],
      [
       116.34209999999999,
       39.94859999999998
      ]
     ]
    ]
   }
  },
  {
   "type": "Feature",
   "id": "LU-00118",
   "properties": {
    "id": "LU-00118",
    "layer": "LAND_USE",
    "land_use_code": "0902",
    "land_use_name_zh": "商务金融用地 / AI 总部",
    "source_type": "agent_generated_design",
    "confidence": "medium",
    "geometry_role": "design_proposal",
    "area_sqm": 13664.7
   },
   "geometry": {
    "type": "Polygon",
    "coordinates": [
     [
      [
       116.34209999999999,
       39.949799999999975
      ],
      [
       116.34329999999999,
       39.949799999999975
      ],
      [
       116.34329999999999,
       39.94859999999998
      ],
      [
       116.34209999999999,
       39.94859999999998
      ],
      [
       116.34209999999999,
       39.949799999999975
      ]
     ]
    ]
   }
  },
  {
   "type": "Feature",
   "id": "LU-00119",
   "properties": {
    "id": "LU-00119",
    "layer": "LAND_USE",
    "land_use_code": "0701",
    "land_use_name_zh": "城镇住宅用地",
    "source_type": "agent_generated_design",
    "confidence": "medium",
    "geometry_role": "design_proposal",
    "area_sqm": 13664.4
   },
   "geometry": {
    "type": "Polygon",
    "coordinates": [
     [
      [
       116.34209999999999,
       39.95099999999997
      ],
      [
       116.34329999999999,
       39.95099999999997
      ],
      [
       116.34329999999999,
       39.949799999999975
      ],
      [
       116.34209999999999,
       39.949799999999975
      ],
      [
       116.34209999999999,
       39.95099999999997
      ]
     ]
    ]
   }
  },
  {
   "type": "Feature",
   "id": "LU-00120",
   "properties": {
    "id": "LU-00120",
    "layer": "LAND_USE",
    "land_use_code": "1207",
    "land_use_name_zh": "城镇道路用地",
    "source_type": "agent_generated_design",
    "confidence": "medium",
    "geometry_role": "design_proposal",
    "area_sqm": 13664.2
   },
   "geometry": {
    "type": "Polygon",
    "coordinates": [
     [
      [
       116.34209999999999,
       39.95219999999997
      ],
      [
       116.34329999999999,
       39.95219999999997
      ],
      [
       116.34329999999999,
       39.95099999999997
      ],
      [
       116.34209999999999,
       39.95099999999997
      ],
      [
       116.34209999999999,
       39.95219999999997
      ]
     ]
    ]
   }
  },
  {
   "type": "Feature",
   "id": "LU-00121",
   "properties": {
    "id": "LU-00121",
    "layer": "LAND_USE",
    "land_use_code": "0701",
    "land_use_name_zh": "城镇住宅用地",
    "source_type": "agent_generated_design",
    "confidence": "medium",
    "geometry_role": "design_proposal",
    "area_sqm": 13664.0
   },
   "geometry": {
    "type": "Polygon",
    "coordinates": [
     [
      [
       116.34209999999999,
       39.95339999999997
      ],
      [
       116.34329999999999,
       39.95339999999997
      ],
      [
       116.34329999999999,
       39.95219999999997
      ],
      [
       116.34209999999999,
       39.95219999999997
      ],
      [
       116.34209999999999,
       39.95339999999997
      ]
     ]
    ]
   }
  },
  {
   "type": "Feature",
   "id": "LU-00122",
   "properties": {
    "id": "LU-00122",
    "layer": "LAND_USE",
    "land_use_code": "0801",
    "land_use_name_zh": "机关团体用地",
    "source_type": "agent_generated_design",
    "confidence": "medium",
    "geometry_role": "design_proposal",
    "area_sqm": 13663.7
   },
   "geometry": {
    "type": "Polygon",
    "coordinates": [
     [
      [
       116.34209999999999,
       39.954599999999964
      ],
      [
       116.34329999999999,
       39.954599999999964
      ],
      [
       116.34329999999999,
       39.95339999999997
      ],
      [
       116.34209999999999,
       39.95339999999997
      ],
      [
       116.34209999999999,
       39.954599999999964
      ]
     ]
    ]
   }
  },
  {
   "type": "Feature",
   "id": "LU-00123",
   "properties": {
    "id": "LU-00123",
    "layer": "LAND_USE",
    "land_use_code": "1207",
    "land_use_name_zh": "城镇道路用地",
    "source_type": "agent_generated_design",
    "confidence": "medium",
    "geometry_role": "design_proposal",
    "area_sqm": 13663.5
   },
   "geometry": {
    "type": "Polygon",
    "coordinates": [
     [
      [
       116.34209999999999,
       39.95579999999996
      ],
      [
       116.34329999999999,
       39.95579999999996
      ],
      [
       116.34329999999999,
       39.954599999999964
      ],
      [
       116.34209999999999,
       39.954599999999964
      ],
      [
       116.34209999999999,
       39.95579999999996
      ]
     ]
    ]
   }
  },
  {
   "type": "Feature",
   "id": "LU-00124",
   "properties": {
    "id": "LU-00124",
    "layer": "LAND_USE",
    "land_use_code": "0701",
    "land_use_name_zh": "城镇住宅用地",
    "source_type": "agent_generated_design",
    "confidence": "medium",
    "geometry_role": "design_proposal",
    "area_sqm": 13663.3
   },
   "geometry": {
    "type": "Polygon",
    "coordinates": [
     [
      [
       116.34209999999999,
       39.95699999999996
      ],
      [
       116.34329999999999,
       39.95699999999996
      ],
      [
       116.34329999999999,
       39.95579999999996
      ],
      [
       116.34209999999999,
       39.95579999999996
      ],
      [
       116.34209999999999,
       39.95699999999996
      ]
     ]
    ]
   }
  },
  {
   "type": "Feature",
   "id": "LU-00125",
   "properties": {
    "id": "LU-00125",
    "layer": "LAND_USE",
    "land_use_code": "0701",
    "land_use_name_zh": "城镇住宅用地",
    "source_type": "agent_generated_design",
    "confidence": "medium",
    "geometry_role": "design_proposal",
    "area_sqm": 13663.0
   },
   "geometry": {
    "type": "Polygon",
    "coordinates": [
     [
      [
       116.34209999999999,
       39.958199999999955
      ],
      [
       116.34329999999999,
       39.958199999999955
      ],
      [
       116.34329999999999,
       39.95699999999996
      ],
      [
       116.34209999999999,
       39.95699999999996
      ],
      [
       116.34209999999999,
       39.958199999999955
      ]
     ]
    ]
   }
  },
  {
   "type": "Feature",
   "id": "LU-00126",
   "properties": {
    "id": "LU-00126",
    "layer": "LAND_USE",
    "land_use_code": "0701",
    "land_use_name_zh": "城镇住宅用地",
    "source_type": "agent_generated_design",
    "confidence": "medium",
    "geometry_role": "design_proposal",
    "area_sqm": 13662.8
   },
   "geometry": {
    "type": "Polygon",
    "coordinates": [
     [
      [
       116.34209999999999,
       39.95939999999995
      ],
      [
       116.34329999999999,
       39.95939999999995
      ],
      [
       116.34329999999999,
       39.958199999999955
      ],
      [
       116.34209999999999,
       39.958199999999955
      ],
      [
       116.34209999999999,
       39.95939999999995
      ]
     ]
    ]
   }
  },
  {
   "type": "Feature",
   "id": "LU-00127",
   "properties": {
    "id": "LU-00127",
    "layer": "LAND_USE",
    "land_use_code": "0701",
    "land_use_name_zh": "城镇住宅用地",
    "source_type": "agent_generated_design",
    "confidence": "medium",
    "geometry_role": "design_proposal",
    "area_sqm": 13662.5
   },
   "geometry": {
    "type": "Polygon",
    "coordinates": [
     [
      [
       116.34209999999999,
       39.96059999999995
      ],
      [
       116.34329999999999,
       39.96059999999995
      ],
      [
       116.34329999999999,
       39.95939999999995
      ],
      [
       116.34209999999999,
       39.95939999999995
      ],
      [
       116.34209999999999,
       39.96059999999995
      ]
     ]
    ]
   }
  },
  {
   "type": "Feature",
   "id": "LU-00128",
   "properties": {
    "id": "LU-00128",
    "layer": "LAND_USE",
    "land_use_code": "1401",
    "land_use_name_zh": "公园绿地 / 京张活力带",
    "source_type": "agent_generated_design",
    "confidence": "medium",
    "geometry_role": "design_proposal",
    "area_sqm": 13662.3
   },
   "geometry": {
    "type": "Polygon",
    "coordinates": [
     [
      [
       116.34209999999999,
       39.96179999999995
      ],
      [
       116.34329999999999,
       39.96179999999995
      ],
      [
       116.34329999999999,
       39.96059999999995
      ],
      [
       116.34209999999999,
       39.96059999999995
      ],
      [
       116.34209999999999,
       39.96179999999995
      ]
     ]
    ]
   }
  },
  {
   "type": "Feature",
   "id": "LU-00129",
   "properties": {
    "id": "LU-00129",
    "layer": "LAND_USE",
    "land_use_code": "1401",
    "land_use_name_zh": "公园绿地 / 京张活力带",
    "source_type": "agent_generated_design",
    "confidence": "medium",
    "geometry_role": "design_proposal",
    "area_sqm": 13662.1
   },
   "geometry": {
    "type": "Polygon",
    "coordinates": [
     [
      [
       116.34209999999999,
       39.962999999999944
      ],
      [
       116.34329999999999,
       39.962999999999944
      ],
      [
       116.34329999999999,
       39.96179999999995
      ],
      [
       116.34209999999999,
       39.96179999999995
      ],
      [
       116.34209999999999,
       39.962999999999944
      ]
     ]
    ]
   }
  },
  {
   "type": "Feature",
   "id": "LU-00130",
   "properties": {
    "id": "LU-00130",
    "layer": "LAND_USE",
    "land_use_code": "1401",
    "land_use_name_zh": "公园绿地 / 京张活力带",
    "source_type": "agent_generated_design",
    "confidence": "medium",
    "geometry_role": "design_proposal",
    "area_sqm": 13661.8
   },
   "geometry": {
    "type": "Polygon",
    "coordinates": [
     [
      [
       116.34209999999999,
       39.96419999999994
      ],
      [
       116.34329999999999,
       39.96419999999994
      ],
      [
       116.34329999999999,
       39.962999999999944
      ],
      [
       116.34209999999999,
       39.962999999999944
      ],
      [
       116.34209999999999,
       39.96419999999994
      ]
     ]
    ]
   }
  },
  {
   "type": "Feature",
   "id": "LU-00131",
   "properties": {
    "id": "LU-00131",
    "layer": "LAND_USE",
    "land_use_code": "1401",
    "land_use_name_zh": "公园绿地 / 京张活力带",
    "source_type": "agent_generated_design",
    "confidence": "medium",
    "geometry_role": "design_proposal",
    "area_sqm": 13661.6
   },
   "geometry": {
    "type": "Polygon",
    "coordinates": [
     [
      [
       116.34209999999999,
       39.96539999999994
      ],
      [
       116.34329999999999,
       39.96539999999994
      ],
      [
       116.34329999999999,
       39.96419999999994
      ],
      [
       116.34209999999999,
       39.96419999999994
      ],
      [
       116.34209999999999,
       39.96539999999994
      ]
     ]
    ]
   }
  },
  {
   "type": "Feature",
   "id": "LU-00132",
   "properties": {
    "id": "LU-00132",
    "layer": "LAND_USE",
    "land_use_code": "1401",
    "land_use_name_zh": "公园绿地 / 京张活力带",
    "source_type": "agent_generated_design",
    "confidence": "medium",
    "geometry_role": "design_proposal",
    "area_sqm": 13661.4
   },
   "geometry": {
    "type": "Polygon",
    "coordinates": [
     [
      [
       116.34209999999999,
       39.966599999999936
      ],
      [
       116.34329999999999,
       39.966599999999936
      ],
      [
       116.34329999999999,
       39.96539999999994
      ],
      [
       116.34209999999999,
       39.96539999999994
      ],
      [
       116.34209999999999,
       39.966599999999936
      ]
     ]
    ]
   }
  },
  {
   "type": "Feature",
   "id": "LU-00133",
   "properties": {
    "id": "LU-00133",
    "layer": "LAND_USE",
    "land_use_code": "1401",
    "land_use_name_zh": "公园绿地 / 京张活力带",
    "source_type": "agent_generated_design",
    "confidence": "medium",
    "geometry_role": "design_proposal",
    "area_sqm": 13661.1
   },
   "geometry": {
    "type": "Polygon",
    "coordinates": [
     [
      [
       116.34209999999999,
       39.96779999999993
      ],
      [
       116.34329999999999,
       39.96779999999993
      ],
      [
       116.34329999999999,
       39.966599999999936
      ],
      [
       116.34209999999999,
       39.966599999999936
      ],
      [
       116.34209999999999,
       39.96779999999993
      ]
     ]
    ]
   }
  },
  {
   "type": "Feature",
   "id": "LU-00134",
   "properties": {
    "id": "LU-00134",
    "layer": "LAND_USE",
    "land_use_code": "1401",
    "land_use_name_zh": "公园绿地 / 京张活力带",
    "source_type": "agent_generated_design",
    "confidence": "medium",
    "geometry_role": "design_proposal",
    "area_sqm": 13660.9
   },
   "geometry": {
    "type": "Polygon",
    "coordinates": [
     [
      [
       116.34209999999999,
       39.96899999999993
      ],
      [
       116.34329999999999,
       39.96899999999993
      ],
      [
       116.34329999999999,
       39.96779999999993
      ],
      [
       116.34209999999999,
       39.96779999999993
      ],
      [
       116.34209999999999,
       39.96899999999993
      ]
     ]
    ]
   }
  },
  {
   "type": "Feature",
   "id": "LU-00135",
   "properties": {
    "id": "LU-00135",
    "layer": "LAND_USE",
    "land_use_code": "1401",
    "land_use_name_zh": "公园绿地 / 京张活力带",
    "source_type": "agent_generated_design",
    "confidence": "medium",
    "geometry_role": "design_proposal",
    "area_sqm": 13660.7
   },
   "geometry": {
    "type": "Polygon",
    "coordinates": [
     [
      [
       116.34209999999999,
       39.97019999999993
      ],
      [
       116.34329999999999,
       39.97019999999993
      ],
      [
       116.34329999999999,
       39.96899999999993
      ],
      [
       116.34209999999999,
       39.96899999999993
      ],
      [
       116.34209999999999,
       39.97019999999993
      ]
     ]
    ]
   }
  },
  {
   "type": "Feature",
   "id": "LU-00136",
   "properties": {
    "id": "LU-00136",
    "layer": "LAND_USE",
    "land_use_code": "1401",
    "land_use_name_zh": "公园绿地 / 京张活力带",
    "source_type": "agent_generated_design",
    "confidence": "medium",
    "geometry_role": "design_proposal",
    "area_sqm": 13660.4
   },
   "geometry": {
    "type": "Polygon",
    "coordinates": [
     [
      [
       116.34209999999999,
       39.971399999999925
      ],
      [
       116.34329999999999,
       39.971399999999925
      ],
      [
       116.34329999999999,
       39.97019999999993
      ],
      [
       116.34209999999999,
       39.97019999999993
      ],
      [
       116.34209999999999,
       39.971399999999925
      ]
     ]
    ]
   }
  },
  {
   "type": "Feature",
   "id": "LU-00137",
   "properties": {
    "id": "LU-00137",
    "layer": "LAND_USE",
    "land_use_code": "1401",
    "land_use_name_zh": "公园绿地 / 京张活力带",
    "source_type": "agent_generated_design",
    "confidence": "medium",
    "geometry_role": "design_proposal",
    "area_sqm": 13660.2
   },
   "geometry": {
    "type": "Polygon",
    "coordinates": [
     [
      [
       116.34209999999999,
       39.97259999999992
      ],
      [
       116.34329999999999,
       39.97259999999992
      ],
      [
       116.34329999999999,
       39.971399999999925
      ],
      [
       116.34209999999999,
       39.971399999999925
      ],
      [
       116.34209999999999,
       39.97259999999992
      ]
     ]
    ]
   }
  },
  {
   "type": "Feature",
   "id": "LU-00138",
   "properties": {
    "id": "LU-00138",
    "layer": "LAND_USE",
    "land_use_code": "1401",
    "land_use_name_zh": "公园绿地 / 京张活力带",
    "source_type": "agent_generated_design",
    "confidence": "medium",
    "geometry_role": "design_proposal",
    "area_sqm": 13659.9
   },
   "geometry": {
    "type": "Polygon",
    "coordinates": [
     [
      [
       116.34209999999999,
       39.97379999999992
      ],
      [
       116.34329999999999,
       39.97379999999992
      ],
      [
       116.34329999999999,
       39.97259999999992
      ],
      [
       116.34209999999999,
       39.97259999999992
      ],
      [
       116.34209999999999,
       39.97379999999992
      ]
     ]
    ]
   }
  },
  {
   "type": "Feature",
   "id": "LU-00139",
   "properties": {
    "id": "LU-00139",
    "layer": "LAND_USE",
    "land_use_code": "0701",
    "land_use_name_zh": "城镇住宅用地",
    "source_type": "agent_generated_design",
    "confidence": "medium",
    "geometry_role": "design_proposal",
    "area_sqm": 13659.7
   },
   "geometry": {
    "type": "Polygon",
    "coordinates": [
     [
      [
       116.34209999999999,
       39.974999999999916
      ],
      [
       116.34329999999999,
       39.974999999999916
      ],
      [
       116.34329999999999,
       39.97379999999992
      ],
      [
       116.34209999999999,
       39.97379999999992
      ],
      [
       116.34209999999999,
       39.974999999999916
      ]
     ]
    ]
   }
  },
  {
   "type": "Feature",
   "id": "LU-00140",
   "properties": {
    "id": "LU-00140",
    "layer": "LAND_USE",
    "land_use_code": "1207",
    "land_use_name_zh": "城镇道路用地",
    "source_type": "agent_generated_design",
    "confidence": "medium",
    "geometry_role": "design_proposal",
    "area_sqm": 13659.5
   },
   "geometry": {
    "type": "Polygon",
    "coordinates": [
     [
      [
       116.34209999999999,
       39.97619999999991
      ],
      [
       116.34329999999999,
       39.97619999999991
      ],
      [
       116.34329999999999,
       39.974999999999916
      ],
      [
       116.34209999999999,
       39.974999999999916
      ],
      [
       116.34209999999999,
       39.97619999999991
      ]
     ]
    ]
   }
  },
  {
   "type": "Feature",
   "id": "LU-00141",
   "properties": {
    "id": "LU-00141",
    "layer": "LAND_USE",
    "land_use_code": "0701",
    "land_use_name_zh": "城镇住宅用地",
    "source_type": "agent_generated_design",
    "confidence": "medium",
    "geometry_role": "design_proposal",
    "area_sqm": 13659.2
   },
   "geometry": {
    "type": "Polygon",
    "coordinates": [
     [
      [
       116.34209999999999,
       39.97739999999991
      ],
      [
       116.34329999999999,
       39.97739999999991
      ],
      [
       116.34329999999999,
       39.97619999999991
      ],
      [
       116.34209999999999,
       39.97619999999991
      ],
      [
       116.34209999999999,
       39.97739999999991
      ]
     ]
    ]
   }
  },
  {
   "type": "Feature",
   "id": "LU-00142",
   "properties": {
    "id": "LU-00142",
    "layer": "LAND_USE",
    "land_use_code": "0701",
    "land_use_name_zh": "城镇住宅用地",
    "source_type": "agent_generated_design",
    "confidence": "medium",
    "geometry_role": "design_proposal",
    "area_sqm": 13659.0
   },
   "geometry": {
    "type": "Polygon",
    "coordinates": [
     [
      [
       116.34209999999999,
       39.97859999999991
      ],
      [
       116.34329999999999,
       39.97859999999991
      ],
      [
       116.34329999999999,
       39.97739999999991
      ],
      [
       116.34209999999999,
       39.97739999999991
      ],
      [
       116.34209999999999,
       39.97859999999991
      ]
     ]
    ]
   }
  },
  {
   "type": "Feature",
   "id": "LU-00143",
   "properties": {
    "id": "LU-00143",
    "layer": "LAND_USE",
    "land_use_code": "1207",
    "land_use_name_zh": "城镇道路用地",
    "source_type": "agent_generated_design",
    "confidence": "medium",
    "geometry_role": "design_proposal",
    "area_sqm": 13658.8
   },
   "geometry": {
    "type": "Polygon",
    "coordinates": [
     [
      [
       116.34209999999999,
       39.979799999999905
      ],
      [
       116.34329999999999,
       39.979799999999905
      ],
      [
       116.34329999999999,
       39.97859999999991
      ],
      [
       116.34209999999999,
       39.97859999999991
      ],
      [
       116.34209999999999,
       39.979799999999905
      ]
     ]
    ]
   }
  },
  {
   "type": "Feature",
   "id": "LU-00144",
   "properties": {
    "id": "LU-00144",
    "layer": "LAND_USE",
    "land_use_code": "0701",
    "land_use_name_zh": "城镇住宅用地",
    "source_type": "agent_generated_design",
    "confidence": "medium",
    "geometry_role": "design_proposal",
    "area_sqm": 13658.5
   },
   "geometry": {
    "type": "Polygon",
    "coordinates": [
     [
      [
       116.34209999999999,
       39.9809999999999
      ],
      [
       116.34329999999999,
       39.9809999999999
      ],
      [
       116.34329999999999,
       39.979799999999905
      ],
      [
       116.34209999999999,
       39.979799999999905
      ],
      [
       116.34209999999999,
       39.9809999999999
      ]
     ]
    ]
   }
  },
  {
   "type": "Feature",
   "id": "LU-00145",
   "properties": {
    "id": "LU-00145",
    "layer": "LAND_USE",
    "land_use_code": "0701",
    "land_use_name_zh": "城镇住宅用地",
    "source_type": "agent_generated_design",
    "confidence": "medium",
    "geometry_role": "design_proposal",
    "area_sqm": 13658.3
   },
   "geometry": {
    "type": "Polygon",
    "coordinates": [
     [
      [
       116.34209999999999,
       39.9821999999999
      ],
      [
       116.34329999999999,
       39.9821999999999
      ],
      [
       116.34329999999999,
       39.9809999999999
      ],
      [
       116.34209999999999,
       39.9809999999999
      ],
      [
       116.34209999999999,
       39.9821999999999
      ]
     ]
    ]
   }
  },
  {
   "type": "Feature",
   "id": "LU-00146",
   "properties": {
    "id": "LU-00146",
    "layer": "LAND_USE",
    "land_use_code": "0701",
    "land_use_name_zh": "城镇住宅用地",
    "source_type": "agent_generated_design",
    "confidence": "medium",
    "geometry_role": "design_proposal",
    "area_sqm": 13658.1
   },
   "geometry": {
    "type": "Polygon",
    "coordinates": [
     [
      [
       116.34209999999999,
       39.9833999999999
      ],
      [
       116.34329999999999,
       39.9833999999999
      ],
      [
       116.34329999999999,
       39.9821999999999
      ],
      [
       116.34209999999999,
       39.9821999999999
      ],
      [
       116.34209999999999,
       39.9833999999999
      ]
     ]
    ]
   }
  },
  {
   "type": "Feature",
   "id": "LU-00147",
   "properties": {
    "id": "LU-00147",
    "layer": "LAND_USE",
    "land_use_code": "0701",
    "land_use_name_zh": "城镇住宅用地",
    "source_type": "agent_generated_design",
    "confidence": "medium",
    "geometry_role": "design_proposal",
    "area_sqm": 13657.8
   },
   "geometry": {
    "type": "Polygon",
    "coordinates": [
     [
      [
       116.34209999999999,
       39.984599999999894
      ],
      [
       116.34329999999999,
       39.984599999999894
      ],
      [
       116.34329999999999,
       39.9833999999999
      ],
      [
       116.34209999999999,
       39.9833999999999
      ],
      [
       116.34209999999999,
       39.984599999999894
      ]
     ]
    ]
   }
  },
  {
   "type": "Feature",
   "id": "LU-00148",
   "properties": {
    "id": "LU-00148",
    "layer": "LAND_USE",
    "land_use_code": "0701",
    "land_use_name_zh": "城镇住宅用地",
    "source_type": "agent_generated_design",
    "confidence": "medium",
    "geometry_role": "design_proposal",
    "area_sqm": 13657.6
   },
   "geometry": {
    "type": "Polygon",
    "coordinates": [
     [
      [
       116.34209999999999,
       39.98579999999989
      ],
      [
       116.34329999999999,
       39.98579999999989
      ],
      [
       116.34329999999999,
       39.984599999999894
      ],
      [
       116.34209999999999,
       39.984599999999894
      ],
      [
       116.34209999999999,
       39.98579999999989
      ]
     ]
    ]
   }
  },
  {
   "type": "Feature",
   "id": "LU-00149",
   "properties": {
    "id": "LU-00149",
    "layer": "LAND_USE",
    "land_use_code": "0701",
    "land_use_name_zh": "城镇住宅用地",
    "source_type": "agent_generated_design",
    "confidence": "medium",
    "geometry_role": "design_proposal",
    "area_sqm": 13657.3
   },
   "geometry": {
    "type": "Polygon",
    "coordinates": [
     [
      [
       116.34209999999999,
       39.98699999999989
      ],
      [
       116.34329999999999,
       39.98699999999989
      ],
      [
       116.34329999999999,
       39.98579999999989
      ],
      [
       116.34209999999999,
       39.98579999999989
      ],
      [
       116.34209999999999,
       39.98699999999989
      ]
     ]
    ]
   }
  },
  {
   "type": "Feature",
   "id": "LU-00150",
   "properties": {
    "id": "LU-00150",
    "layer": "LAND_USE",
    "land_use_code": "0702",
    "land_use_name_zh": "城镇社区服务设施用地",
    "source_type": "agent_generated_design",
    "confidence": "medium",
    "geometry_role": "design_proposal",
    "area_sqm": 13657.1
   },
   "geometry": {
    "type": "Polygon",
    "coordinates": [
     [
      [
       116.34209999999999,
       39.988199999999885
      ],
      [
       116.34329999999999,
       39.988199999999885
      ],
      [
       116.34329999999999,
       39.98699999999989
      ],
      [
       116.34209999999999,
       39.98699999999989
      ],
      [
       116.34209999999999,
       39.988199999999885
      ]
     ]
    ]
   }
  },
  {
   "type": "Feature",
   "id": "LU-00151",
   "properties": {
    "id": "LU-00151",
    "layer": "LAND_USE",
    "land_use_code": "0702",
    "land_use_name_zh": "城镇社区服务设施用地",
    "source_type": "agent_generated_design",
    "confidence": "medium",
    "geometry_role": "design_proposal",
    "area_sqm": 13656.9
   },
   "geometry": {
    "type": "Polygon",
    "coordinates": [
     [
      [
       116.34209999999999,
       39.98939999999988
      ],
      [
       116.34329999999999,
       39.98939999999988
      ],
      [
       116.34329999999999,
       39.988199999999885
      ],
      [
       116.34209999999999,
       39.988199999999885
      ],
      [
       116.34209999999999,
       39.98939999999988
      ]
     ]
    ]
   }
  },
  {
   "type": "Feature",
   "id": "LU-00152",
   "properties": {
    "id": "LU-00152",
    "layer": "LAND_USE",
    "land_use_code": "0702",
    "land_use_name_zh": "城镇社区服务设施用地",
    "source_type": "agent_generated_design",
    "confidence": "medium",
    "geometry_role": "design_proposal",
    "area_sqm": 13656.6
   },
   "geometry": {
    "type": "Polygon",
    "coordinates": [
     [
      [
       116.34209999999999,
       39.99059999999988
      ],
      [
       116.34329999999999,
       39.99059999999988
      ],
      [
       116.34329999999999,
       39.98939999999988
      ],
      [
       116.34209999999999,
       39.98939999999988
      ],
      [
       116.34209999999999,
       39.99059999999988
      ]
     ]
    ]
   }
  },
  {
   "type": "Feature",
   "id": "LU-00153",
   "properties": {
    "id": "LU-00153",
    "layer": "LAND_USE",
    "land_use_code": "0804",
    "land_use_name_zh": "教育科研用地",
    "source_type": "agent_generated_design",
    "confidence": "medium",
    "geometry_role": "design_proposal",
    "area_sqm": 13656.4
   },
   "geometry": {
    "type": "Polygon",
    "coordinates": [
     [
      [
       116.34209999999999,
       39.99179999999988
      ],
      [
       116.34329999999999,
       39.99179999999988
      ],
      [
       116.34329999999999,
       39.99059999999988
      ],
      [
       116.34209999999999,
       39.99059999999988
      ],
      [
       116.34209999999999,
       39.99179999999988
      ]
     ]
    ]
   }
  },
  {
   "type": "Feature",
   "id": "LU-00154",
   "properties": {
    "id": "LU-00154",
    "layer": "LAND_USE",
    "land_use_code": "0804",
    "land_use_name_zh": "教育科研用地",
    "source_type": "agent_generated_design",
    "confidence": "medium",
    "geometry_role": "design_proposal",
    "area_sqm": 13656.2
   },
   "geometry": {
    "type": "Polygon",
    "coordinates": [
     [
      [
       116.34209999999999,
       39.992999999999874
      ],
      [
       116.34329999999999,
       39.992999999999874
      ],
      [
       116.34329999999999,
       39.99179999999988
      ],
      [
       116.34209999999999,
       39.99179999999988
      ],
      [
       116.34209999999999,
       39.992999999999874
      ]
     ]
    ]
   }
  },
  {
   "type": "Feature",
   "id": "LU-00155",
   "properties": {
    "id": "LU-00155",
    "layer": "LAND_USE",
    "land_use_code": "0701",
    "land_use_name_zh": "城镇住宅用地",
    "source_type": "agent_generated_design",
    "confidence": "medium",
    "geometry_role": "design_proposal",
    "area_sqm": 13655.9
   },
   "geometry": {
    "type": "Polygon",
    "coordinates": [
     [
      [
       116.34209999999999,
       39.99419999999987
      ],
      [
       116.34329999999999,
       39.99419999999987
      ],
      [
       116.34329999999999,
       39.992999999999874
      ],
      [
       116.34209999999999,
       39.992999999999874
      ],
      [
       116.34209999999999,
       39.99419999999987
      ]
     ]
    ]
   }
  },
  {
   "type": "Feature",
   "id": "LU-00156",
   "properties": {
    "id": "LU-00156",
    "layer": "LAND_USE",
    "land_use_code": "0701",
    "land_use_name_zh": "城镇住宅用地",
    "source_type": "agent_generated_design",
    "confidence": "medium",
    "geometry_role": "design_proposal",
    "area_sqm": 13655.7
   },
   "geometry": {
    "type": "Polygon",
    "coordinates": [
     [
      [
       116.34209999999999,
       39.99539999999987
      ],
      [
       116.34329999999999,
       39.99539999999987
      ],
      [
       116.34329999999999,
       39.99419999999987
      ],
      [
       116.34209999999999,
       39.99419999999987
      ],
      [
       116.34209999999999,
       39.99539999999987
      ]
     ]
    ]
   }
  },
  {
   "type": "Feature",
   "id": "LU-00157",
   "properties": {
    "id": "LU-00157",
    "layer": "LAND_USE",
    "land_use_code": "0801",
    "land_use_name_zh": "机关团体用地",
    "source_type": "agent_generated_design",
    "confidence": "medium",
    "geometry_role": "design_proposal",
    "area_sqm": 13655.5
   },
   "geometry": {
    "type": "Polygon",
    "coordinates": [
     [
      [
       116.34209999999999,
       39.996599999999866
      ],
      [
       116.34329999999999,
       39.996599999999866
      ],
      [
       116.34329999999999,
       39.99539999999987
      ],
      [
       116.34209999999999,
       39.99539999999987
      ],
      [
       116.34209999999999,
       39.996599999999866
      ]
     ]
    ]
   }
  },
  {
   "type": "Feature",
   "id": "LU-00158",
   "properties": {
    "id": "LU-00158",
    "layer": "LAND_USE",
    "land_use_code": "0901",
    "land_use_name_zh": "商业用地",
    "source_type": "agent_generated_design",
    "confidence": "medium",
    "geometry_role": "design_proposal",
    "area_sqm": 13655.2
   },
   "geometry": {
    "type": "Polygon",
    "coordinates": [
     [
      [
       116.34209999999999,
       39.99779999999986
      ],
      [
       116.34329999999999,
       39.99779999999986
      ],
      [
       116.34329999999999,
       39.996599999999866
      ],
      [
       116.34209999999999,
       39.996599999999866
      ],
      [
       116.34209999999999,
       39.99779999999986
      ]
     ]
    ]
   }
  },
  {
   "type": "Feature",
   "id": "LU-00159",
   "properties": {
    "id": "LU-00159",
    "layer": "LAND_USE",
    "land_use_code": "0701",
    "land_use_name_zh": "城镇住宅用地",
    "source_type": "agent_generated_design",
    "confidence": "medium",
    "geometry_role": "design_proposal",
    "area_sqm": 13655.0
   },
   "geometry": {
    "type": "Polygon",
    "coordinates": [
     [
      [
       116.34209999999999,
       39.99899999999986
      ],
      [
       116.34329999999999,
       39.99899999999986
      ],
      [
       116.34329999999999,
       39.99779999999986
      ],
      [
       116.34209999999999,
       39.99779999999986
      ],
      [
       116.34209999999999,
       39.99899999999986
      ]
     ]
    ]
   }
  },
  {
   "type": "Feature",
   "id": "LU-00160",
   "properties": {
    "id": "LU-00160",
    "layer": "LAND_USE",
    "land_use_code": "1207",
    "land_use_name_zh": "城镇道路用地",
    "source_type": "agent_generated_design",
    "confidence": "medium",
    "geometry_role": "design_proposal",
    "area_sqm": 13654.8
   },
   "geometry": {
    "type": "Polygon",
    "coordinates": [
     [
      [
       116.34209999999999,
       40.00019999999986
      ],
      [
       116.34329999999999,
       40.00019999999986
      ],
      [
       116.34329999999999,
       39.99899999999986
      ],
      [
       116.34209999999999,
       39.99899999999986
      ],
      [
       116.34209999999999,
       40.00019999999986
      ]
     ]
    ]
   }
  },
  {
   "type": "Feature",
   "id": "LU-00161",
   "properties": {
    "id": "LU-00161",
    "layer": "LAND_USE",
    "land_use_code": "0701",
    "land_use_name_zh": "城镇住宅用地",
    "source_type": "agent_generated_design",
    "confidence": "medium",
    "geometry_role": "design_proposal",
    "area_sqm": 13654.5
   },
   "geometry": {
    "type": "Polygon",
    "coordinates": [
     [
      [
       116.34209999999999,
       40.001399999999855
      ],
      [
       116.34329999999999,
       40.001399999999855
      ],
      [
       116.34329999999999,
       40.00019999999986
      ],
      [
       116.34209999999999,
       40.00019999999986
      ],
      [
       116.34209999999999,
       40.001399999999855
      ]
     ]
    ]
   }
  },
  {
   "type": "Feature",
   "id": "LU-00162",
   "properties": {
    "id": "LU-00162",
    "layer": "LAND_USE",
    "land_use_code": "0701",
    "land_use_name_zh": "城镇住宅用地",
    "source_type": "agent_generated_design",
    "confidence": "medium",
    "geometry_role": "design_proposal",
    "area_sqm": 13654.3
   },
   "geometry": {
    "type": "Polygon",
    "coordinates": [
     [
      [
       116.34209999999999,
       40.00259999999985
      ],
      [
       116.34329999999999,
       40.00259999999985
      ],
      [
       116.34329999999999,
       40.001399999999855
      ],
      [
       116.34209999999999,
       40.001399999999855
      ],
      [
       116.34209999999999,
       40.00259999999985
      ]
     ]
    ]
   }
  },
  {
   "type": "Feature",
   "id": "LU-00163",
   "properties": {
    "id": "LU-00163",
    "layer": "LAND_USE",
    "land_use_code": "1207",
    "land_use_name_zh": "城镇道路用地",
    "source_type": "agent_generated_design",
    "confidence": "medium",
    "geometry_role": "design_proposal",
    "area_sqm": 13654.0
   },
   "geometry": {
    "type": "Polygon",
    "coordinates": [
     [
      [
       116.34209999999999,
       40.00379999999985
      ],
      [
       116.34329999999999,
       40.00379999999985
      ],
      [
       116.34329999999999,
       40.00259999999985
      ],
      [
       116.34209999999999,
       40.00259999999985
      ],
      [
       116.34209999999999,
       40.00379999999985
      ]
     ]
    ]
   }
  },
  {
   "type": "Feature",
   "id": "LU-00164",
   "properties": {
    "id": "LU-00164",
    "layer": "LAND_USE",
    "land_use_code": "0801",
    "land_use_name_zh": "机关团体用地",
    "source_type": "agent_generated_design",
    "confidence": "medium",
    "geometry_role": "design_proposal",
    "area_sqm": 13653.8
   },
   "geometry": {
    "type": "Polygon",
    "coordinates": [
     [
      [
       116.34209999999999,
       40.004999999999846
      ],
      [
       116.34329999999999,
       40.004999999999846
      ],
      [
       116.34329999999999,
       40.00379999999985
      ],
      [
       116.34209999999999,
       40.00379999999985
      ],
      [
       116.34209999999999,
       40.004999999999846
      ]
     ]
    ]
   }
  },
  {
   "type": "Feature",
   "id": "LU-00165",
   "properties": {
    "id": "LU-00165",
    "layer": "LAND_USE",
    "land_use_code": "0701",
    "land_use_name_zh": "城镇住宅用地",
    "source_type": "agent_generated_design",
    "confidence": "medium",
    "geometry_role": "design_proposal",
    "area_sqm": 13653.6
   },
   "geometry": {
    "type": "Polygon",
    "coordinates": [
     [
      [
       116.34209999999999,
       40.00619999999984
      ],
      [
       116.34329999999999,
       40.00619999999984
      ],
      [
       116.34329999999999,
       40.004999999999846
      ],
      [
       116.34209999999999,
       40.004999999999846
      ],
      [
       116.34209999999999,
       40.00619999999984
      ]
     ]
    ]
   }
  },
  {
   "type": "Feature",
   "id": "LU-00166",
   "properties": {
    "id": "LU-00166",
    "layer": "LAND_USE",
    "land_use_code": "0701",
    "land_use_name_zh": "城镇住宅用地",
    "source_type": "agent_generated_design",
    "confidence": "medium",
    "geometry_role": "design_proposal",
    "area_sqm": 13653.3
   },
   "geometry": {
    "type": "Polygon",
    "coordinates": [
     [
      [
       116.34209999999999,
       40.00739999999984
      ],
      [
       116.34329999999999,
       40.00739999999984
      ],
      [
       116.34329999999999,
       40.00619999999984
      ],
      [
       116.34209999999999,
       40.00619999999984
      ],
      [
       116.34209999999999,
       40.00739999999984
      ]
     ]
    ]
   }
  },
  {
   "type": "Feature",
   "id": "LU-00167",
   "properties": {
    "id": "LU-00167",
    "layer": "LAND_USE",
    "land_use_code": "0701",
    "land_use_name_zh": "城镇住宅用地",
    "source_type": "agent_generated_design",
    "confidence": "medium",
    "geometry_role": "design_proposal",
    "area_sqm": 13653.1
   },
   "geometry": {
    "type": "Polygon",
    "coordinates": [
     [
      [
       116.34209999999999,
       40.00859999999984
      ],
      [
       116.34329999999999,
       40.00859999999984
      ],
      [
       116.34329999999999,
       40.00739999999984
      ],
      [
       116.34209999999999,
       40.00739999999984
      ],
      [
       116.34209999999999,
       40.00859999999984
      ]
     ]
    ]
   }
  },
  {
   "type": "Feature",
   "id": "LU-00168",
   "properties": {
    "id": "LU-00168",
    "layer": "LAND_USE",
    "land_use_code": "0901",
    "land_use_name_zh": "商业用地",
    "source_type": "agent_generated_design",
    "confidence": "medium",
    "geometry_role": "design_proposal",
    "area_sqm": 13652.9
   },
   "geometry": {
    "type": "Polygon",
    "coordinates": [
     [
      [
       116.34209999999999,
       40.009799999999835
      ],
      [
       116.34329999999999,
       40.009799999999835
      ],
      [
       116.34329999999999,
       40.00859999999984
      ],
      [
       116.34209999999999,
       40.00859999999984
      ],
      [
       116.34209999999999,
       40.009799999999835
      ]
     ]
    ]
   }
  },
  {
   "type": "Feature",
   "id": "LU-00169",
   "properties": {
    "id": "LU-00169",
    "layer": "LAND_USE",
    "land_use_code": "0701",
    "land_use_name_zh": "城镇住宅用地",
    "source_type": "agent_generated_design",
    "confidence": "medium",
    "geometry_role": "design_proposal",
    "area_sqm": 13652.6
   },
   "geometry": {
    "type": "Polygon",
    "coordinates": [
     [
      [
       116.34209999999999,
       40.01099999999983
      ],
      [
       116.34329999999999,
       40.01099999999983
      ],
      [
       116.34329999999999,
       40.009799999999835
      ],
      [
       116.34209999999999,
       40.009799999999835
      ],
      [
       116.34209999999999,
       40.01099999999983
      ]
     ]
    ]
   }
  },
  {
   "type": "Feature",
   "id": "LU-00170",
   "properties": {
    "id": "LU-00170",
    "layer": "LAND_USE",
    "land_use_code": "1207",
    "land_use_name_zh": "城镇道路用地",
    "source_type": "agent_generated_design",
    "confidence": "medium",
    "geometry_role": "design_proposal",
    "area_sqm": 13652.4
   },
   "geometry": {
    "type": "Polygon",
    "coordinates": [
     [
      [
       116.34209999999999,
       40.01219999999983
      ],
      [
       116.34329999999999,
       40.01219999999983
      ],
      [
       116.34329999999999,
       40.01099999999983
      ],
      [
       116.34209999999999,
       40.01099999999983
      ],
      [
       116.34209999999999,
       40.01219999999983
      ]
     ]
    ]
   }
  },
  {
   "type": "Feature",
   "id": "LU-00171",
   "properties": {
    "id": "LU-00171",
    "layer": "LAND_USE",
    "land_use_code": "0801",
    "land_use_name_zh": "机关团体用地",
    "source_type": "agent_generated_design",
    "confidence": "medium",
    "geometry_role": "design_proposal",
    "area_sqm": 13652.2
   },
   "geometry": {
    "type": "Polygon",
    "coordinates": [
     [
      [
       116.34209999999999,
       40.01339999999983
      ],
      [
       116.34329999999999,
       40.01339999999983
      ],
      [
       116.34329999999999,
       40.01219999999983
      ],
      [
       116.34209999999999,
       40.01219999999983
      ],
      [
       116.34209999999999,
       40.01339999999983
      ]
     ]
    ]
   }
  },
  {
   "type": "Feature",
   "id": "LU-00172",
   "properties": {
    "id": "LU-00172",
    "layer": "LAND_USE",
    "land_use_code": "0701",
    "land_use_name_zh": "城镇住宅用地",
    "source_type": "agent_generated_design",
    "confidence": "medium",
    "geometry_role": "design_proposal",
    "area_sqm": 13614.9
   },
   "geometry": {
    "type": "Polygon",
    "coordinates": [
     [
      [
       116.34329999999999,
       40.014599999999824
      ],
      [
       116.34329999999999,
       40.01339999999983
      ],
      [
       116.34209999999999,
       40.01339999999983
      ],
      [
       116.34209999999999,
       40.01419999999977
      ],
      [
       116.34211951219511,
       40.014599999999824
      ],
      [
       116.34329999999999,
       40.014599999999824
      ]
     ]
    ]
   }
  },
  {
   "type": "Feature",
   "id": "LU-00173",
   "properties": {
    "id": "LU-00173",
    "layer": "LAND_USE",
    "land_use_code": "1207",
    "land_use_name_zh": "城镇道路用地",
    "source_type": "agent_generated_design",
    "confidence": "medium",
    "geometry_role": "design_proposal",
    "area_sqm": 13096.7
   },
   "geometry": {
    "type": "Polygon",
    "coordinates": [
     [
      [
       116.34329999999999,
       40.01579999999982
      ],
      [
       116.34329999999999,
       40.014599999999824
      ],
      [
       116.34211951219511,
       40.014599999999824
      ],
      [
       116.34217804878048,
       40.01579999999982
      ],
      [
       116.34329999999999,
       40.01579999999982
      ]
     ]
    ]
   }
  },
  {
   "type": "Feature",
   "id": "LU-00174",
   "properties": {
    "id": "LU-00174",
    "layer": "LAND_USE",
    "land_use_code": "0701",
    "land_use_name_zh": "城镇住宅用地",
    "source_type": "agent_generated_design",
    "confidence": "medium",
    "geometry_role": "design_proposal",
    "area_sqm": 12430.6
   },
   "geometry": {
    "type": "Polygon",
    "coordinates": [
     [
      [
       116.34329999999999,
       40.01699999999982
      ],
      [
       116.34329999999999,
       40.01579999999982
      ],
      [
       116.34217804878048,
       40.01579999999982
      ],
      [
       116.34223658536584,
       40.01699999999982
      ],
      [
       116.34329999999999,
       40.01699999999982
      ]
     ]
    ]
   }
  },
  {
   "type": "Feature",
   "id": "LU-00175",
   "properties": {
    "id": "LU-00175",
    "layer": "LAND_USE",
    "land_use_code": "0701",
    "land_use_name_zh": "城镇住宅用地",
    "source_type": "agent_generated_design",
    "confidence": "medium",
    "geometry_role": "design_proposal",
    "area_sqm": 11764.5
   },
   "geometry": {
    "type": "Polygon",
    "coordinates": [
     [
      [
       116.34329999999999,
       40.018199999999815
      ],
      [
       116.34329999999999,
       40.01699999999982
      ],
      [
       116.34223658536584,
       40.01699999999982
      ],
      [
       116.34229512195121,
       40.018199999999815
      ],
      [
       116.34329999999999,
       40.018199999999815
      ]
     ]
    ]
   }
  },
  {
   "type": "Feature",
   "id": "LU-00176",
   "properties": {
    "id": "LU-00176",
    "layer": "LAND_USE",
    "land_use_code": "0701",
    "land_use_name_zh": "城镇住宅用地",
    "source_type": "agent_generated_design",
    "confidence": "medium",
    "geometry_role": "design_proposal",
    "area_sqm": 11098.4
   },
   "geometry": {
    "type": "Polygon",
    "coordinates": [
     [
      [
       116.34329999999999,
       40.01939999999981
      ],
      [
       116.34329999999999,
       40.018199999999815
      ],
      [
       116.34229512195121,
       40.018199999999815
      ],
      [
       116.34235365853657,
       40.01939999999981
      ],
      [
       116.34329999999999,
       40.01939999999981
      ]
     ]
    ]
   }
  },
  {
   "type": "Feature",
   "id": "LU-00177",
   "properties": {
    "id": "LU-00177",
    "layer": "LAND_USE",
    "land_use_code": "0701",
    "land_use_name_zh": "城镇住宅用地",
    "source_type": "agent_generated_design",
    "confidence": "medium",
    "geometry_role": "design_proposal",
    "area_sqm": 10432.3
   },
   "geometry": {
    "type": "Polygon",
    "coordinates": [
     [
      [
       116.34329999999999,
       40.02059999999981
      ],
      [
       116.34329999999999,
       40.01939999999981
      ],
      [
       116.34235365853657,
       40.01939999999981
      ],
      [
       116.34241219512194,
       40.02059999999981
      ],
      [
       116.34329999999999,
       40.02059999999981
      ]
     ]
    ]
   }
  },
  {
   "type": "Feature",
   "id": "LU-00178",
   "properties": {
    "id": "LU-00178",
    "layer": "LAND_USE",
    "land_use_code": "0901",
    "land_use_name_zh": "商业用地",
    "source_type": "agent_generated_design",
    "confidence": "medium",
    "geometry_role": "design_proposal",
    "area_sqm": 9766.2
   },
   "geometry": {
    "type": "Polygon",
    "coordinates": [
     [
      [
       116.34329999999999,
       40.02179999999981
      ],
      [
       116.34329999999999,
       40.02059999999981
      ],
      [
       116.34241219512194,
       40.02059999999981
      ],
      [
       116.34247073170731,
       40.02179999999981
      ],
      [
       116.34329999999999,
       40.02179999999981
      ]
     ]
    ]
   }
  },
  {
   "type": "Feature",
   "id": "LU-00179",
   "properties": {
    "id": "LU-00179",
    "layer": "LAND_USE",
    "land_use_code": "0701",
    "land_use_name_zh": "城镇住宅用地",
    "source_type": "agent_generated_design",
    "confidence": "medium",
    "geometry_role": "design_proposal",
    "area_sqm": 9100.2
   },
   "geometry": {
    "type": "Polygon",
    "coordinates": [
     [
      [
       116.34329999999999,
       40.022999999999804
      ],
      [
       116.34329999999999,
       40.02179999999981
      ],
      [
       116.34247073170731,
       40.02179999999981
      ],
      [
       116.34252926829267,
       40.022999999999804
      ],
      [
       116.34329999999999,
       40.022999999999804
      ]
     ]
    ]
   }
  },
  {
   "type": "Feature",
   "id": "LU-00180",
   "properties": {
    "id": "LU-00180",
    "layer": "LAND_USE",
    "land_use_code": "1207",
    "land_use_name_zh": "城镇道路用地",
    "source_type": "agent_generated_design",
    "confidence": "medium",
    "geometry_role": "design_proposal",
    "area_sqm": 8434.2
   },
   "geometry": {
    "type": "Polygon",
    "coordinates": [
     [
      [
       116.34329999999999,
       40.0241999999998
      ],
      [
       116.34329999999999,
       40.022999999999804
      ],
      [
       116.34252926829267,
       40.022999999999804
      ],
      [
       116.34258780487804,
       40.0241999999998
      ],
      [
       116.34329999999999,
       40.0241999999998
      ]
     ]
    ]
   }
  },
  {
   "type": "Feature",
   "id": "LU-00181",
   "properties": {
    "id": "LU-00181",
    "layer": "LAND_USE",
    "land_use_code": "0701",
    "land_use_name_zh": "城镇住宅用地",
    "source_type": "agent_generated_design",
    "confidence": "medium",
    "geometry_role": "design_proposal",
    "area_sqm": 7768.2
   },
   "geometry": {
    "type": "Polygon",
    "coordinates": [
     [
      [
       116.34329999999999,
       40.0253999999998
      ],
      [
       116.34329999999999,
       40.0241999999998
      ],
      [
       116.34258780487804,
       40.0241999999998
      ],
      [
       116.3426463414634,
       40.0253999999998
      ],
      [
       116.34329999999999,
       40.0253999999998
      ]
     ]
    ]
   }
  },
  {
   "type": "Feature",
   "id": "LU-00182",
   "properties": {
    "id": "LU-00182",
    "layer": "LAND_USE",
    "land_use_code": "0701",
    "land_use_name_zh": "城镇住宅用地",
    "source_type": "agent_generated_design",
    "confidence": "medium",
    "geometry_role": "design_proposal",
    "area_sqm": 6535.8
   },
   "geometry": {
    "type": "Polygon",
    "coordinates": [
     [
      [
       116.34329999999999,
       40.0253999999998
      ],
      [
       116.3426463414634,
       40.0253999999998
      ],
      [
       116.3427,
       40.0265
      ],
      [
       116.34329999999999,
       40.0265
      ],
      [
       116.34329999999999,
       40.0253999999998
      ]
     ]
    ]
   }
  },
  {
   "type": "Feature",
   "id": "LU-00183",
   "properties": {
    "id": "LU-00183",
    "layer": "LAND_USE",
    "land_use_code": "1207",
    "land_use_name_zh": "城镇道路用地",
    "source_type": "agent_generated_design",
    "confidence": "medium",
    "geometry_role": "design_proposal",
    "area_sqm": 13666.5
   },
   "geometry": {
    "type": "Polygon",
    "coordinates": [
     [
      [
       116.34329999999999,
       39.939
      ],
      [
       116.34329999999999,
       39.9402
      ],
      [
       116.34449999999998,
       39.9402
      ],
      [
       116.34449999999998,
       39.939
      ],
      [
       116.34329999999999,
       39.939
      ]
     ]
    ]
   }
  },
  {
   "type": "Feature",
   "id": "LU-00184",
   "properties": {
    "id": "LU-00184",
    "layer": "LAND_USE",
    "land_use_code": "0701",
    "land_use_name_zh": "城镇住宅用地",
    "source_type": "agent_generated_design",
    "confidence": "medium",
    "geometry_role": "design_proposal",
    "area_sqm": 13666.3
   },
   "geometry": {
    "type": "Polygon",
    "coordinates": [
     [
      [
       116.34329999999999,
       39.941399999999994
      ],
      [
       116.34449999999998,
       39.941399999999994
      ],
      [
       116.34449999999998,
       39.9402
      ],
      [
       116.34329999999999,
       39.9402
      ],
      [
       116.34329999999999,
       39.941399999999994
      ]
     ]
    ]
   }
  },
  {
   "type": "Feature",
   "id": "LU-00185",
   "properties": {
    "id": "LU-00185",
    "layer": "LAND_USE",
    "land_use_code": "0701",
    "land_use_name_zh": "城镇住宅用地",
    "source_type": "agent_generated_design",
    "confidence": "medium",
    "geometry_role": "design_proposal",
    "area_sqm": 13666.1
   },
   "geometry": {
    "type": "Polygon",
    "coordinates": [
     [
      [
       116.34329999999999,
       39.94259999999999
      ],
      [
       116.34449999999998,
       39.94259999999999
      ],
      [
       116.34449999999998,
       39.941399999999994
      ],
      [
       116.34329999999999,
       39.941399999999994
      ],
      [
       116.34329999999999,
       39.94259999999999
      ]
     ]
    ]
   }
  },
  {
   "type": "Feature",
   "id": "LU-00186",
   "properties": {
    "id": "LU-00186",
    "layer": "LAND_USE",
    "land_use_code": "1207",
    "land_use_name_zh": "城镇道路用地",
    "source_type": "agent_generated_design",
    "confidence": "medium",
    "geometry_role": "design_proposal",
    "area_sqm": 13665.8
   },
   "geometry": {
    "type": "Polygon",
    "coordinates": [
     [
      [
       116.34329999999999,
       39.94379999999999
      ],
      [
       116.34449999999998,
       39.94379999999999
      ],
      [
       116.34449999999998,
       39.94259999999999
      ],
      [
       116.34329999999999,
       39.94259999999999
      ],
      [
       116.34329999999999,
       39.94379999999999
      ]
     ]
    ]
   }
  },
  {
   "type": "Feature",
   "id": "LU-00187",
   "properties": {
    "id": "LU-00187",
    "layer": "LAND_USE",
    "land_use_code": "0902",
    "land_use_name_zh": "商务金融用地 / AI 总部",
    "source_type": "agent_generated_design",
    "confidence": "medium",
    "geometry_role": "design_proposal",
    "area_sqm": 13665.6
   },
   "geometry": {
    "type": "Polygon",
    "coordinates": [
     [
      [
       116.34329999999999,
       39.944999999999986
      ],
      [
       116.34449999999998,
       39.944999999999986
      ],
      [
       116.34449999999998,
       39.94379999999999
      ],
      [
       116.34329999999999,
       39.94379999999999
      ],
      [
       116.34329999999999,
       39.944999999999986
      ]
     ]
    ]
   }
  },
  {
   "type": "Feature",
   "id": "LU-00188",
   "properties": {
    "id": "LU-00188",
    "layer": "LAND_USE",
    "land_use_code": "0902",
    "land_use_name_zh": "商务金融用地 / AI 总部",
    "source_type": "agent_generated_design",
    "confidence": "medium",
    "geometry_role": "design_proposal",
    "area_sqm": 13665.4
   },
   "geometry": {
    "type": "Polygon",
    "coordinates": [
     [
      [
       116.34329999999999,
       39.94619999999998
      ],
      [
       116.34449999999998,
       39.94619999999998
      ],
      [
       116.34449999999998,
       39.944999999999986
      ],
      [
       116.34329999999999,
       39.944999999999986
      ],
      [
       116.34329999999999,
       39.94619999999998
      ]
     ]
    ]
   }
  },
  {
   "type": "Feature",
   "id": "LU-00189",
   "properties": {
    "id": "LU-00189",
    "layer": "LAND_USE",
    "land_use_code": "0902",
    "land_use_name_zh": "商务金融用地 / AI 总部",
    "source_type": "agent_generated_design",
    "confidence": "medium",
    "geometry_role": "design_proposal",
    "area_sqm": 13665.1
   },
   "geometry": {
    "type": "Polygon",
    "coordinates": [
     [
      [
       116.34329999999999,
       39.94739999999998
      ],
      [
       116.34449999999998,
       39.94739999999998
      ],
      [
       116.34449999999998,
       39.94619999999998
      ],
      [
       116.34329999999999,
       39.94619999999998
      ],
      [
       116.34329999999999,
       39.94739999999998
      ]
     ]
    ]
   }
  },
  {
   "type": "Feature",
   "id": "LU-00190",
   "properties": {
    "id": "LU-00190",
    "layer": "LAND_USE",
    "land_use_code": "0902",
    "land_use_name_zh": "商务金融用地 / AI 总部",
    "source_type": "agent_generated_design",
    "confidence": "medium",
    "geometry_role": "design_proposal",
    "area_sqm": 13664.9
   },
   "geometry": {
    "type": "Polygon",
    "coordinates": [
     [
      [
       116.34329999999999,
       39.94859999999998
      ],
      [
       116.34449999999998,
       39.94859999999998
      ],
      [
       116.34449999999998,
       39.94739999999998
      ],
      [
       116.34329999999999,
       39.94739999999998
      ],
      [
       116.34329999999999,
       39.94859999999998
      ]
     ]
    ]
   }
  },
  {
   "type": "Feature",
   "id": "LU-00191",
   "properties": {
    "id": "LU-00191",
    "layer": "LAND_USE",
    "land_use_code": "0902",
    "land_use_name_zh": "商务金融用地 / AI 总部",
    "source_type": "agent_generated_design",
    "confidence": "medium",
    "geometry_role": "design_proposal",
    "area_sqm": 13664.7
   },
   "geometry": {
    "type": "Polygon",
    "coordinates": [
     [
      [
       116.34329999999999,
       39.949799999999975
      ],
      [
       116.34449999999998,
       39.949799999999975
      ],
      [
       116.34449999999998,
       39.94859999999998
      ],
      [
       116.34329999999999,
       39.94859999999998
      ],
      [
       116.34329999999999,
       39.949799999999975
      ]
     ]
    ]
   }
  },
  {
   "type": "Feature",
   "id": "LU-00192",
   "properties": {
    "id": "LU-00192",
    "layer": "LAND_USE",
    "land_use_code": "0701",
    "land_use_name_zh": "城镇住宅用地",
    "source_type": "agent_generated_design",
    "confidence": "medium",
    "geometry_role": "design_proposal",
    "area_sqm": 13664.4
   },
   "geometry": {
    "type": "Polygon",
    "coordinates": [
     [
      [
       116.34329999999999,
       39.95099999999997
      ],
      [
       116.34449999999998,
       39.95099999999997
      ],
      [
       116.34449999999998,
       39.949799999999975
      ],
      [
       116.34329999999999,
       39.949799999999975
      ],
      [
       116.34329999999999,
       39.95099999999997
      ]
     ]
    ]
   }
  },
  {
   "type": "Feature",
   "id": "LU-00193",
   "properties": {
    "id": "LU-00193",
    "layer": "LAND_USE",
    "land_use_code": "1207",
    "land_use_name_zh": "城镇道路用地",
    "source_type": "agent_generated_design",
    "confidence": "medium",
    "geometry_role": "design_proposal",
    "area_sqm": 13664.2
   },
   "geometry": {
    "type": "Polygon",
    "coordinates": [
     [
      [
       116.34329999999999,
       39.95219999999997
      ],
      [
       116.34449999999998,
       39.95219999999997
      ],
      [
       116.34449999999998,
       39.95099999999997
      ],
      [
       116.34329999999999,
       39.95099999999997
      ],
      [
       116.34329999999999,
       39.95219999999997
      ]
     ]
    ]
   }
  },
  {
   "type": "Feature",
   "id": "LU-00194",
   "properties": {
    "id": "LU-00194",
    "layer": "LAND_USE",
    "land_use_code": "0801",
    "land_use_name_zh": "机关团体用地",
    "source_type": "agent_generated_design",
    "confidence": "medium",
    "geometry_role": "design_proposal",
    "area_sqm": 13664.0
   },
   "geometry": {
    "type": "Polygon",
    "coordinates": [
     [
      [
       116.34329999999999,
       39.95339999999997
      ],
      [
       116.34449999999998,
       39.95339999999997
      ],
      [
       116.34449999999998,
       39.95219999999997
      ],
      [
       116.34329999999999,
       39.95219999999997
      ],
      [
       116.34329999999999,
       39.95339999999997
      ]
     ]
    ]
   }
  },
  {
   "type": "Feature",
   "id": "LU-00195",
   "properties": {
    "id": "LU-00195",
    "layer": "LAND_USE",
    "land_use_code": "0901",
    "land_use_name_zh": "商业用地",
    "source_type": "agent_generated_design",
    "confidence": "medium",
    "geometry_role": "design_proposal",
    "area_sqm": 13663.7
   },
   "geometry": {
    "type": "Polygon",
    "coordinates": [
     [
      [
       116.34329999999999,
       39.954599999999964
      ],
      [
       116.34449999999998,
       39.954599999999964
      ],
      [
       116.34449999999998,
       39.95339999999997
      ],
      [
       116.34329999999999,
       39.95339999999997
      ],
      [
       116.34329999999999,
       39.954599999999964
      ]
     ]
    ]
   }
  },
  {
   "type": "Feature",
   "id": "LU-00196",
   "properties": {
    "id": "LU-00196",
    "layer": "LAND_USE",
    "land_use_code": "1207",
    "land_use_name_zh": "城镇道路用地",
    "source_type": "agent_generated_design",
    "confidence": "medium",
    "geometry_role": "design_proposal",
    "area_sqm": 13663.5
   },
   "geometry": {
    "type": "Polygon",
    "coordinates": [
     [
      [
       116.34329999999999,
       39.95579999999996
      ],
      [
       116.34449999999998,
       39.95579999999996
      ],
      [
       116.34449999999998,
       39.954599999999964
      ],
      [
       116.34329999999999,
       39.954599999999964
      ],
      [
       116.34329999999999,
       39.95579999999996
      ]
     ]
    ]
   }
  },
  {
   "type": "Feature",
   "id": "LU-00197",
   "properties": {
    "id": "LU-00197",
    "layer": "LAND_USE",
    "land_use_code": "0701",
    "land_use_name_zh": "城镇住宅用地",
    "source_type": "agent_generated_design",
    "confidence": "medium",
    "geometry_role": "design_proposal",
    "area_sqm": 13663.2
   },
   "geometry": {
    "type": "Polygon",
    "coordinates": [
     [
      [
       116.34329999999999,
       39.95699999999996
      ],
      [
       116.34449999999998,
       39.95699999999996
      ],
      [
       116.34449999999998,
       39.95579999999996
      ],
      [
       116.34329999999999,
       39.95579999999996
      ],
      [
       116.34329999999999,
       39.95699999999996
      ]
     ]
    ]
   }
  },
  {
   "type": "Feature",
   "id": "LU-00198",
   "properties": {
    "id": "LU-00198",
    "layer": "LAND_USE",
    "land_use_code": "1403",
    "land_use_name_zh": "广场用地 / 公共空间",
    "source_type": "agent_generated_design",
    "confidence": "medium",
    "geometry_role": "design_proposal",
    "area_sqm": 13663.0
   },
   "geometry": {
    "type": "Polygon",
    "coordinates": [
     [
      [
       116.34329999999999,
       39.958199999999955
      ],
      [
       116.34449999999998,
       39.958199999999955
      ],
      [
       116.34449999999998,
       39.95699999999996
      ],
      [
       116.34329999999999,
       39.95699999999996
      ],
      [
       116.34329999999999,
       39.958199999999955
      ]
     ]
    ]
   }
  },
  {
   "type": "Feature",
   "id": "LU-00199",
   "properties": {
    "id": "LU-00199",
    "layer": "LAND_USE",
    "land_use_code": "0701",
    "land_use_name_zh": "城镇住宅用地",
    "source_type": "agent_generated_design",
    "confidence": "medium",
    "geometry_role": "design_proposal",
    "area_sqm": 13662.8
   },
   "geometry": {
    "type": "Polygon",
    "coordinates": [
     [
      [
       116.34329999999999,
       39.95939999999995
      ],
      [
       116.34449999999998,
       39.95939999999995
      ],
      [
       116.34449999999998,
       39.958199999999955
      ],
      [
       116.34329999999999,
       39.958199999999955
      ],
      [
       116.34329999999999,
       39.95939999999995
      ]
     ]
    ]
   }
  },
  {
   "type": "Feature",
   "id": "LU-00200",
   "properties": {
    "id": "LU-00200",
    "layer": "LAND_USE",
    "land_use_code": "0901",
    "land_use_name_zh": "商业用地",
    "source_type": "agent_generated_design",
    "confidence": "medium",
    "geometry_role": "design_proposal",
    "area_sqm": 13662.5
   },
   "geometry": {
    "type": "Polygon",
    "coordinates": [
     [
      [
       116.34329999999999,
       39.96059999999995
      ],
      [
       116.34449999999998,
       39.96059999999995
      ],
      [
       116.34449999999998,
       39.95939999999995
      ],
      [
       116.34329999999999,
       39.95939999999995
      ],
      [
       116.34329999999999,
       39.96059999999995
      ]
     ]
    ]
   }
  },
  {
   "type": "Feature",
   "id": "LU-00201",
   "properties": {
    "id": "LU-00201",
    "layer": "LAND_USE",
    "land_use_code": "1401",
    "land_use_name_zh": "公园绿地 / 京张活力带",
    "source_type": "agent_generated_design",
    "confidence": "medium",
    "geometry_role": "design_proposal",
    "area_sqm": 13662.3
   },
   "geometry": {
    "type": "Polygon",
    "coordinates": [
     [
      [
       116.34329999999999,
       39.96179999999995
      ],
      [
       116.34449999999998,
       39.96179999999995
      ],
      [
       116.34449999999998,
       39.96059999999995
      ],
      [
       116.34329999999999,
       39.96059999999995
      ],
      [
       116.34329999999999,
       39.96179999999995
      ]
     ]
    ]
   }
  },
  {
   "type": "Feature",
   "id": "LU-00202",
   "properties": {
    "id": "LU-00202",
    "layer": "LAND_USE",
    "land_use_code": "1401",
    "land_use_name_zh": "公园绿地 / 京张活力带",
    "source_type": "agent_generated_design",
    "confidence": "medium",
    "geometry_role": "design_proposal",
    "area_sqm": 13662.1
   },
   "geometry": {
    "type": "Polygon",
    "coordinates": [
     [
      [
       116.34329999999999,
       39.962999999999944
      ],
      [
       116.34449999999998,
       39.962999999999944
      ],
      [
       116.34449999999998,
       39.96179999999995
      ],
      [
       116.34329999999999,
       39.96179999999995
      ],
      [
       116.34329999999999,
       39.962999999999944
      ]
     ]
    ]
   }
  },
  {
   "type": "Feature",
   "id": "LU-00203",
   "properties": {
    "id": "LU-00203",
    "layer": "LAND_USE",
    "land_use_code": "1401",
    "land_use_name_zh": "公园绿地 / 京张活力带",
    "source_type": "agent_generated_design",
    "confidence": "medium",
    "geometry_role": "design_proposal",
    "area_sqm": 13661.8
   },
   "geometry": {
    "type": "Polygon",
    "coordinates": [
     [
      [
       116.34329999999999,
       39.96419999999994
      ],
      [
       116.34449999999998,
       39.96419999999994
      ],
      [
       116.34449999999998,
       39.962999999999944
      ],
      [
       116.34329999999999,
       39.962999999999944
      ],
      [
       116.34329999999999,
       39.96419999999994
      ]
     ]
    ]
   }
  },
  {
   "type": "Feature",
   "id": "LU-00204",
   "properties": {
    "id": "LU-00204",
    "layer": "LAND_USE",
    "land_use_code": "1401",
    "land_use_name_zh": "公园绿地 / 京张活力带",
    "source_type": "agent_generated_design",
    "confidence": "medium",
    "geometry_role": "design_proposal",
    "area_sqm": 13661.6
   },
   "geometry": {
    "type": "Polygon",
    "coordinates": [
     [
      [
       116.34329999999999,
       39.96539999999994
      ],
      [
       116.34449999999998,
       39.96539999999994
      ],
      [
       116.34449999999998,
       39.96419999999994
      ],
      [
       116.34329999999999,
       39.96419999999994
      ],
      [
       116.34329999999999,
       39.96539999999994
      ]
     ]
    ]
   }
  },
  {
   "type": "Feature",
   "id": "LU-00205",
   "properties": {
    "id": "LU-00205",
    "layer": "LAND_USE",
    "land_use_code": "1401",
    "land_use_name_zh": "公园绿地 / 京张活力带",
    "source_type": "agent_generated_design",
    "confidence": "medium",
    "geometry_role": "design_proposal",
    "area_sqm": 13661.4
   },
   "geometry": {
    "type": "Polygon",
    "coordinates": [
     [
      [
       116.34329999999999,
       39.966599999999936
      ],
      [
       116.34449999999998,
       39.966599999999936
      ],
      [
       116.34449999999998,
       39.96539999999994
      ],
      [
       116.34329999999999,
       39.96539999999994
      ],
      [
       116.34329999999999,
       39.966599999999936
      ]
     ]
    ]
   }
  },
  {
   "type": "Feature",
   "id": "LU-00206",
   "properties": {
    "id": "LU-00206",
    "layer": "LAND_USE",
    "land_use_code": "1401",
    "land_use_name_zh": "公园绿地 / 京张活力带",
    "source_type": "agent_generated_design",
    "confidence": "medium",
    "geometry_role": "design_proposal",
    "area_sqm": 13661.1
   },
   "geometry": {
    "type": "Polygon",
    "coordinates": [
     [
      [
       116.34329999999999,
       39.96779999999993
      ],
      [
       116.34449999999998,
       39.96779999999993
      ],
      [
       116.34449999999998,
       39.966599999999936
      ],
      [
       116.34329999999999,
       39.966599999999936
      ],
      [
       116.34329999999999,
       39.96779999999993
      ]
     ]
    ]
   }
  },
  {
   "type": "Feature",
   "id": "LU-00207",
   "properties": {
    "id": "LU-00207",
    "layer": "LAND_USE",
    "land_use_code": "1401",
    "land_use_name_zh": "公园绿地 / 京张活力带",
    "source_type": "agent_generated_design",
    "confidence": "medium",
    "geometry_role": "design_proposal",
    "area_sqm": 13660.9
   },
   "geometry": {
    "type": "Polygon",
    "coordinates": [
     [
      [
       116.34329999999999,
       39.96899999999993
      ],
      [
       116.34449999999998,
       39.96899999999993
      ],
      [
       116.34449999999998,
       39.96779999999993
      ],
      [
       116.34329999999999,
       39.96779999999993
      ],
      [
       116.34329999999999,
       39.96899999999993
      ]
     ]
    ]
   }
  },
  {
   "type": "Feature",
   "id": "LU-00208",
   "properties": {
    "id": "LU-00208",
    "layer": "LAND_USE",
    "land_use_code": "1401",
    "land_use_name_zh": "公园绿地 / 京张活力带",
    "source_type": "agent_generated_design",
    "confidence": "medium",
    "geometry_role": "design_proposal",
    "area_sqm": 13660.6
   },
   "geometry": {
    "type": "Polygon",
    "coordinates": [
     [
      [
       116.34329999999999,
       39.97019999999993
      ],
      [
       116.34449999999998,
       39.97019999999993
      ],
      [
       116.34449999999998,
       39.96899999999993
      ],
      [
       116.34329999999999,
       39.96899999999993
      ],
      [
       116.34329999999999,
       39.97019999999993
      ]
     ]
    ]
   }
  },
  {
   "type": "Feature",
   "id": "LU-00209",
   "properties": {
    "id": "LU-00209",
    "layer": "LAND_USE",
    "land_use_code": "1401",
    "land_use_name_zh": "公园绿地 / 京张活力带",
    "source_type": "agent_generated_design",
    "confidence": "medium",
    "geometry_role": "design_proposal",
    "area_sqm": 13660.4
   },
   "geometry": {
    "type": "Polygon",
    "coordinates": [
     [
      [
       116.34329999999999,
       39.971399999999925
      ],
      [
       116.34449999999998,
       39.971399999999925
      ],
      [
       116.34449999999998,
       39.97019999999993
      ],
      [
       116.34329999999999,
       39.97019999999993
      ],
      [
       116.34329999999999,
       39.971399999999925
      ]
     ]
    ]
   }
  },
  {
   "type": "Feature",
   "id": "LU-00210",
   "properties": {
    "id": "LU-00210",
    "layer": "LAND_USE",
    "land_use_code": "1401",
    "land_use_name_zh": "公园绿地 / 京张活力带",
    "source_type": "agent_generated_design",
    "confidence": "medium",
    "geometry_role": "design_proposal",
    "area_sqm": 13660.2
   },
   "geometry": {
    "type": "Polygon",
    "coordinates": [
     [
      [
       116.34329999999999,
       39.97259999999992
      ],
      [
       116.34449999999998,
       39.97259999999992
      ],
      [
       116.34449999999998,
       39.971399999999925
      ],
      [
       116.34329999999999,
       39.971399999999925
      ],
      [
       116.34329999999999,
       39.97259999999992
      ]
     ]
    ]
   }
  },
  {
   "type": "Feature",
   "id": "LU-00211",
   "properties": {
    "id": "LU-00211",
    "layer": "LAND_USE",
    "land_use_code": "1401",
    "land_use_name_zh": "公园绿地 / 京张活力带",
    "source_type": "agent_generated_design",
    "confidence": "medium",
    "geometry_role": "design_proposal",
    "area_sqm": 13659.9
   },
   "geometry": {
    "type": "Polygon",
    "coordinates": [
     [
      [
       116.34329999999999,
       39.97379999999992
      ],
      [
       116.34449999999998,
       39.97379999999992
      ],
      [
       116.34449999999998,
       39.97259999999992
      ],
      [
       116.34329999999999,
       39.97259999999992
      ],
      [
       116.34329999999999,
       39.97379999999992
      ]
     ]
    ]
   }
  },
  {
   "type": "Feature",
   "id": "LU-00212",
   "properties": {
    "id": "LU-00212",
    "layer": "LAND_USE",
    "land_use_code": "0701",
    "land_use_name_zh": "城镇住宅用地",
    "source_type": "agent_generated_design",
    "confidence": "medium",
    "geometry_role": "design_proposal",
    "area_sqm": 13659.7
   },
   "geometry": {
    "type": "Polygon",
    "coordinates": [
     [
      [
       116.34329999999999,
       39.974999999999916
      ],
      [
       116.34449999999998,
       39.974999999999916
      ],
      [
       116.34449999999998,
       39.97379999999992
      ],
      [
       116.34329999999999,
       39.97379999999992
      ],
      [
       116.34329999999999,
       39.974999999999916
      ]
     ]
    ]
   }
  },
  {
   "type": "Feature",
   "id": "LU-00213",
   "properties": {
    "id": "LU-00213",
    "layer": "LAND_USE",
    "land_use_code": "1207",
    "land_use_name_zh": "城镇道路用地",
    "source_type": "agent_generated_design",
    "confidence": "medium",
    "geometry_role": "design_proposal",
    "area_sqm": 13659.5
   },
   "geometry": {
    "type": "Polygon",
    "coordinates": [
     [
      [
       116.34329999999999,
       39.97619999999991
      ],
      [
       116.34449999999998,
       39.97619999999991
      ],
      [
       116.34449999999998,
       39.974999999999916
      ],
      [
       116.34329999999999,
       39.974999999999916
      ],
      [
       116.34329999999999,
       39.97619999999991
      ]
     ]
    ]
   }
  },
  {
   "type": "Feature",
   "id": "LU-00214",
   "properties": {
    "id": "LU-00214",
    "layer": "LAND_USE",
    "land_use_code": "0701",
    "land_use_name_zh": "城镇住宅用地",
    "source_type": "agent_generated_design",
    "confidence": "medium",
    "geometry_role": "design_proposal",
    "area_sqm": 13659.2
   },
   "geometry": {
    "type": "Polygon",
    "coordinates": [
     [
      [
       116.34329999999999,
       39.97739999999991
      ],
      [
       116.34449999999998,
       39.97739999999991
      ],
      [
       116.34449999999998,
       39.97619999999991
      ],
      [
       116.34329999999999,
       39.97619999999991
      ],
      [
       116.34329999999999,
       39.97739999999991
      ]
     ]
    ]
   }
  },
  {
   "type": "Feature",
   "id": "LU-00215",
   "properties": {
    "id": "LU-00215",
    "layer": "LAND_USE",
    "land_use_code": "0901",
    "land_use_name_zh": "商业用地",
    "source_type": "agent_generated_design",
    "confidence": "medium",
    "geometry_role": "design_proposal",
    "area_sqm": 13659.0
   },
   "geometry": {
    "type": "Polygon",
    "coordinates": [
     [
      [
       116.34329999999999,
       39.97859999999991
      ],
      [
       116.34449999999998,
       39.97859999999991
      ],
      [
       116.34449999999998,
       39.97739999999991
      ],
      [
       116.34329999999999,
       39.97739999999991
      ],
      [
       116.34329999999999,
       39.97859999999991
      ]
     ]
    ]
   }
  },
  {
   "type": "Feature",
   "id": "LU-00216",
   "properties": {
    "id": "LU-00216",
    "layer": "LAND_USE",
    "land_use_code": "1207",
    "land_use_name_zh": "城镇道路用地",
    "source_type": "agent_generated_design",
    "confidence": "medium",
    "geometry_role": "design_proposal",
    "area_sqm": 13658.8
   },
   "geometry": {
    "type": "Polygon",
    "coordinates": [
     [
      [
       116.34329999999999,
       39.979799999999905
      ],
      [
       116.34449999999998,
       39.979799999999905
      ],
      [
       116.34449999999998,
       39.97859999999991
      ],
      [
       116.34329999999999,
       39.97859999999991
      ],
      [
       116.34329999999999,
       39.979799999999905
      ]
     ]
    ]
   }
  },
  {
   "type": "Feature",
   "id": "LU-00217",
   "properties": {
    "id": "LU-00217",
    "layer": "LAND_USE",
    "land_use_code": "0701",
    "land_use_name_zh": "城镇住宅用地",
    "source_type": "agent_generated_design",
    "confidence": "medium",
    "geometry_role": "design_proposal",
    "area_sqm": 13658.5
   },
   "geometry": {
    "type": "Polygon",
    "coordinates": [
     [
      [
       116.34329999999999,
       39.9809999999999
      ],
      [
       116.34449999999998,
       39.9809999999999
      ],
      [
       116.34449999999998,
       39.979799999999905
      ],
      [
       116.34329999999999,
       39.979799999999905
      ],
      [
       116.34329999999999,
       39.9809999999999
      ]
     ]
    ]
   }
  },
  {
   "type": "Feature",
   "id": "LU-00218",
   "properties": {
    "id": "LU-00218",
    "layer": "LAND_USE",
    "land_use_code": "0701",
    "land_use_name_zh": "城镇住宅用地",
    "source_type": "agent_generated_design",
    "confidence": "medium",
    "geometry_role": "design_proposal",
    "area_sqm": 13658.3
   },
   "geometry": {
    "type": "Polygon",
    "coordinates": [
     [
      [
       116.34329999999999,
       39.9821999999999
      ],
      [
       116.34449999999998,
       39.9821999999999
      ],
      [
       116.34449999999998,
       39.9809999999999
      ],
      [
       116.34329999999999,
       39.9809999999999
      ],
      [
       116.34329999999999,
       39.9821999999999
      ]
     ]
    ]
   }
  },
  {
   "type": "Feature",
   "id": "LU-00219",
   "properties": {
    "id": "LU-00219",
    "layer": "LAND_USE",
    "land_use_code": "1403",
    "land_use_name_zh": "广场用地 / 公共空间",
    "source_type": "agent_generated_design",
    "confidence": "medium",
    "geometry_role": "design_proposal",
    "area_sqm": 13658.1
   },
   "geometry": {
    "type": "Polygon",
    "coordinates": [
     [
      [
       116.34329999999999,
       39.9833999999999
      ],
      [
       116.34449999999998,
       39.9833999999999
      ],
      [
       116.34449999999998,
       39.9821999999999
      ],
      [
       116.34329999999999,
       39.9821999999999
      ],
      [
       116.34329999999999,
       39.9833999999999
      ]
     ]
    ]
   }
  },
  {
   "type": "Feature",
   "id": "LU-00220",
   "properties": {
    "id": "LU-00220",
    "layer": "LAND_USE",
    "land_use_code": "0701",
    "land_use_name_zh": "城镇住宅用地",
    "source_type": "agent_generated_design",
    "confidence": "medium",
    "geometry_role": "design_proposal",
    "area_sqm": 13657.8
   },
   "geometry": {
    "type": "Polygon",
    "coordinates": [
     [
      [
       116.34329999999999,
       39.984599999999894
      ],
      [
       116.34449999999998,
       39.984599999999894
      ],
      [
       116.34449999999998,
       39.9833999999999
      ],
      [
       116.34329999999999,
       39.9833999999999
      ],
      [
       116.34329999999999,
       39.984599999999894
      ]
     ]
    ]
   }
  },
  {
   "type": "Feature",
   "id": "LU-00221",
   "properties": {
    "id": "LU-00221",
    "layer": "LAND_USE",
    "land_use_code": "0701",
    "land_use_name_zh": "城镇住宅用地",
    "source_type": "agent_generated_design",
    "confidence": "medium",
    "geometry_role": "design_proposal",
    "area_sqm": 13657.6
   },
   "geometry": {
    "type": "Polygon",
    "coordinates": [
     [
      [
       116.34329999999999,
       39.98579999999989
      ],
      [
       116.34449999999998,
       39.98579999999989
      ],
      [
       116.34449999999998,
       39.984599999999894
      ],
      [
       116.34329999999999,
       39.984599999999894
      ],
      [
       116.34329999999999,
       39.98579999999989
      ]
     ]
    ]
   }
  },
  {
   "type": "Feature",
   "id": "LU-00222",
   "properties": {
    "id": "LU-00222",
    "layer": "LAND_USE",
    "land_use_code": "0701",
    "land_use_name_zh": "城镇住宅用地",
    "source_type": "agent_generated_design",
    "confidence": "medium",
    "geometry_role": "design_proposal",
    "area_sqm": 13657.3
   },
   "geometry": {
    "type": "Polygon",
    "coordinates": [
     [
      [
       116.34329999999999,
       39.98699999999989
      ],
      [
       116.34449999999998,
       39.98699999999989
      ],
      [
       116.34449999999998,
       39.98579999999989
      ],
      [
       116.34329999999999,
       39.98579999999989
      ],
      [
       116.34329999999999,
       39.98699999999989
      ]
     ]
    ]
   }
  },
  {
   "type": "Feature",
   "id": "LU-00223",
   "properties": {
    "id": "LU-00223",
    "layer": "LAND_USE",
    "land_use_code": "0702",
    "land_use_name_zh": "城镇社区服务设施用地",
    "source_type": "agent_generated_design",
    "confidence": "medium",
    "geometry_role": "design_proposal",
    "area_sqm": 13657.1
   },
   "geometry": {
    "type": "Polygon",
    "coordinates": [
     [
      [
       116.34329999999999,
       39.988199999999885
      ],
      [
       116.34449999999998,
       39.988199999999885
      ],
      [
       116.34449999999998,
       39.98699999999989
      ],
      [
       116.34329999999999,
       39.98699999999989
      ],
      [
       116.34329999999999,
       39.988199999999885
      ]
     ]
    ]
   }
  },
  {
   "type": "Feature",
   "id": "LU-00224",
   "properties": {
    "id": "LU-00224",
    "layer": "LAND_USE",
    "land_use_code": "0702",
    "land_use_name_zh": "城镇社区服务设施用地",
    "source_type": "agent_generated_design",
    "confidence": "medium",
    "geometry_role": "design_proposal",
    "area_sqm": 13656.9
   },
   "geometry": {
    "type": "Polygon",
    "coordinates": [
     [
      [
       116.34329999999999,
       39.98939999999988
      ],
      [
       116.34449999999998,
       39.98939999999988
      ],
      [
       116.34449999999998,
       39.988199999999885
      ],
      [
       116.34329999999999,
       39.988199999999885
      ],
      [
       116.34329999999999,
       39.98939999999988
      ]
     ]
    ]
   }
  },
  {
   "type": "Feature",
   "id": "LU-00225",
   "properties": {
    "id": "LU-00225",
    "layer": "LAND_USE",
    "land_use_code": "0702",
    "land_use_name_zh": "城镇社区服务设施用地",
    "source_type": "agent_generated_design",
    "confidence": "medium",
    "geometry_role": "design_proposal",
    "area_sqm": 13656.6
   },
   "geometry": {
    "type": "Polygon",
    "coordinates": [
     [
      [
       116.34329999999999,
       39.99059999999988
      ],
      [
       116.34449999999998,
       39.99059999999988
      ],
      [
       116.34449999999998,
       39.98939999999988
      ],
      [
       116.34329999999999,
       39.98939999999988
      ],
      [
       116.34329999999999,
       39.99059999999988
      ]
     ]
    ]
   }
  },
  {
   "type": "Feature",
   "id": "LU-00226",
   "properties": {
    "id": "LU-00226",
    "layer": "LAND_USE",
    "land_use_code": "0804",
    "land_use_name_zh": "教育科研用地",
    "source_type": "agent_generated_design",
    "confidence": "medium",
    "geometry_role": "design_proposal",
    "area_sqm": 13656.4
   },
   "geometry": {
    "type": "Polygon",
    "coordinates": [
     [
      [
       116.34329999999999,
       39.99179999999988
      ],
      [
       116.34449999999998,
       39.99179999999988
      ],
      [
       116.34449999999998,
       39.99059999999988
      ],
      [
       116.34329999999999,
       39.99059999999988
      ],
      [
       116.34329999999999,
       39.99179999999988
      ]
     ]
    ]
   }
  },
  {
   "type": "Feature",
   "id": "LU-00227",
   "properties": {
    "id": "LU-00227",
    "layer": "LAND_USE",
    "land_use_code": "0804",
    "land_use_name_zh": "教育科研用地",
    "source_type": "agent_generated_design",
    "confidence": "medium",
    "geometry_role": "design_proposal",
    "area_sqm": 13656.2
   },
   "geometry": {
    "type": "Polygon",
    "coordinates": [
     [
      [
       116.34329999999999,
       39.992999999999874
      ],
      [
       116.34449999999998,
       39.992999999999874
      ],
      [
       116.34449999999998,
       39.99179999999988
      ],
      [
       116.34329999999999,
       39.99179999999988
      ],
      [
       116.34329999999999,
       39.992999999999874
      ]
     ]
    ]
   }
  },
  {
   "type": "Feature",
   "id": "LU-00228",
   "properties": {
    "id": "LU-00228",
    "layer": "LAND_USE",
    "land_use_code": "0701",
    "land_use_name_zh": "城镇住宅用地",
    "source_type": "agent_generated_design",
    "confidence": "medium",
    "geometry_role": "design_proposal",
    "area_sqm": 13655.9
   },
   "geometry": {
    "type": "Polygon",
    "coordinates": [
     [
      [
       116.34329999999999,
       39.99419999999987
      ],
      [
       116.34449999999998,
       39.99419999999987
      ],
      [
       116.34449999999998,
       39.992999999999874
      ],
      [
       116.34329999999999,
       39.992999999999874
      ],
      [
       116.34329999999999,
       39.99419999999987
      ]
     ]
    ]
   }
  },
  {
   "type": "Feature",
   "id": "LU-00229",
   "properties": {
    "id": "LU-00229",
    "layer": "LAND_USE",
    "land_use_code": "0801",
    "land_use_name_zh": "机关团体用地",
    "source_type": "agent_generated_design",
    "confidence": "medium",
    "geometry_role": "design_proposal",
    "area_sqm": 13655.7
   },
   "geometry": {
    "type": "Polygon",
    "coordinates": [
     [
      [
       116.34329999999999,
       39.99539999999987
      ],
      [
       116.34449999999998,
       39.99539999999987
      ],
      [
       116.34449999999998,
       39.99419999999987
      ],
      [
       116.34329999999999,
       39.99419999999987
      ],
      [
       116.34329999999999,
       39.99539999999987
      ]
     ]
    ]
   }
  },
  {
   "type": "Feature",
   "id": "LU-00230",
   "properties": {
    "id": "LU-00230",
    "layer": "LAND_USE",
    "land_use_code": "0901",
    "land_use_name_zh": "商业用地",
    "source_type": "agent_generated_design",
    "confidence": "medium",
    "geometry_role": "design_proposal",
    "area_sqm": 13655.5
   },
   "geometry": {
    "type": "Polygon",
    "coordinates": [
     [
      [
       116.34329999999999,
       39.996599999999866
      ],
      [
       116.34449999999998,
       39.996599999999866
      ],
      [
       116.34449999999998,
       39.99539999999987
      ],
      [
       116.34329999999999,
       39.99539999999987
      ],
      [
       116.34329999999999,
       39.996599999999866
      ]
     ]
    ]
   }
  },
  {
   "type": "Feature",
   "id": "LU-00231",
   "properties": {
    "id": "LU-00231",
    "layer": "LAND_USE",
    "land_use_code": "0701",
    "land_use_name_zh": "城镇住宅用地",
    "source_type": "agent_generated_design",
    "confidence": "medium",
    "geometry_role": "design_proposal",
    "area_sqm": 13655.2
   },
   "geometry": {
    "type": "Polygon",
    "coordinates": [
     [
      [
       116.34329999999999,
       39.99779999999986
      ],
      [
       116.34449999999998,
       39.99779999999986
      ],
      [
       116.34449999999998,
       39.996599999999866
      ],
      [
       116.34329999999999,
       39.996599999999866
      ],
      [
       116.34329999999999,
       39.99779999999986
      ]
     ]
    ]
   }
  },
  {
   "type": "Feature",
   "id": "LU-00232",
   "properties": {
    "id": "LU-00232",
    "layer": "LAND_USE",
    "land_use_code": "0701",
    "land_use_name_zh": "城镇住宅用地",
    "source_type": "agent_generated_design",
    "confidence": "medium",
    "geometry_role": "design_proposal",
    "area_sqm": 13655.0
   },
   "geometry": {
    "type": "Polygon",
    "coordinates": [
     [
      [
       116.34329999999999,
       39.99899999999986
      ],
      [
       116.34449999999998,
       39.99899999999986
      ],
      [
       116.34449999999998,
       39.99779999999986
      ],
      [
       116.34329999999999,
       39.99779999999986
      ],
      [
       116.34329999999999,
       39.99899999999986
      ]
     ]
    ]
   }
  },
  {
   "type": "Feature",
   "id": "LU-00233",
   "properties": {
    "id": "LU-00233",
    "layer": "LAND_USE",
    "land_use_code": "1207",
    "land_use_name_zh": "城镇道路用地",
    "source_type": "agent_generated_design",
    "confidence": "medium",
    "geometry_role": "design_proposal",
    "area_sqm": 13654.7
   },
   "geometry": {
    "type": "Polygon",
    "coordinates": [
     [
      [
       116.34329999999999,
       40.00019999999986
      ],
      [
       116.34449999999998,
       40.00019999999986
      ],
      [
       116.34449999999998,
       39.99899999999986
      ],
      [
       116.34329999999999,
       39.99899999999986
      ],
      [
       116.34329999999999,
       40.00019999999986
      ]
     ]
    ]
   }
  },
  {
   "type": "Feature",
   "id": "LU-00234",
   "properties": {
    "id": "LU-00234",
    "layer": "LAND_USE",
    "land_use_code": "0701",
    "land_use_name_zh": "城镇住宅用地",
    "source_type": "agent_generated_design",
    "confidence": "medium",
    "geometry_role": "design_proposal",
    "area_sqm": 13654.5
   },
   "geometry": {
    "type": "Polygon",
    "coordinates": [
     [
      [
       116.34329999999999,
       40.001399999999855
      ],
      [
       116.34449999999998,
       40.001399999999855
      ],
      [
       116.34449999999998,
       40.00019999999986
      ],
      [
       116.34329999999999,
       40.00019999999986
      ],
      [
       116.34329999999999,
       40.001399999999855
      ]
     ]
    ]
   }
  },
  {
   "type": "Feature",
   "id": "LU-00235",
   "properties": {
    "id": "LU-00235",
    "layer": "LAND_USE",
    "land_use_code": "0901",
    "land_use_name_zh": "商业用地",
    "source_type": "agent_generated_design",
    "confidence": "medium",
    "geometry_role": "design_proposal",
    "area_sqm": 13654.3
   },
   "geometry": {
    "type": "Polygon",
    "coordinates": [
     [
      [
       116.34329999999999,
       40.00259999999985
      ],
      [
       116.34449999999998,
       40.00259999999985
      ],
      [
       116.34449999999998,
       40.001399999999855
      ],
      [
       116.34329999999999,
       40.001399999999855
      ],
      [
       116.34329999999999,
       40.00259999999985
      ]
     ]
    ]
   }
  },
  {
   "type": "Feature",
   "id": "LU-00236",
   "properties": {
    "id": "LU-00236",
    "layer": "LAND_USE",
    "land_use_code": "1207",
    "land_use_name_zh": "城镇道路用地",
    "source_type": "agent_generated_design",
    "confidence": "medium",
    "geometry_role": "design_proposal",
    "area_sqm": 13654.0
   },
   "geometry": {
    "type": "Polygon",
    "coordinates": [
     [
      [
       116.34329999999999,
       40.00379999999985
      ],
      [
       116.34449999999998,
       40.00379999999985
      ],
      [
       116.34449999999998,
       40.00259999999985
      ],
      [
       116.34329999999999,
       40.00259999999985
      ],
      [
       116.34329999999999,
       40.00379999999985
      ]
     ]
    ]
   }
  },
  {
   "type": "Feature",
   "id": "LU-00237",
   "properties": {
    "id": "LU-00237",
    "layer": "LAND_USE",
    "land_use_code": "0701",
    "land_use_name_zh": "城镇住宅用地",
    "source_type": "agent_generated_design",
    "confidence": "medium",
    "geometry_role": "design_proposal",
    "area_sqm": 13653.8
   },
   "geometry": {
    "type": "Polygon",
    "coordinates": [
     [
      [
       116.34329999999999,
       40.004999999999846
      ],
      [
       116.34449999999998,
       40.004999999999846
      ],
      [
       116.34449999999998,
       40.00379999999985
      ],
      [
       116.34329999999999,
       40.00379999999985
      ],
      [
       116.34329999999999,
       40.004999999999846
      ]
     ]
    ]
   }
  },
  {
   "type": "Feature",
   "id": "LU-00238",
   "properties": {
    "id": "LU-00238",
    "layer": "LAND_USE",
    "land_use_code": "0701",
    "land_use_name_zh": "城镇住宅用地",
    "source_type": "agent_generated_design",
    "confidence": "medium",
    "geometry_role": "design_proposal",
    "area_sqm": 13653.6
   },
   "geometry": {
    "type": "Polygon",
    "coordinates": [
     [
      [
       116.34329999999999,
       40.00619999999984
      ],
      [
       116.34449999999998,
       40.00619999999984
      ],
      [
       116.34449999999998,
       40.004999999999846
      ],
      [
       116.34329999999999,
       40.004999999999846
      ],
      [
       116.34329999999999,
       40.00619999999984
      ]
     ]
    ]
   }
  },
  {
   "type": "Feature",
   "id": "LU-00239",
   "properties": {
    "id": "LU-00239",
    "layer": "LAND_USE",
    "land_use_code": "0701",
    "land_use_name_zh": "城镇住宅用地",
    "source_type": "agent_generated_design",
    "confidence": "medium",
    "geometry_role": "design_proposal",
    "area_sqm": 13653.3
   },
   "geometry": {
    "type": "Polygon",
    "coordinates": [
     [
      [
       116.34329999999999,
       40.00739999999984
      ],
      [
       116.34449999999998,
       40.00739999999984
      ],
      [
       116.34449999999998,
       40.00619999999984
      ],
      [
       116.34329999999999,
       40.00619999999984
      ],
      [
       116.34329999999999,
       40.00739999999984
      ]
     ]
    ]
   }
  },
  {
   "type": "Feature",
   "id": "LU-00240",
   "properties": {
    "id": "LU-00240",
    "layer": "LAND_USE",
    "land_use_code": "1001",
    "land_use_name_zh": "工业用地 / AI 自主创新产业",
    "source_type": "agent_generated_design",
    "confidence": "medium",
    "geometry_role": "design_proposal",
    "area_sqm": 13653.1
   },
   "geometry": {
    "type": "Polygon",
    "coordinates": [
     [
      [
       116.34329999999999,
       40.00859999999984
      ],
      [
       116.34449999999998,
       40.00859999999984
      ],
      [
       116.34449999999998,
       40.00739999999984
      ],
      [
       116.34329999999999,
       40.00739999999984
      ],
      [
       116.34329999999999,
       40.00859999999984
      ]
     ]
    ]
   }
  },
  {
   "type": "Feature",
   "id": "LU-00241",
   "properties": {
    "id": "LU-00241",
    "layer": "LAND_USE",
    "land_use_code": "1001",
    "land_use_name_zh": "工业用地 / AI 自主创新产业",
    "source_type": "agent_generated_design",
    "confidence": "medium",
    "geometry_role": "design_proposal",
    "area_sqm": 13652.9
   },
   "geometry": {
    "type": "Polygon",
    "coordinates": [
     [
      [
       116.34329999999999,
       40.009799999999835
      ],
      [
       116.34449999999998,
       40.009799999999835
      ],
      [
       116.34449999999998,
       40.00859999999984
      ],
      [
       116.34329999999999,
       40.00859999999984
      ],
      [
       116.34329999999999,
       40.009799999999835
      ]
     ]
    ]
   }
  },
  {
   "type": "Feature",
   "id": "LU-00242",
   "properties": {
    "id": "LU-00242",
    "layer": "LAND_USE",
    "land_use_code": "1001",
    "land_use_name_zh": "工业用地 / AI 自主创新产业",
    "source_type": "agent_generated_design",
    "confidence": "medium",
    "geometry_role": "design_proposal",
    "area_sqm": 13652.6
   },
   "geometry": {
    "type": "Polygon",
    "coordinates": [
     [
      [
       116.34329999999999,
       40.01099999999983
      ],
      [
       116.34449999999998,
       40.01099999999983
      ],
      [
       116.34449999999998,
       40.009799999999835
      ],
      [
       116.34329999999999,
       40.009799999999835
      ],
      [
       116.34329999999999,
       40.01099999999983
      ]
     ]
    ]
   }
  },
  {
   "type": "Feature",
   "id": "LU-00243",
   "properties": {
    "id": "LU-00243",
    "layer": "LAND_USE",
    "land_use_code": "1001",
    "land_use_name_zh": "工业用地 / AI 自主创新产业",
    "source_type": "agent_generated_design",
    "confidence": "medium",
    "geometry_role": "design_proposal",
    "area_sqm": 13652.4
   },
   "geometry": {
    "type": "Polygon",
    "coordinates": [
     [
      [
       116.34329999999999,
       40.01219999999983
      ],
      [
       116.34449999999998,
       40.01219999999983
      ],
      [
       116.34449999999998,
       40.01099999999983
      ],
      [
       116.34329999999999,
       40.01099999999983
      ],
      [
       116.34329999999999,
       40.01219999999983
      ]
     ]
    ]
   }
  },
  {
   "type": "Feature",
   "id": "LU-00244",
   "properties": {
    "id": "LU-00244",
    "layer": "LAND_USE",
    "land_use_code": "1001",
    "land_use_name_zh": "工业用地 / AI 自主创新产业",
    "source_type": "agent_generated_design",
    "confidence": "medium",
    "geometry_role": "design_proposal",
    "area_sqm": 13652.1
   },
   "geometry": {
    "type": "Polygon",
    "coordinates": [
     [
      [
       116.34329999999999,
       40.01339999999983
      ],
      [
       116.34449999999998,
       40.01339999999983
      ],
      [
       116.34449999999998,
       40.01219999999983
      ],
      [
       116.34329999999999,
       40.01219999999983
      ],
      [
       116.34329999999999,
       40.01339999999983
      ]
     ]
    ]
   }
  },
  {
   "type": "Feature",
   "id": "LU-00245",
   "properties": {
    "id": "LU-00245",
    "layer": "LAND_USE",
    "land_use_code": "1001",
    "land_use_name_zh": "工业用地 / AI 自主创新产业",
    "source_type": "agent_generated_design",
    "confidence": "medium",
    "geometry_role": "design_proposal",
    "area_sqm": 13651.9
   },
   "geometry": {
    "type": "Polygon",
    "coordinates": [
     [
      [
       116.34329999999999,
       40.014599999999824
      ],
      [
       116.34449999999998,
       40.014599999999824
      ],
      [
       116.34449999999998,
       40.01339999999983
      ],
      [
       116.34329999999999,
       40.01339999999983
      ],
      [
       116.34329999999999,
       40.014599999999824
      ]
     ]
    ]
   }
  },
  {
   "type": "Feature",
   "id": "LU-00246",
   "properties": {
    "id": "LU-00246",
    "layer": "LAND_USE",
    "land_use_code": "1001",
    "land_use_name_zh": "工业用地 / AI 自主创新产业",
    "source_type": "agent_generated_design",
    "confidence": "medium",
    "geometry_role": "design_proposal",
    "area_sqm": 13651.7
   },
   "geometry": {
    "type": "Polygon",
    "coordinates": [
     [
      [
       116.34329999999999,
       40.01579999999982
      ],
      [
       116.34449999999998,
       40.01579999999982
      ],
      [
       116.34449999999998,
       40.014599999999824
      ],
      [
       116.34329999999999,
       40.014599999999824
      ],
      [
       116.34329999999999,
       40.01579999999982
      ]
     ]
    ]
   }
  },
  {
   "type": "Feature",
   "id": "LU-00247",
   "properties": {
    "id": "LU-00247",
    "layer": "LAND_USE",
    "land_use_code": "1001",
    "land_use_name_zh": "工业用地 / AI 自主创新产业",
    "source_type": "agent_generated_design",
    "confidence": "medium",
    "geometry_role": "design_proposal",
    "area_sqm": 13651.4
   },
   "geometry": {
    "type": "Polygon",
    "coordinates": [
     [
      [
       116.34329999999999,
       40.01699999999982
      ],
      [
       116.34449999999998,
       40.01699999999982
      ],
      [
       116.34449999999998,
       40.01579999999982
      ],
      [
       116.34329999999999,
       40.01579999999982
      ],
      [
       116.34329999999999,
       40.01699999999982
      ]
     ]
    ]
   }
  },
  {
   "type": "Feature",
   "id": "LU-00248",
   "properties": {
    "id": "LU-00248",
    "layer": "LAND_USE",
    "land_use_code": "1001",
    "land_use_name_zh": "工业用地 / AI 自主创新产业",
    "source_type": "agent_generated_design",
    "confidence": "medium",
    "geometry_role": "design_proposal",
    "area_sqm": 13651.2
   },
   "geometry": {
    "type": "Polygon",
    "coordinates": [
     [
      [
       116.34329999999999,
       40.018199999999815
      ],
      [
       116.34449999999998,
       40.018199999999815
      ],
      [
       116.34449999999998,
       40.01699999999982
      ],
      [
       116.34329999999999,
       40.01699999999982
      ],
      [
       116.34329999999999,
       40.018199999999815
      ]
     ]
    ]
   }
  },
  {
   "type": "Feature",
   "id": "LU-00249",
   "properties": {
    "id": "LU-00249",
    "layer": "LAND_USE",
    "land_use_code": "1001",
    "land_use_name_zh": "工业用地 / AI 自主创新产业",
    "source_type": "agent_generated_design",
    "confidence": "medium",
    "geometry_role": "design_proposal",
    "area_sqm": 13651.0
   },
   "geometry": {
    "type": "Polygon",
    "coordinates": [
     [
      [
       116.34329999999999,
       40.01939999999981
      ],
      [
       116.34449999999998,
       40.01939999999981
      ],
      [
       116.34449999999998,
       40.018199999999815
      ],
      [
       116.34329999999999,
       40.018199999999815
      ],
      [
       116.34329999999999,
       40.01939999999981
      ]
     ]
    ]
   }
  },
  {
   "type": "Feature",
   "id": "LU-00250",
   "properties": {
    "id": "LU-00250",
    "layer": "LAND_USE",
    "land_use_code": "1001",
    "land_use_name_zh": "工业用地 / AI 自主创新产业",
    "source_type": "agent_generated_design",
    "confidence": "medium",
    "geometry_role": "design_proposal",
    "area_sqm": 13650.7
   },
   "geometry": {
    "type": "Polygon",
    "coordinates": [
     [
      [
       116.34329999999999,
       40.02059999999981
      ],
      [
       116.34449999999998,
       40.02059999999981
      ],
      [
       116.34449999999998,
       40.01939999999981
      ],
      [
       116.34329999999999,
       40.01939999999981
      ],
      [
       116.34329999999999,
       40.02059999999981
      ]
     ]
    ]
   }
  },
  {
   "type": "Feature",
   "id": "LU-00251",
   "properties": {
    "id": "LU-00251",
    "layer": "LAND_USE",
    "land_use_code": "1001",
    "land_use_name_zh": "工业用地 / AI 自主创新产业",
    "source_type": "agent_generated_design",
    "confidence": "medium",
    "geometry_role": "design_proposal",
    "area_sqm": 13650.5
   },
   "geometry": {
    "type": "Polygon",
    "coordinates": [
     [
      [
       116.34329999999999,
       40.02179999999981
      ],
      [
       116.34449999999998,
       40.02179999999981
      ],
      [
       116.34449999999998,
       40.02059999999981
      ],
      [
       116.34329999999999,
       40.02059999999981
      ],
      [
       116.34329999999999,
       40.02179999999981
      ]
     ]
    ]
   }
  },
  {
   "type": "Feature",
   "id": "LU-00252",
   "properties": {
    "id": "LU-00252",
    "layer": "LAND_USE",
    "land_use_code": "1001",
    "land_use_name_zh": "工业用地 / AI 自主创新产业",
    "source_type": "agent_generated_design",
    "confidence": "medium",
    "geometry_role": "design_proposal",
    "area_sqm": 13650.3
   },
   "geometry": {
    "type": "Polygon",
    "coordinates": [
     [
      [
       116.34329999999999,
       40.022999999999804
      ],
      [
       116.34449999999998,
       40.022999999999804
      ],
      [
       116.34449999999998,
       40.02179999999981
      ],
      [
       116.34329999999999,
       40.02179999999981
      ],
      [
       116.34329999999999,
       40.022999999999804
      ]
     ]
    ]
   }
  },
  {
   "type": "Feature",
   "id": "LU-00253",
   "properties": {
    "id": "LU-00253",
    "layer": "LAND_USE",
    "land_use_code": "1001",
    "land_use_name_zh": "工业用地 / AI 自主创新产业",
    "source_type": "agent_generated_design",
    "confidence": "medium",
    "geometry_role": "design_proposal",
    "area_sqm": 13650.0
   },
   "geometry": {
    "type": "Polygon",
    "coordinates": [
     [
      [
       116.34329999999999,
       40.0241999999998
      ],
      [
       116.34449999999998,
       40.0241999999998
      ],
      [
       116.34449999999998,
       40.022999999999804
      ],
      [
       116.34329999999999,
       40.022999999999804
      ],
      [
       116.34329999999999,
       40.0241999999998
      ]
     ]
    ]
   }
  },
  {
   "type": "Feature",
   "id": "LU-00254",
   "properties": {
    "id": "LU-00254",
    "layer": "LAND_USE",
    "land_use_code": "1001",
    "land_use_name_zh": "工业用地 / AI 自主创新产业",
    "source_type": "agent_generated_design",
    "confidence": "medium",
    "geometry_role": "design_proposal",
    "area_sqm": 13649.8
   },
   "geometry": {
    "type": "Polygon",
    "coordinates": [
     [
      [
       116.34329999999999,
       40.0253999999998
      ],
      [
       116.34449999999998,
       40.0253999999998
      ],
      [
       116.34449999999998,
       40.0241999999998
      ],
      [
       116.34329999999999,
       40.0241999999998
      ],
      [
       116.34329999999999,
       40.0253999999998
      ]
     ]
    ]
   }
  },
  {
   "type": "Feature",
   "id": "LU-00255",
   "properties": {
    "id": "LU-00255",
    "layer": "LAND_USE",
    "land_use_code": "1001",
    "land_use_name_zh": "工业用地 / AI 自主创新产业",
    "source_type": "agent_generated_design",
    "confidence": "medium",
    "geometry_role": "design_proposal",
    "area_sqm": 12512.1
   },
   "geometry": {
    "type": "Polygon",
    "coordinates": [
     [
      [
       116.34449999999998,
       40.0253999999998
      ],
      [
       116.34329999999999,
       40.0253999999998
      ],
      [
       116.34329999999999,
       40.0265
      ],
      [
       116.34449999999998,
       40.0265
      ],
      [
       116.34449999999998,
       40.0253999999998
      ]
     ]
    ]
   }
  },
  {
   "type": "Feature",
   "id": "LU-00256",
   "properties": {
    "id": "LU-00256",
    "layer": "LAND_USE",
    "land_use_code": "1207",
    "land_use_name_zh": "城镇道路用地",
    "source_type": "agent_generated_design",
    "confidence": "medium",
    "geometry_role": "design_proposal",
    "area_sqm": 13666.5
   },
   "geometry": {
    "type": "Polygon",
    "coordinates": [
     [
      [
       116.34449999999998,
       39.939
      ],
      [
       116.34449999999998,
       39.9402
      ],
      [
       116.34569999999998,
       39.9402
      ],
      [
       116.34569999999998,
       39.939
      ],
      [
       116.34449999999998,
       39.939
      ]
     ]
    ]
   }
  },
  {
   "type": "Feature",
   "id": "LU-00257",
   "properties": {
    "id": "LU-00257",
    "layer": "LAND_USE",
    "land_use_code": "1207",
    "land_use_name_zh": "城镇道路用地",
    "source_type": "agent_generated_design",
    "confidence": "medium",
    "geometry_role": "design_proposal",
    "area_sqm": 13666.3
   },
   "geometry": {
    "type": "Polygon",
    "coordinates": [
     [
      [
       116.34449999999998,
       39.941399999999994
      ],
      [
       116.34569999999998,
       39.941399999999994
      ],
      [
       116.34569999999998,
       39.9402
      ],
      [
       116.34449999999998,
       39.9402
      ],
      [
       116.34449999999998,
       39.941399999999994
      ]
     ]
    ]
   }
  },
  {
   "type": "Feature",
   "id": "LU-00258",
   "properties": {
    "id": "LU-00258",
    "layer": "LAND_USE",
    "land_use_code": "1207",
    "land_use_name_zh": "城镇道路用地",
    "source_type": "agent_generated_design",
    "confidence": "medium",
    "geometry_role": "design_proposal",
    "area_sqm": 13666.1
   },
   "geometry": {
    "type": "Polygon",
    "coordinates": [
     [
      [
       116.34449999999998,
       39.94259999999999
      ],
      [
       116.34569999999998,
       39.94259999999999
      ],
      [
       116.34569999999998,
       39.941399999999994
      ],
      [
       116.34449999999998,
       39.941399999999994
      ],
      [
       116.34449999999998,
       39.94259999999999
      ]
     ]
    ]
   }
  },
  {
   "type": "Feature",
   "id": "LU-00259",
   "properties": {
    "id": "LU-00259",
    "layer": "LAND_USE",
    "land_use_code": "1207",
    "land_use_name_zh": "城镇道路用地",
    "source_type": "agent_generated_design",
    "confidence": "medium",
    "geometry_role": "design_proposal",
    "area_sqm": 13665.8
   },
   "geometry": {
    "type": "Polygon",
    "coordinates": [
     [
      [
       116.34449999999998,
       39.94379999999999
      ],
      [
       116.34569999999998,
       39.94379999999999
      ],
      [
       116.34569999999998,
       39.94259999999999
      ],
      [
       116.34449999999998,
       39.94259999999999
      ],
      [
       116.34449999999998,
       39.94379999999999
      ]
     ]
    ]
   }
  },
  {
   "type": "Feature",
   "id": "LU-00260",
   "properties": {
    "id": "LU-00260",
    "layer": "LAND_USE",
    "land_use_code": "0902",
    "land_use_name_zh": "商务金融用地 / AI 总部",
    "source_type": "agent_generated_design",
    "confidence": "medium",
    "geometry_role": "design_proposal",
    "area_sqm": 13665.6
   },
   "geometry": {
    "type": "Polygon",
    "coordinates": [
     [
      [
       116.34449999999998,
       39.944999999999986
      ],
      [
       116.34569999999998,
       39.944999999999986
      ],
      [
       116.34569999999998,
       39.94379999999999
      ],
      [
       116.34449999999998,
       39.94379999999999
      ],
      [
       116.34449999999998,
       39.944999999999986
      ]
     ]
    ]
   }
  },
  {
   "type": "Feature",
   "id": "LU-00261",
   "properties": {
    "id": "LU-00261",
    "layer": "LAND_USE",
    "land_use_code": "0902",
    "land_use_name_zh": "商务金融用地 / AI 总部",
    "source_type": "agent_generated_design",
    "confidence": "medium",
    "geometry_role": "design_proposal",
    "area_sqm": 13665.4
   },
   "geometry": {
    "type": "Polygon",
    "coordinates": [
     [
      [
       116.34449999999998,
       39.94619999999998
      ],
      [
       116.34569999999998,
       39.94619999999998
      ],
      [
       116.34569999999998,
       39.944999999999986
      ],
      [
       116.34449999999998,
       39.944999999999986
      ],
      [
       116.34449999999998,
       39.94619999999998
      ]
     ]
    ]
   }
  },
  {
   "type": "Feature",
   "id": "LU-00262",
   "properties": {
    "id": "LU-00262",
    "layer": "LAND_USE",
    "land_use_code": "0902",
    "land_use_name_zh": "商务金融用地 / AI 总部",
    "source_type": "agent_generated_design",
    "confidence": "medium",
    "geometry_role": "design_proposal",
    "area_sqm": 13665.1
   },
   "geometry": {
    "type": "Polygon",
    "coordinates": [
     [
      [
       116.34449999999998,
       39.94739999999998
      ],
      [
       116.34569999999998,
       39.94739999999998
      ],
      [
       116.34569999999998,
       39.94619999999998
      ],
      [
       116.34449999999998,
       39.94619999999998
      ],
      [
       116.34449999999998,
       39.94739999999998
      ]
     ]
    ]
   }
  },
  {
   "type": "Feature",
   "id": "LU-00263",
   "properties": {
    "id": "LU-00263",
    "layer": "LAND_USE",
    "land_use_code": "0902",
    "land_use_name_zh": "商务金融用地 / AI 总部",
    "source_type": "agent_generated_design",
    "confidence": "medium",
    "geometry_role": "design_proposal",
    "area_sqm": 13664.9
   },
   "geometry": {
    "type": "Polygon",
    "coordinates": [
     [
      [
       116.34449999999998,
       39.94859999999998
      ],
      [
       116.34569999999998,
       39.94859999999998
      ],
      [
       116.34569999999998,
       39.94739999999998
      ],
      [
       116.34449999999998,
       39.94739999999998
      ],
      [
       116.34449999999998,
       39.94859999999998
      ]
     ]
    ]
   }
  },
  {
   "type": "Feature",
   "id": "LU-00264",
   "properties": {
    "id": "LU-00264",
    "layer": "LAND_USE",
    "land_use_code": "0902",
    "land_use_name_zh": "商务金融用地 / AI 总部",
    "source_type": "agent_generated_design",
    "confidence": "medium",
    "geometry_role": "design_proposal",
    "area_sqm": 13664.7
   },
   "geometry": {
    "type": "Polygon",
    "coordinates": [
     [
      [
       116.34449999999998,
       39.949799999999975
      ],
      [
       116.34569999999998,
       39.949799999999975
      ],
      [
       116.34569999999998,
       39.94859999999998
      ],
      [
       116.34449999999998,
       39.94859999999998
      ],
      [
       116.34449999999998,
       39.949799999999975
      ]
     ]
    ]
   }
  },
  {
   "type": "Feature",
   "id": "LU-00265",
   "properties": {
    "id": "LU-00265",
    "layer": "LAND_USE",
    "land_use_code": "1207",
    "land_use_name_zh": "城镇道路用地",
    "source_type": "agent_generated_design",
    "confidence": "medium",
    "geometry_role": "design_proposal",
    "area_sqm": 13664.4
   },
   "geometry": {
    "type": "Polygon",
    "coordinates": [
     [
      [
       116.34449999999998,
       39.95099999999997
      ],
      [
       116.34569999999998,
       39.95099999999997
      ],
      [
       116.34569999999998,
       39.949799999999975
      ],
      [
       116.34449999999998,
       39.949799999999975
      ],
      [
       116.34449999999998,
       39.95099999999997
      ]
     ]
    ]
   }
  },
  {
   "type": "Feature",
   "id": "LU-00266",
   "properties": {
    "id": "LU-00266",
    "layer": "LAND_USE",
    "land_use_code": "1207",
    "land_use_name_zh": "城镇道路用地",
    "source_type": "agent_generated_design",
    "confidence": "medium",
    "geometry_role": "design_proposal",
    "area_sqm": 13664.2
   },
   "geometry": {
    "type": "Polygon",
    "coordinates": [
     [
      [
       116.34449999999998,
       39.95219999999997
      ],
      [
       116.34569999999998,
       39.95219999999997
      ],
      [
       116.34569999999998,
       39.95099999999997
      ],
      [
       116.34449999999998,
       39.95099999999997
      ],
      [
       116.34449999999998,
       39.95219999999997
      ]
     ]
    ]
   }
  },
  {
   "type": "Feature",
   "id": "LU-00267",
   "properties": {
    "id": "LU-00267",
    "layer": "LAND_USE",
    "land_use_code": "1207",
    "land_use_name_zh": "城镇道路用地",
    "source_type": "agent_generated_design",
    "confidence": "medium",
    "geometry_role": "design_proposal",
    "area_sqm": 13664.0
   },
   "geometry": {
    "type": "Polygon",
    "coordinates": [
     [
      [
       116.34449999999998,
       39.95339999999997
      ],
      [
       116.34569999999998,
       39.95339999999997
      ],
      [
       116.34569999999998,
       39.95219999999997
      ],
      [
       116.34449999999998,
       39.95219999999997
      ],
      [
       116.34449999999998,
       39.95339999999997
      ]
     ]
    ]
   }
  },
  {
   "type": "Feature",
   "id": "LU-00268",
   "properties": {
    "id": "LU-00268",
    "layer": "LAND_USE",
    "land_use_code": "1207",
    "land_use_name_zh": "城镇道路用地",
    "source_type": "agent_generated_design",
    "confidence": "medium",
    "geometry_role": "design_proposal",
    "area_sqm": 13663.7
   },
   "geometry": {
    "type": "Polygon",
    "coordinates": [
     [
      [
       116.34449999999998,
       39.954599999999964
      ],
      [
       116.34569999999998,
       39.954599999999964
      ],
      [
       116.34569999999998,
       39.95339999999997
      ],
      [
       116.34449999999998,
       39.95339999999997
      ],
      [
       116.34449999999998,
       39.954599999999964
      ]
     ]
    ]
   }
  },
  {
   "type": "Feature",
   "id": "LU-00269",
   "properties": {
    "id": "LU-00269",
    "layer": "LAND_USE",
    "land_use_code": "1207",
    "land_use_name_zh": "城镇道路用地",
    "source_type": "agent_generated_design",
    "confidence": "medium",
    "geometry_role": "design_proposal",
    "area_sqm": 13663.5
   },
   "geometry": {
    "type": "Polygon",
    "coordinates": [
     [
      [
       116.34449999999998,
       39.95579999999996
      ],
      [
       116.34569999999998,
       39.95579999999996
      ],
      [
       116.34569999999998,
       39.954599999999964
      ],
      [
       116.34449999999998,
       39.954599999999964
      ],
      [
       116.34449999999998,
       39.95579999999996
      ]
     ]
    ]
   }
  },
  {
   "type": "Feature",
   "id": "LU-00270",
   "properties": {
    "id": "LU-00270",
    "layer": "LAND_USE",
    "land_use_code": "1207",
    "land_use_name_zh": "城镇道路用地",
    "source_type": "agent_generated_design",
    "confidence": "medium",
    "geometry_role": "design_proposal",
    "area_sqm": 13663.2
   },
   "geometry": {
    "type": "Polygon",
    "coordinates": [
     [
      [
       116.34449999999998,
       39.95699999999996
      ],
      [
       116.34569999999998,
       39.95699999999996
      ],
      [
       116.34569999999998,
       39.95579999999996
      ],
      [
       116.34449999999998,
       39.95579999999996
      ],
      [
       116.34449999999998,
       39.95699999999996
      ]
     ]
    ]
   }
  },
  {
   "type": "Feature",
   "id": "LU-00271",
   "properties": {
    "id": "LU-00271",
    "layer": "LAND_USE",
    "land_use_code": "1207",
    "land_use_name_zh": "城镇道路用地",
    "source_type": "agent_generated_design",
    "confidence": "medium",
    "geometry_role": "design_proposal",
    "area_sqm": 13663.0
   },
   "geometry": {
    "type": "Polygon",
    "coordinates": [
     [
      [
       116.34449999999998,
       39.958199999999955
      ],
      [
       116.34569999999998,
       39.958199999999955
      ],
      [
       116.34569999999998,
       39.95699999999996
      ],
      [
       116.34449999999998,
       39.95699999999996
      ],
      [
       116.34449999999998,
       39.958199999999955
      ]
     ]
    ]
   }
  },
  {
   "type": "Feature",
   "id": "LU-00272",
   "properties": {
    "id": "LU-00272",
    "layer": "LAND_USE",
    "land_use_code": "1207",
    "land_use_name_zh": "城镇道路用地",
    "source_type": "agent_generated_design",
    "confidence": "medium",
    "geometry_role": "design_proposal",
    "area_sqm": 13662.8
   },
   "geometry": {
    "type": "Polygon",
    "coordinates": [
     [
      [
       116.34449999999998,
       39.95939999999995
      ],
      [
       116.34569999999998,
       39.95939999999995
      ],
      [
       116.34569999999998,
       39.958199999999955
      ],
      [
       116.34449999999998,
       39.958199999999955
      ],
      [
       116.34449999999998,
       39.95939999999995
      ]
     ]
    ]
   }
  },
  {
   "type": "Feature",
   "id": "LU-00273",
   "properties": {
    "id": "LU-00273",
    "layer": "LAND_USE",
    "land_use_code": "1207",
    "land_use_name_zh": "城镇道路用地",
    "source_type": "agent_generated_design",
    "confidence": "medium",
    "geometry_role": "design_proposal",
    "area_sqm": 13662.5
   },
   "geometry": {
    "type": "Polygon",
    "coordinates": [
     [
      [
       116.34449999999998,
       39.96059999999995
      ],
      [
       116.34569999999998,
       39.96059999999995
      ],
      [
       116.34569999999998,
       39.95939999999995
      ],
      [
       116.34449999999998,
       39.95939999999995
      ],
      [
       116.34449999999998,
       39.96059999999995
      ]
     ]
    ]
   }
  },
  {
   "type": "Feature",
   "id": "LU-00274",
   "properties": {
    "id": "LU-00274",
    "layer": "LAND_USE",
    "land_use_code": "1401",
    "land_use_name_zh": "公园绿地 / 京张活力带",
    "source_type": "agent_generated_design",
    "confidence": "medium",
    "geometry_role": "design_proposal",
    "area_sqm": 13662.3
   },
   "geometry": {
    "type": "Polygon",
    "coordinates": [
     [
      [
       116.34449999999998,
       39.96179999999995
      ],
      [
       116.34569999999998,
       39.96179999999995
      ],
      [
       116.34569999999998,
       39.96059999999995
      ],
      [
       116.34449999999998,
       39.96059999999995
      ],
      [
       116.34449999999998,
       39.96179999999995
      ]
     ]
    ]
   }
  },
  {
   "type": "Feature",
   "id": "LU-00275",
   "properties": {
    "id": "LU-00275",
    "layer": "LAND_USE",
    "land_use_code": "1401",
    "land_use_name_zh": "公园绿地 / 京张活力带",
    "source_type": "agent_generated_design",
    "confidence": "medium",
    "geometry_role": "design_proposal",
    "area_sqm": 13662.1
   },
   "geometry": {
    "type": "Polygon",
    "coordinates": [
     [
      [
       116.34449999999998,
       39.962999999999944
      ],
      [
       116.34569999999998,
       39.962999999999944
      ],
      [
       116.34569999999998,
       39.96179999999995
      ],
      [
       116.34449999999998,
       39.96179999999995
      ],
      [
       116.34449999999998,
       39.962999999999944
      ]
     ]
    ]
   }
  },
  {
   "type": "Feature",
   "id": "LU-00276",
   "properties": {
    "id": "LU-00276",
    "layer": "LAND_USE",
    "land_use_code": "1401",
    "land_use_name_zh": "公园绿地 / 京张活力带",
    "source_type": "agent_generated_design",
    "confidence": "medium",
    "geometry_role": "design_proposal",
    "area_sqm": 13661.8
   },
   "geometry": {
    "type": "Polygon",
    "coordinates": [
     [
      [
       116.34449999999998,
       39.96419999999994
      ],
      [
       116.34569999999998,
       39.96419999999994
      ],
      [
       116.34569999999998,
       39.962999999999944
      ],
      [
       116.34449999999998,
       39.962999999999944
      ],
      [
       116.34449999999998,
       39.96419999999994
      ]
     ]
    ]
   }
  },
  {
   "type": "Feature",
   "id": "LU-00277",
   "properties": {
    "id": "LU-00277",
    "layer": "LAND_USE",
    "land_use_code": "1401",
    "land_use_name_zh": "公园绿地 / 京张活力带",
    "source_type": "agent_generated_design",
    "confidence": "medium",
    "geometry_role": "design_proposal",
    "area_sqm": 13661.6
   },
   "geometry": {
    "type": "Polygon",
    "coordinates": [
     [
      [
       116.34449999999998,
       39.96539999999994
      ],
      [
       116.34569999999998,
       39.96539999999994
      ],
      [
       116.34569999999998,
       39.96419999999994
      ],
      [
       116.34449999999998,
       39.96419999999994
      ],
      [
       116.34449999999998,
       39.96539999999994
      ]
     ]
    ]
   }
  },
  {
   "type": "Feature",
   "id": "LU-00278",
   "properties": {
    "id": "LU-00278",
    "layer": "LAND_USE",
    "land_use_code": "1401",
    "land_use_name_zh": "公园绿地 / 京张活力带",
    "source_type": "agent_generated_design",
    "confidence": "medium",
    "geometry_role": "design_proposal",
    "area_sqm": 13661.4
   },
   "geometry": {
    "type": "Polygon",
    "coordinates": [
     [
      [
       116.34449999999998,
       39.966599999999936
      ],
      [
       116.34569999999998,
       39.966599999999936
      ],
      [
       116.34569999999998,
       39.96539999999994
      ],
      [
       116.34449999999998,
       39.96539999999994
      ],
      [
       116.34449999999998,
       39.966599999999936
      ]
     ]
    ]
   }
  },
  {
   "type": "Feature",
   "id": "LU-00279",
   "properties": {
    "id": "LU-00279",
    "layer": "LAND_USE",
    "land_use_code": "1401",
    "land_use_name_zh": "公园绿地 / 京张活力带",
    "source_type": "agent_generated_design",
    "confidence": "medium",
    "geometry_role": "design_proposal",
    "area_sqm": 13661.1
   },
   "geometry": {
    "type": "Polygon",
    "coordinates": [
     [
      [
       116.34449999999998,
       39.96779999999993
      ],
      [
       116.34569999999998,
       39.96779999999993
      ],
      [
       116.34569999999998,
       39.966599999999936
      ],
      [
       116.34449999999998,
       39.966599999999936
      ],
      [
       116.34449999999998,
       39.96779999999993
      ]
     ]
    ]
   }
  },
  {
   "type": "Feature",
   "id": "LU-00280",
   "properties": {
    "id": "LU-00280",
    "layer": "LAND_USE",
    "land_use_code": "1401",
    "land_use_name_zh": "公园绿地 / 京张活力带",
    "source_type": "agent_generated_design",
    "confidence": "medium",
    "geometry_role": "design_proposal",
    "area_sqm": 13660.9
   },
   "geometry": {
    "type": "Polygon",
    "coordinates": [
     [
      [
       116.34449999999998,
       39.96899999999993
      ],
      [
       116.34569999999998,
       39.96899999999993
      ],
      [
       116.34569999999998,
       39.96779999999993
      ],
      [
       116.34449999999998,
       39.96779999999993
      ],
      [
       116.34449999999998,
       39.96899999999993
      ]
     ]
    ]
   }
  },
  {
   "type": "Feature",
   "id": "LU-00281",
   "properties": {
    "id": "LU-00281",
    "layer": "LAND_USE",
    "land_use_code": "1401",
    "land_use_name_zh": "公园绿地 / 京张活力带",
    "source_type": "agent_generated_design",
    "confidence": "medium",
    "geometry_role": "design_proposal",
    "area_sqm": 13660.6
   },
   "geometry": {
    "type": "Polygon",
    "coordinates": [
     [
      [
       116.34449999999998,
       39.97019999999993
      ],
      [
       116.34569999999998,
       39.97019999999993
      ],
      [
       116.34569999999998,
       39.96899999999993
      ],
      [
       116.34449999999998,
       39.96899999999993
      ],
      [
       116.34449999999998,
       39.97019999999993
      ]
     ]
    ]
   }
  },
  {
   "type": "Feature",
   "id": "LU-00282",
   "properties": {
    "id": "LU-00282",
    "layer": "LAND_USE",
    "land_use_code": "1401",
    "land_use_name_zh": "公园绿地 / 京张活力带",
    "source_type": "agent_generated_design",
    "confidence": "medium",
    "geometry_role": "design_proposal",
    "area_sqm": 13660.4
   },
   "geometry": {
    "type": "Polygon",
    "coordinates": [
     [
      [
       116.34449999999998,
       39.971399999999925
      ],
      [
       116.34569999999998,
       39.971399999999925
      ],
      [
       116.34569999999998,
       39.97019999999993
      ],
      [
       116.34449999999998,
       39.97019999999993
      ],
      [
       116.34449999999998,
       39.971399999999925
      ]
     ]
    ]
   }
  },
  {
   "type": "Feature",
   "id": "LU-00283",
   "properties": {
    "id": "LU-00283",
    "layer": "LAND_USE",
    "land_use_code": "1401",
    "land_use_name_zh": "公园绿地 / 京张活力带",
    "source_type": "agent_generated_design",
    "confidence": "medium",
    "geometry_role": "design_proposal",
    "area_sqm": 13660.2
   },
   "geometry": {
    "type": "Polygon",
    "coordinates": [
     [
      [
       116.34449999999998,
       39.97259999999992
      ],
      [
       116.34569999999998,
       39.97259999999992
      ],
      [
       116.34569999999998,
       39.971399999999925
      ],
      [
       116.34449999999998,
       39.971399999999925
      ],
      [
       116.34449999999998,
       39.97259999999992
      ]
     ]
    ]
   }
  },
  {
   "type": "Feature",
   "id": "LU-00284",
   "properties": {
    "id": "LU-00284",
    "layer": "LAND_USE",
    "land_use_code": "1401",
    "land_use_name_zh": "公园绿地 / 京张活力带",
    "source_type": "agent_generated_design",
    "confidence": "medium",
    "geometry_role": "design_proposal",
    "area_sqm": 13659.9
   },
   "geometry": {
    "type": "Polygon",
    "coordinates": [
     [
      [
       116.34449999999998,
       39.97379999999992
      ],
      [
       116.34569999999998,
       39.97379999999992
      ],
      [
       116.34569999999998,
       39.97259999999992
      ],
      [
       116.34449999999998,
       39.97259999999992
      ],
      [
       116.34449999999998,
       39.97379999999992
      ]
     ]
    ]
   }
  },
  {
   "type": "Feature",
   "id": "LU-00285",
   "properties": {
    "id": "LU-00285",
    "layer": "LAND_USE",
    "land_use_code": "1207",
    "land_use_name_zh": "城镇道路用地",
    "source_type": "agent_generated_design",
    "confidence": "medium",
    "geometry_role": "design_proposal",
    "area_sqm": 13659.7
   },
   "geometry": {
    "type": "Polygon",
    "coordinates": [
     [
      [
       116.34449999999998,
       39.974999999999916
      ],
      [
       116.34569999999998,
       39.974999999999916
      ],
      [
       116.34569999999998,
       39.97379999999992
      ],
      [
       116.34449999999998,
       39.97379999999992
      ],
      [
       116.34449999999998,
       39.974999999999916
      ]
     ]
    ]
   }
  },
  {
   "type": "Feature",
   "id": "LU-00286",
   "properties": {
    "id": "LU-00286",
    "layer": "LAND_USE",
    "land_use_code": "1207",
    "land_use_name_zh": "城镇道路用地",
    "source_type": "agent_generated_design",
    "confidence": "medium",
    "geometry_role": "design_proposal",
    "area_sqm": 13659.5
   },
   "geometry": {
    "type": "Polygon",
    "coordinates": [
     [
      [
       116.34449999999998,
       39.97619999999991
      ],
      [
       116.34569999999998,
       39.97619999999991
      ],
      [
       116.34569999999998,
       39.974999999999916
      ],
      [
       116.34449999999998,
       39.974999999999916
      ],
      [
       116.34449999999998,
       39.97619999999991
      ]
     ]
    ]
   }
  },
  {
   "type": "Feature",
   "id": "LU-00287",
   "properties": {
    "id": "LU-00287",
    "layer": "LAND_USE",
    "land_use_code": "1207",
    "land_use_name_zh": "城镇道路用地",
    "source_type": "agent_generated_design",
    "confidence": "medium",
    "geometry_role": "design_proposal",
    "area_sqm": 13659.2
   },
   "geometry": {
    "type": "Polygon",
    "coordinates": [
     [
      [
       116.34449999999998,
       39.97739999999991
      ],
      [
       116.34569999999998,
       39.97739999999991
      ],
      [
       116.34569999999998,
       39.97619999999991
      ],
      [
       116.34449999999998,
       39.97619999999991
      ],
      [
       116.34449999999998,
       39.97739999999991
      ]
     ]
    ]
   }
  },
  {
   "type": "Feature",
   "id": "LU-00288",
   "properties": {
    "id": "LU-00288",
    "layer": "LAND_USE",
    "land_use_code": "1207",
    "land_use_name_zh": "城镇道路用地",
    "source_type": "agent_generated_design",
    "confidence": "medium",
    "geometry_role": "design_proposal",
    "area_sqm": 13659.0
   },
   "geometry": {
    "type": "Polygon",
    "coordinates": [
     [
      [
       116.34449999999998,
       39.97859999999991
      ],
      [
       116.34569999999998,
       39.97859999999991
      ],
      [
       116.34569999999998,
       39.97739999999991
      ],
      [
       116.34449999999998,
       39.97739999999991
      ],
      [
       116.34449999999998,
       39.97859999999991
      ]
     ]
    ]
   }
  },
  {
   "type": "Feature",
   "id": "LU-00289",
   "properties": {
    "id": "LU-00289",
    "layer": "LAND_USE",
    "land_use_code": "1207",
    "land_use_name_zh": "城镇道路用地",
    "source_type": "agent_generated_design",
    "confidence": "medium",
    "geometry_role": "design_proposal",
    "area_sqm": 13658.8
   },
   "geometry": {
    "type": "Polygon",
    "coordinates": [
     [
      [
       116.34449999999998,
       39.979799999999905
      ],
      [
       116.34569999999998,
       39.979799999999905
      ],
      [
       116.34569999999998,
       39.97859999999991
      ],
      [
       116.34449999999998,
       39.97859999999991
      ],
      [
       116.34449999999998,
       39.979799999999905
      ]
     ]
    ]
   }
  },
  {
   "type": "Feature",
   "id": "LU-00290",
   "properties": {
    "id": "LU-00290",
    "layer": "LAND_USE",
    "land_use_code": "1207",
    "land_use_name_zh": "城镇道路用地",
    "source_type": "agent_generated_design",
    "confidence": "medium",
    "geometry_role": "design_proposal",
    "area_sqm": 13658.5
   },
   "geometry": {
    "type": "Polygon",
    "coordinates": [
     [
      [
       116.34449999999998,
       39.9809999999999
      ],
      [
       116.34569999999998,
       39.9809999999999
      ],
      [
       116.34569999999998,
       39.979799999999905
      ],
      [
       116.34449999999998,
       39.979799999999905
      ],
      [
       116.34449999999998,
       39.9809999999999
      ]
     ]
    ]
   }
  },
  {
   "type": "Feature",
   "id": "LU-00291",
   "properties": {
    "id": "LU-00291",
    "layer": "LAND_USE",
    "land_use_code": "1207",
    "land_use_name_zh": "城镇道路用地",
    "source_type": "agent_generated_design",
    "confidence": "medium",
    "geometry_role": "design_proposal",
    "area_sqm": 13658.3
   },
   "geometry": {
    "type": "Polygon",
    "coordinates": [
     [
      [
       116.34449999999998,
       39.9821999999999
      ],
      [
       116.34569999999998,
       39.9821999999999
      ],
      [
       116.34569999999998,
       39.9809999999999
      ],
      [
       116.34449999999998,
       39.9809999999999
      ],
      [
       116.34449999999998,
       39.9821999999999
      ]
     ]
    ]
   }
  },
  {
   "type": "Feature",
   "id": "LU-00292",
   "properties": {
    "id": "LU-00292",
    "layer": "LAND_USE",
    "land_use_code": "1207",
    "land_use_name_zh": "城镇道路用地",
    "source_type": "agent_generated_design",
    "confidence": "medium",
    "geometry_role": "design_proposal",
    "area_sqm": 13658.0
   },
   "geometry": {
    "type": "Polygon",
    "coordinates": [
     [
      [
       116.34449999999998,
       39.9833999999999
      ],
      [
       116.34569999999998,
       39.9833999999999
      ],
      [
       116.34569999999998,
       39.9821999999999
      ],
      [
       116.34449999999998,
       39.9821999999999
      ],
      [
       116.34449999999998,
       39.9833999999999
      ]
     ]
    ]
   }
  },
  {
   "type": "Feature",
   "id": "LU-00293",
   "properties": {
    "id": "LU-00293",
    "layer": "LAND_USE",
    "land_use_code": "0701",
    "land_use_name_zh": "城镇住宅用地",
    "source_type": "agent_generated_design",
    "confidence": "medium",
    "geometry_role": "design_proposal",
    "area_sqm": 13657.8
   },
   "geometry": {
    "type": "Polygon",
    "coordinates": [
     [
      [
       116.34449999999998,
       39.984599999999894
      ],
      [
       116.34569999999998,
       39.984599999999894
      ],
      [
       116.34569999999998,
       39.9833999999999
      ],
      [
       116.34449999999998,
       39.9833999999999
      ],
      [
       116.34449999999998,
       39.984599999999894
      ]
     ]
    ]
   }
  },
  {
   "type": "Feature",
   "id": "LU-00294",
   "properties": {
    "id": "LU-00294",
    "layer": "LAND_USE",
    "land_use_code": "0701",
    "land_use_name_zh": "城镇住宅用地",
    "source_type": "agent_generated_design",
    "confidence": "medium",
    "geometry_role": "design_proposal",
    "area_sqm": 13657.6
   },
   "geometry": {
    "type": "Polygon",
    "coordinates": [
     [
      [
       116.34449999999998,
       39.98579999999989
      ],
      [
       116.34569999999998,
       39.98579999999989
      ],
      [
       116.34569999999998,
       39.984599999999894
      ],
      [
       116.34449999999998,
       39.984599999999894
      ],
      [
       116.34449999999998,
       39.98579999999989
      ]
     ]
    ]
   }
  },
  {
   "type": "Feature",
   "id": "LU-00295",
   "properties": {
    "id": "LU-00295",
    "layer": "LAND_USE",
    "land_use_code": "0701",
    "land_use_name_zh": "城镇住宅用地",
    "source_type": "agent_generated_design",
    "confidence": "medium",
    "geometry_role": "design_proposal",
    "area_sqm": 13657.3
   },
   "geometry": {
    "type": "Polygon",
    "coordinates": [
     [
      [
       116.34449999999998,
       39.98699999999989
      ],
      [
       116.34569999999998,
       39.98699999999989
      ],
      [
       116.34569999999998,
       39.98579999999989
      ],
      [
       116.34449999999998,
       39.98579999999989
      ],
      [
       116.34449999999998,
       39.98699999999989
      ]
     ]
    ]
   }
  },
  {
   "type": "Feature",
   "id": "LU-00296",
   "properties": {
    "id": "LU-00296",
    "layer": "LAND_USE",
    "land_use_code": "0702",
    "land_use_name_zh": "城镇社区服务设施用地",
    "source_type": "agent_generated_design",
    "confidence": "medium",
    "geometry_role": "design_proposal",
    "area_sqm": 13657.1
   },
   "geometry": {
    "type": "Polygon",
    "coordinates": [
     [
      [
       116.34449999999998,
       39.988199999999885
      ],
      [
       116.34569999999998,
       39.988199999999885
      ],
      [
       116.34569999999998,
       39.98699999999989
      ],
      [
       116.34449999999998,
       39.98699999999989
      ],
      [
       116.34449999999998,
       39.988199999999885
      ]
     ]
    ]
   }
  },
  {
   "type": "Feature",
   "id": "LU-00297",
   "properties": {
    "id": "LU-00297",
    "layer": "LAND_USE",
    "land_use_code": "0702",
    "land_use_name_zh": "城镇社区服务设施用地",
    "source_type": "agent_generated_design",
    "confidence": "medium",
    "geometry_role": "design_proposal",
    "area_sqm": 13656.9
   },
   "geometry": {
    "type": "Polygon",
    "coordinates": [
     [
      [
       116.34449999999998,
       39.98939999999988
      ],
      [
       116.34569999999998,
       39.98939999999988
      ],
      [
       116.34569999999998,
       39.988199999999885
      ],
      [
       116.34449999999998,
       39.988199999999885
      ],
      [
       116.34449999999998,
       39.98939999999988
      ]
     ]
    ]
   }
  },
  {
   "type": "Feature",
   "id": "LU-00298",
   "properties": {
    "id": "LU-00298",
    "layer": "LAND_USE",
    "land_use_code": "0702",
    "land_use_name_zh": "城镇社区服务设施用地",
    "source_type": "agent_generated_design",
    "confidence": "medium",
    "geometry_role": "design_proposal",
    "area_sqm": 13656.6
   },
   "geometry": {
    "type": "Polygon",
    "coordinates": [
     [
      [
       116.34449999999998,
       39.99059999999988
      ],
      [
       116.34569999999998,
       39.99059999999988
      ],
      [
       116.34569999999998,
       39.98939999999988
      ],
      [
       116.34449999999998,
       39.98939999999988
      ],
      [
       116.34449999999998,
       39.99059999999988
      ]
     ]
    ]
   }
  },
  {
   "type": "Feature",
   "id": "LU-00299",
   "properties": {
    "id": "LU-00299",
    "layer": "LAND_USE",
    "land_use_code": "0804",
    "land_use_name_zh": "教育科研用地",
    "source_type": "agent_generated_design",
    "confidence": "medium",
    "geometry_role": "design_proposal",
    "area_sqm": 13656.4
   },
   "geometry": {
    "type": "Polygon",
    "coordinates": [
     [
      [
       116.34449999999998,
       39.99179999999988
      ],
      [
       116.34569999999998,
       39.99179999999988
      ],
      [
       116.34569999999998,
       39.99059999999988
      ],
      [
       116.34449999999998,
       39.99059999999988
      ],
      [
       116.34449999999998,
       39.99179999999988
      ]
     ]
    ]
   }
  },
  {
   "type": "Feature",
   "id": "LU-00300",
   "properties": {
    "id": "LU-00300",
    "layer": "LAND_USE",
    "land_use_code": "0804",
    "land_use_name_zh": "教育科研用地",
    "source_type": "agent_generated_design",
    "confidence": "medium",
    "geometry_role": "design_proposal",
    "area_sqm": 13656.2
   },
   "geometry": {
    "type": "Polygon",
    "coordinates": [
     [
      [
       116.34449999999998,
       39.992999999999874
      ],
      [
       116.34569999999998,
       39.992999999999874
      ],
      [
       116.34569999999998,
       39.99179999999988
      ],
      [
       116.34449999999998,
       39.99179999999988
      ],
      [
       116.34449999999998,
       39.992999999999874
      ]
     ]
    ]
   }
  },
  {
   "type": "Feature",
   "id": "LU-00301",
   "properties": {
    "id": "LU-00301",
    "layer": "LAND_USE",
    "land_use_code": "1207",
    "land_use_name_zh": "城镇道路用地",
    "source_type": "agent_generated_design",
    "confidence": "medium",
    "geometry_role": "design_proposal",
    "area_sqm": 13655.9
   },
   "geometry": {
    "type": "Polygon",
    "coordinates": [
     [
      [
       116.34449999999998,
       39.99419999999987
      ],
      [
       116.34569999999998,
       39.99419999999987
      ],
      [
       116.34569999999998,
       39.992999999999874
      ],
      [
       116.34449999999998,
       39.992999999999874
      ],
      [
       116.34449999999998,
       39.99419999999987
      ]
     ]
    ]
   }
  },
  {
   "type": "Feature",
   "id": "LU-00302",
   "properties": {
    "id": "LU-00302",
    "layer": "LAND_USE",
    "land_use_code": "1207",
    "land_use_name_zh": "城镇道路用地",
    "source_type": "agent_generated_design",
    "confidence": "medium",
    "geometry_role": "design_proposal",
    "area_sqm": 13655.7
   },
   "geometry": {
    "type": "Polygon",
    "coordinates": [
     [
      [
       116.34449999999998,
       39.99539999999987
      ],
      [
       116.34569999999998,
       39.99539999999987
      ],
      [
       116.34569999999998,
       39.99419999999987
      ],
      [
       116.34449999999998,
       39.99419999999987
      ],
      [
       116.34449999999998,
       39.99539999999987
      ]
     ]
    ]
   }
  },
  {
   "type": "Feature",
   "id": "LU-00303",
   "properties": {
    "id": "LU-00303",
    "layer": "LAND_USE",
    "land_use_code": "1207",
    "land_use_name_zh": "城镇道路用地",
    "source_type": "agent_generated_design",
    "confidence": "medium",
    "geometry_role": "design_proposal",
    "area_sqm": 13655.5
   },
   "geometry": {
    "type": "Polygon",
    "coordinates": [
     [
      [
       116.34449999999998,
       39.996599999999866
      ],
      [
       116.34569999999998,
       39.996599999999866
      ],
      [
       116.34569999999998,
       39.99539999999987
      ],
      [
       116.34449999999998,
       39.99539999999987
      ],
      [
       116.34449999999998,
       39.996599999999866
      ]
     ]
    ]
   }
  },
  {
   "type": "Feature",
   "id": "LU-00304",
   "properties": {
    "id": "LU-00304",
    "layer": "LAND_USE",
    "land_use_code": "1207",
    "land_use_name_zh": "城镇道路用地",
    "source_type": "agent_generated_design",
    "confidence": "medium",
    "geometry_role": "design_proposal",
    "area_sqm": 13655.2
   },
   "geometry": {
    "type": "Polygon",
    "coordinates": [
     [
      [
       116.34449999999998,
       39.99779999999986
      ],
      [
       116.34569999999998,
       39.99779999999986
      ],
      [
       116.34569999999998,
       39.996599999999866
      ],
      [
       116.34449999999998,
       39.996599999999866
      ],
      [
       116.34449999999998,
       39.99779999999986
      ]
     ]
    ]
   }
  },
  {
   "type": "Feature",
   "id": "LU-00305",
   "properties": {
    "id": "LU-00305",
    "layer": "LAND_USE",
    "land_use_code": "1207",
    "land_use_name_zh": "城镇道路用地",
    "source_type": "agent_generated_design",
    "confidence": "medium",
    "geometry_role": "design_proposal",
    "area_sqm": 13655.0
   },
   "geometry": {
    "type": "Polygon",
    "coordinates": [
     [
      [
       116.34449999999998,
       39.99899999999986
      ],
      [
       116.34569999999998,
       39.99899999999986
      ],
      [
       116.34569999999998,
       39.99779999999986
      ],
      [
       116.34449999999998,
       39.99779999999986
      ],
      [
       116.34449999999998,
       39.99899999999986
      ]
     ]
    ]
   }
  },
  {
   "type": "Feature",
   "id": "LU-00306",
   "properties": {
    "id": "LU-00306",
    "layer": "LAND_USE",
    "land_use_code": "1207",
    "land_use_name_zh": "城镇道路用地",
    "source_type": "agent_generated_design",
    "confidence": "medium",
    "geometry_role": "design_proposal",
    "area_sqm": 13654.7
   },
   "geometry": {
    "type": "Polygon",
    "coordinates": [
     [
      [
       116.34449999999998,
       40.00019999999986
      ],
      [
       116.34569999999998,
       40.00019999999986
      ],
      [
       116.34569999999998,
       39.99899999999986
      ],
      [
       116.34449999999998,
       39.99899999999986
      ],
      [
       116.34449999999998,
       40.00019999999986
      ]
     ]
    ]
   }
  },
  {
   "type": "Feature",
   "id": "LU-00307",
   "properties": {
    "id": "LU-00307",
    "layer": "LAND_USE",
    "land_use_code": "1207",
    "land_use_name_zh": "城镇道路用地",
    "source_type": "agent_generated_design",
    "confidence": "medium",
    "geometry_role": "design_proposal",
    "area_sqm": 13654.5
   },
   "geometry": {
    "type": "Polygon",
    "coordinates": [
     [
      [
       116.34449999999998,
       40.001399999999855
      ],
      [
       116.34569999999998,
       40.001399999999855
      ],
      [
       116.34569999999998,
       40.00019999999986
      ],
      [
       116.34449999999998,
       40.00019999999986
      ],
      [
       116.34449999999998,
       40.001399999999855
      ]
     ]
    ]
   }
  },
  {
   "type": "Feature",
   "id": "LU-00308",
   "properties": {
    "id": "LU-00308",
    "layer": "LAND_USE",
    "land_use_code": "1207",
    "land_use_name_zh": "城镇道路用地",
    "source_type": "agent_generated_design",
    "confidence": "medium",
    "geometry_role": "design_proposal",
    "area_sqm": 13654.3
   },
   "geometry": {
    "type": "Polygon",
    "coordinates": [
     [
      [
       116.34449999999998,
       40.00259999999985
      ],
      [
       116.34569999999998,
       40.00259999999985
      ],
      [
       116.34569999999998,
       40.001399999999855
      ],
      [
       116.34449999999998,
       40.001399999999855
      ],
      [
       116.34449999999998,
       40.00259999999985
      ]
     ]
    ]
   }
  },
  {
   "type": "Feature",
   "id": "LU-00309",
   "properties": {
    "id": "LU-00309",
    "layer": "LAND_USE",
    "land_use_code": "1207",
    "land_use_name_zh": "城镇道路用地",
    "source_type": "agent_generated_design",
    "confidence": "medium",
    "geometry_role": "design_proposal",
    "area_sqm": 13654.0
   },
   "geometry": {
    "type": "Polygon",
    "coordinates": [
     [
      [
       116.34449999999998,
       40.00379999999985
      ],
      [
       116.34569999999998,
       40.00379999999985
      ],
      [
       116.34569999999998,
       40.00259999999985
      ],
      [
       116.34449999999998,
       40.00259999999985
      ],
      [
       116.34449999999998,
       40.00379999999985
      ]
     ]
    ]
   }
  },
  {
   "type": "Feature",
   "id": "LU-00310",
   "properties": {
    "id": "LU-00310",
    "layer": "LAND_USE",
    "land_use_code": "1207",
    "land_use_name_zh": "城镇道路用地",
    "source_type": "agent_generated_design",
    "confidence": "medium",
    "geometry_role": "design_proposal",
    "area_sqm": 13653.8
   },
   "geometry": {
    "type": "Polygon",
    "coordinates": [
     [
      [
       116.34449999999998,
       40.004999999999846
      ],
      [
       116.34569999999998,
       40.004999999999846
      ],
      [
       116.34569999999998,
       40.00379999999985
      ],
      [
       116.34449999999998,
       40.00379999999985
      ],
      [
       116.34449999999998,
       40.004999999999846
      ]
     ]
    ]
   }
  },
  {
   "type": "Feature",
   "id": "LU-00311",
   "properties": {
    "id": "LU-00311",
    "layer": "LAND_USE",
    "land_use_code": "1207",
    "land_use_name_zh": "城镇道路用地",
    "source_type": "agent_generated_design",
    "confidence": "medium",
    "geometry_role": "design_proposal",
    "area_sqm": 13653.6
   },
   "geometry": {
    "type": "Polygon",
    "coordinates": [
     [
      [
       116.34449999999998,
       40.00619999999984
      ],
      [
       116.34569999999998,
       40.00619999999984
      ],
      [
       116.34569999999998,
       40.004999999999846
      ],
      [
       116.34449999999998,
       40.004999999999846
      ],
      [
       116.34449999999998,
       40.00619999999984
      ]
     ]
    ]
   }
  },
  {
   "type": "Feature",
   "id": "LU-00312",
   "properties": {
    "id": "LU-00312",
    "layer": "LAND_USE",
    "land_use_code": "1207",
    "land_use_name_zh": "城镇道路用地",
    "source_type": "agent_generated_design",
    "confidence": "medium",
    "geometry_role": "design_proposal",
    "area_sqm": 13653.3
   },
   "geometry": {
    "type": "Polygon",
    "coordinates": [
     [
      [
       116.34449999999998,
       40.00739999999984
      ],
      [
       116.34569999999998,
       40.00739999999984
      ],
      [
       116.34569999999998,
       40.00619999999984
      ],
      [
       116.34449999999998,
       40.00619999999984
      ],
      [
       116.34449999999998,
       40.00739999999984
      ]
     ]
    ]
   }
  },
  {
   "type": "Feature",
   "id": "LU-00313",
   "properties": {
    "id": "LU-00313",
    "layer": "LAND_USE",
    "land_use_code": "1001",
    "land_use_name_zh": "工业用地 / AI 自主创新产业",
    "source_type": "agent_generated_design",
    "confidence": "medium",
    "geometry_role": "design_proposal",
    "area_sqm": 13653.1
   },
   "geometry": {
    "type": "Polygon",
    "coordinates": [
     [
      [
       116.34449999999998,
       40.00859999999984
      ],
      [
       116.34569999999998,
       40.00859999999984
      ],
      [
       116.34569999999998,
       40.00739999999984
      ],
      [
       116.34449999999998,
       40.00739999999984
      ],
      [
       116.34449999999998,
       40.00859999999984
      ]
     ]
    ]
   }
  },
  {
   "type": "Feature",
   "id": "LU-00314",
   "properties": {
    "id": "LU-00314",
    "layer": "LAND_USE",
    "land_use_code": "1001",
    "land_use_name_zh": "工业用地 / AI 自主创新产业",
    "source_type": "agent_generated_design",
    "confidence": "medium",
    "geometry_role": "design_proposal",
    "area_sqm": 13652.9
   },
   "geometry": {
    "type": "Polygon",
    "coordinates": [
     [
      [
       116.34449999999998,
       40.009799999999835
      ],
      [
       116.34569999999998,
       40.009799999999835
      ],
      [
       116.34569999999998,
       40.00859999999984
      ],
      [
       116.34449999999998,
       40.00859999999984
      ],
      [
       116.34449999999998,
       40.009799999999835
      ]
     ]
    ]
   }
  },
  {
   "type": "Feature",
   "id": "LU-00315",
   "properties": {
    "id": "LU-00315",
    "layer": "LAND_USE",
    "land_use_code": "1001",
    "land_use_name_zh": "工业用地 / AI 自主创新产业",
    "source_type": "agent_generated_design",
    "confidence": "medium",
    "geometry_role": "design_proposal",
    "area_sqm": 13652.6
   },
   "geometry": {
    "type": "Polygon",
    "coordinates": [
     [
      [
       116.34449999999998,
       40.01099999999983
      ],
      [
       116.34569999999998,
       40.01099999999983
      ],
      [
       116.34569999999998,
       40.009799999999835
      ],
      [
       116.34449999999998,
       40.009799999999835
      ],
      [
       116.34449999999998,
       40.01099999999983
      ]
     ]
    ]
   }
  },
  {
   "type": "Feature",
   "id": "LU-00316",
   "properties": {
    "id": "LU-00316",
    "layer": "LAND_USE",
    "land_use_code": "1001",
    "land_use_name_zh": "工业用地 / AI 自主创新产业",
    "source_type": "agent_generated_design",
    "confidence": "medium",
    "geometry_role": "design_proposal",
    "area_sqm": 13652.4
   },
   "geometry": {
    "type": "Polygon",
    "coordinates": [
     [
      [
       116.34449999999998,
       40.01219999999983
      ],
      [
       116.34569999999998,
       40.01219999999983
      ],
      [
       116.34569999999998,
       40.01099999999983
      ],
      [
       116.34449999999998,
       40.01099999999983
      ],
      [
       116.34449999999998,
       40.01219999999983
      ]
     ]
    ]
   }
  },
  {
   "type": "Feature",
   "id": "LU-00317",
   "properties": {
    "id": "LU-00317",
    "layer": "LAND_USE",
    "land_use_code": "1001",
    "land_use_name_zh": "工业用地 / AI 自主创新产业",
    "source_type": "agent_generated_design",
    "confidence": "medium",
    "geometry_role": "design_proposal",
    "area_sqm": 13652.1
   },
   "geometry": {
    "type": "Polygon",
    "coordinates": [
     [
      [
       116.34449999999998,
       40.01339999999983
      ],
      [
       116.34569999999998,
       40.01339999999983
      ],
      [
       116.34569999999998,
       40.01219999999983
      ],
      [
       116.34449999999998,
       40.01219999999983
      ],
      [
       116.34449999999998,
       40.01339999999983
      ]
     ]
    ]
   }
  },
  {
   "type": "Feature",
   "id": "LU-00318",
   "properties": {
    "id": "LU-00318",
    "layer": "LAND_USE",
    "land_use_code": "1001",
    "land_use_name_zh": "工业用地 / AI 自主创新产业",
    "source_type": "agent_generated_design",
    "confidence": "medium",
    "geometry_role": "design_proposal",
    "area_sqm": 13651.9
   },
   "geometry": {
    "type": "Polygon",
    "coordinates": [
     [
      [
       116.34449999999998,
       40.014599999999824
      ],
      [
       116.34569999999998,
       40.014599999999824
      ],
      [
       116.34569999999998,
       40.01339999999983
      ],
      [
       116.34449999999998,
       40.01339999999983
      ],
      [
       116.34449999999998,
       40.014599999999824
      ]
     ]
    ]
   }
  },
  {
   "type": "Feature",
   "id": "LU-00319",
   "properties": {
    "id": "LU-00319",
    "layer": "LAND_USE",
    "land_use_code": "1001",
    "land_use_name_zh": "工业用地 / AI 自主创新产业",
    "source_type": "agent_generated_design",
    "confidence": "medium",
    "geometry_role": "design_proposal",
    "area_sqm": 13651.7
   },
   "geometry": {
    "type": "Polygon",
    "coordinates": [
     [
      [
       116.34449999999998,
       40.01579999999982
      ],
      [
       116.34569999999998,
       40.01579999999982
      ],
      [
       116.34569999999998,
       40.014599999999824
      ],
      [
       116.34449999999998,
       40.014599999999824
      ],
      [
       116.34449999999998,
       40.01579999999982
      ]
     ]
    ]
   }
  },
  {
   "type": "Feature",
   "id": "LU-00320",
   "properties": {
    "id": "LU-00320",
    "layer": "LAND_USE",
    "land_use_code": "1001",
    "land_use_name_zh": "工业用地 / AI 自主创新产业",
    "source_type": "agent_generated_design",
    "confidence": "medium",
    "geometry_role": "design_proposal",
    "area_sqm": 13651.4
   },
   "geometry": {
    "type": "Polygon",
    "coordinates": [
     [
      [
       116.34449999999998,
       40.01699999999982
      ],
      [
       116.34569999999998,
       40.01699999999982
      ],
      [
       116.34569999999998,
       40.01579999999982
      ],
      [
       116.34449999999998,
       40.01579999999982
      ],
      [
       116.34449999999998,
       40.01699999999982
      ]
     ]
    ]
   }
  },
  {
   "type": "Feature",
   "id": "LU-00321",
   "properties": {
    "id": "LU-00321",
    "layer": "LAND_USE",
    "land_use_code": "1001",
    "land_use_name_zh": "工业用地 / AI 自主创新产业",
    "source_type": "agent_generated_design",
    "confidence": "medium",
    "geometry_role": "design_proposal",
    "area_sqm": 13651.2
   },
   "geometry": {
    "type": "Polygon",
    "coordinates": [
     [
      [
       116.34449999999998,
       40.018199999999815
      ],
      [
       116.34569999999998,
       40.018199999999815
      ],
      [
       116.34569999999998,
       40.01699999999982
      ],
      [
       116.34449999999998,
       40.01699999999982
      ],
      [
       116.34449999999998,
       40.018199999999815
      ]
     ]
    ]
   }
  },
  {
   "type": "Feature",
   "id": "LU-00322",
   "properties": {
    "id": "LU-00322",
    "layer": "LAND_USE",
    "land_use_code": "1001",
    "land_use_name_zh": "工业用地 / AI 自主创新产业",
    "source_type": "agent_generated_design",
    "confidence": "medium",
    "geometry_role": "design_proposal",
    "area_sqm": 13651.0
   },
   "geometry": {
    "type": "Polygon",
    "coordinates": [
     [
      [
       116.34449999999998,
       40.01939999999981
      ],
      [
       116.34569999999998,
       40.01939999999981
      ],
      [
       116.34569999999998,
       40.018199999999815
      ],
      [
       116.34449999999998,
       40.018199999999815
      ],
      [
       116.34449999999998,
       40.01939999999981
      ]
     ]
    ]
   }
  },
  {
   "type": "Feature",
   "id": "LU-00323",
   "properties": {
    "id": "LU-00323",
    "layer": "LAND_USE",
    "land_use_code": "1001",
    "land_use_name_zh": "工业用地 / AI 自主创新产业",
    "source_type": "agent_generated_design",
    "confidence": "medium",
    "geometry_role": "design_proposal",
    "area_sqm": 13650.7
   },
   "geometry": {
    "type": "Polygon",
    "coordinates": [
     [
      [
       116.34449999999998,
       40.02059999999981
      ],
      [
       116.34569999999998,
       40.02059999999981
      ],
      [
       116.34569999999998,
       40.01939999999981
      ],
      [
       116.34449999999998,
       40.01939999999981
      ],
      [
       116.34449999999998,
       40.02059999999981
      ]
     ]
    ]
   }
  },
  {
   "type": "Feature",
   "id": "LU-00324",
   "properties": {
    "id": "LU-00324",
    "layer": "LAND_USE",
    "land_use_code": "1001",
    "land_use_name_zh": "工业用地 / AI 自主创新产业",
    "source_type": "agent_generated_design",
    "confidence": "medium",
    "geometry_role": "design_proposal",
    "area_sqm": 13650.5
   },
   "geometry": {
    "type": "Polygon",
    "coordinates": [
     [
      [
       116.34449999999998,
       40.02179999999981
      ],
      [
       116.34569999999998,
       40.02179999999981
      ],
      [
       116.34569999999998,
       40.02059999999981
      ],
      [
       116.34449999999998,
       40.02059999999981
      ],
      [
       116.34449999999998,
       40.02179999999981
      ]
     ]
    ]
   }
  },
  {
   "type": "Feature",
   "id": "LU-00325",
   "properties": {
    "id": "LU-00325",
    "layer": "LAND_USE",
    "land_use_code": "1001",
    "land_use_name_zh": "工业用地 / AI 自主创新产业",
    "source_type": "agent_generated_design",
    "confidence": "medium",
    "geometry_role": "design_proposal",
    "area_sqm": 13650.3
   },
   "geometry": {
    "type": "Polygon",
    "coordinates": [
     [
      [
       116.34449999999998,
       40.022999999999804
      ],
      [
       116.34569999999998,
       40.022999999999804
      ],
      [
       116.34569999999998,
       40.02179999999981
      ],
      [
       116.34449999999998,
       40.02179999999981
      ],
      [
       116.34449999999998,
       40.022999999999804
      ]
     ]
    ]
   }
  },
  {
   "type": "Feature",
   "id": "LU-00326",
   "properties": {
    "id": "LU-00326",
    "layer": "LAND_USE",
    "land_use_code": "1001",
    "land_use_name_zh": "工业用地 / AI 自主创新产业",
    "source_type": "agent_generated_design",
    "confidence": "medium",
    "geometry_role": "design_proposal",
    "area_sqm": 13650.0
   },
   "geometry": {
    "type": "Polygon",
    "coordinates": [
     [
      [
       116.34449999999998,
       40.0241999999998
      ],
      [
       116.34569999999998,
       40.0241999999998
      ],
      [
       116.34569999999998,
       40.022999999999804
      ],
      [
       116.34449999999998,
       40.022999999999804
      ],
      [
       116.34449999999998,
       40.0241999999998
      ]
     ]
    ]
   }
  },
  {
   "type": "Feature",
   "id": "LU-00327",
   "properties": {
    "id": "LU-00327",
    "layer": "LAND_USE",
    "land_use_code": "1001",
    "land_use_name_zh": "工业用地 / AI 自主创新产业",
    "source_type": "agent_generated_design",
    "confidence": "medium",
    "geometry_role": "design_proposal",
    "area_sqm": 13649.8
   },
   "geometry": {
    "type": "Polygon",
    "coordinates": [
     [
      [
       116.34449999999998,
       40.0253999999998
      ],
      [
       116.34569999999998,
       40.0253999999998
      ],
      [
       116.34569999999998,
       40.0241999999998
      ],
      [
       116.34449999999998,
       40.0241999999998
      ],
      [
       116.34449999999998,
       40.0253999999998
      ]
     ]
    ]
   }
  },
  {
   "type": "Feature",
   "id": "LU-00328",
   "properties": {
    "id": "LU-00328",
    "layer": "LAND_USE",
    "land_use_code": "1001",
    "land_use_name_zh": "工业用地 / AI 自主创新产业",
    "source_type": "agent_generated_design",
    "confidence": "medium",
    "geometry_role": "design_proposal",
    "area_sqm": 12512.1
   },
   "geometry": {
    "type": "Polygon",
    "coordinates": [
     [
      [
       116.34569999999998,
       40.0253999999998
      ],
      [
       116.34449999999998,
       40.0253999999998
      ],
      [
       116.34449999999998,
       40.0265
      ],
      [
       116.34569999999998,
       40.0265
      ],
      [
       116.34569999999998,
       40.0253999999998
      ]
     ]
    ]
   }
  },
  {
   "type": "Feature",
   "id": "LU-00329",
   "properties": {
    "id": "LU-00329",
    "layer": "LAND_USE",
    "land_use_code": "1207",
    "land_use_name_zh": "城镇道路用地",
    "source_type": "agent_generated_design",
    "confidence": "medium",
    "geometry_role": "design_proposal",
    "area_sqm": 13666.5
   },
   "geometry": {
    "type": "Polygon",
    "coordinates": [
     [
      [
       116.34569999999998,
       39.939
      ],
      [
       116.34569999999998,
       39.9402
      ],
      [
       116.34689999999998,
       39.9402
      ],
      [
       116.34689999999998,
       39.939
      ],
      [
       116.34569999999998,
       39.939
      ]
     ]
    ]
   }
  },
  {
   "type": "Feature",
   "id": "LU-00330",
   "properties": {
    "id": "LU-00330",
    "layer": "LAND_USE",
    "land_use_code": "0701",
    "land_use_name_zh": "城镇住宅用地",
    "source_type": "agent_generated_design",
    "confidence": "medium",
    "geometry_role": "design_proposal",
    "area_sqm": 13666.3
   },
   "geometry": {
    "type": "Polygon",
    "coordinates": [
     [
      [
       116.34569999999998,
       39.941399999999994
      ],
      [
       116.34689999999998,
       39.941399999999994
      ],
      [
       116.34689999999998,
       39.9402
      ],
      [
       116.34569999999998,
       39.9402
      ],
      [
       116.34569999999998,
       39.941399999999994
      ]
     ]
    ]
   }
  },
  {
   "type": "Feature",
   "id": "LU-00331",
   "properties": {
    "id": "LU-00331",
    "layer": "LAND_USE",
    "land_use_code": "0701",
    "land_use_name_zh": "城镇住宅用地",
    "source_type": "agent_generated_design",
    "confidence": "medium",
    "geometry_role": "design_proposal",
    "area_sqm": 13666.1
   },
   "geometry": {
    "type": "Polygon",
    "coordinates": [
     [
      [
       116.34569999999998,
       39.94259999999999
      ],
      [
       116.34689999999998,
       39.94259999999999
      ],
      [
       116.34689999999998,
       39.941399999999994
      ],
      [
       116.34569999999998,
       39.941399999999994
      ],
      [
       116.34569999999998,
       39.94259999999999
      ]
     ]
    ]
   }
  },
  {
   "type": "Feature",
   "id": "LU-00332",
   "properties": {
    "id": "LU-00332",
    "layer": "LAND_USE",
    "land_use_code": "1207",
    "land_use_name_zh": "城镇道路用地",
    "source_type": "agent_generated_design",
    "confidence": "medium",
    "geometry_role": "design_proposal",
    "area_sqm": 13665.8
   },
   "geometry": {
    "type": "Polygon",
    "coordinates": [
     [
      [
       116.34569999999998,
       39.94379999999999
      ],
      [
       116.34689999999998,
       39.94379999999999
      ],
      [
       116.34689999999998,
       39.94259999999999
      ],
      [
       116.34569999999998,
       39.94259999999999
      ],
      [
       116.34569999999998,
       39.94379999999999
      ]
     ]
    ]
   }
  },
  {
   "type": "Feature",
   "id": "LU-00333",
   "properties": {
    "id": "LU-00333",
    "layer": "LAND_USE",
    "land_use_code": "0902",
    "land_use_name_zh": "商务金融用地 / AI 总部",
    "source_type": "agent_generated_design",
    "confidence": "medium",
    "geometry_role": "design_proposal",
    "area_sqm": 13665.6
   },
   "geometry": {
    "type": "Polygon",
    "coordinates": [
     [
      [
       116.34569999999998,
       39.944999999999986
      ],
      [
       116.34689999999998,
       39.944999999999986
      ],
      [
       116.34689999999998,
       39.94379999999999
      ],
      [
       116.34569999999998,
       39.94379999999999
      ],
      [
       116.34569999999998,
       39.944999999999986
      ]
     ]
    ]
   }
  },
  {
   "type": "Feature",
   "id": "LU-00334",
   "properties": {
    "id": "LU-00334",
    "layer": "LAND_USE",
    "land_use_code": "0902",
    "land_use_name_zh": "商务金融用地 / AI 总部",
    "source_type": "agent_generated_design",
    "confidence": "medium",
    "geometry_role": "design_proposal",
    "area_sqm": 13665.4
   },
   "geometry": {
    "type": "Polygon",
    "coordinates": [
     [
      [
       116.34569999999998,
       39.94619999999998
      ],
      [
       116.34689999999998,
       39.94619999999998
      ],
      [
       116.34689999999998,
       39.944999999999986
      ],
      [
       116.34569999999998,
       39.944999999999986
      ],
      [
       116.34569999999998,
       39.94619999999998
      ]
     ]
    ]
   }
  },
  {
   "type": "Feature",
   "id": "LU-00335",
   "properties": {
    "id": "LU-00335",
    "layer": "LAND_USE",
    "land_use_code": "0902",
    "land_use_name_zh": "商务金融用地 / AI 总部",
    "source_type": "agent_generated_design",
    "confidence": "medium",
    "geometry_role": "design_proposal",
    "area_sqm": 13665.1
   },
   "geometry": {
    "type": "Polygon",
    "coordinates": [
     [
      [
       116.34569999999998,
       39.94739999999998
      ],
      [
       116.34689999999998,
       39.94739999999998
      ],
      [
       116.34689999999998,
       39.94619999999998
      ],
      [
       116.34569999999998,
       39.94619999999998
      ],
      [
       116.34569999999998,
       39.94739999999998
      ]
     ]
    ]
   }
  },
  {
   "type": "Feature",
   "id": "LU-00336",
   "properties": {
    "id": "LU-00336",
    "layer": "LAND_USE",
    "land_use_code": "0902",
    "land_use_name_zh": "商务金融用地 / AI 总部",
    "source_type": "agent_generated_design",
    "confidence": "medium",
    "geometry_role": "design_proposal",
    "area_sqm": 13664.9
   },
   "geometry": {
    "type": "Polygon",
    "coordinates": [
     [
      [
       116.34569999999998,
       39.94859999999998
      ],
      [
       116.34689999999998,
       39.94859999999998
      ],
      [
       116.34689999999998,
       39.94739999999998
      ],
      [
       116.34569999999998,
       39.94739999999998
      ],
      [
       116.34569999999998,
       39.94859999999998
      ]
     ]
    ]
   }
  },
  {
   "type": "Feature",
   "id": "LU-00337",
   "properties": {
    "id": "LU-00337",
    "layer": "LAND_USE",
    "land_use_code": "0902",
    "land_use_name_zh": "商务金融用地 / AI 总部",
    "source_type": "agent_generated_design",
    "confidence": "medium",
    "geometry_role": "design_proposal",
    "area_sqm": 13664.7
   },
   "geometry": {
    "type": "Polygon",
    "coordinates": [
     [
      [
       116.34569999999998,
       39.949799999999975
      ],
      [
       116.34689999999998,
       39.949799999999975
      ],
      [
       116.34689999999998,
       39.94859999999998
      ],
      [
       116.34569999999998,
       39.94859999999998
      ],
      [
       116.34569999999998,
       39.949799999999975
      ]
     ]
    ]
   }
  },
  {
   "type": "Feature",
   "id": "LU-00338",
   "properties": {
    "id": "LU-00338",
    "layer": "LAND_USE",
    "land_use_code": "0801",
    "land_use_name_zh": "机关团体用地",
    "source_type": "agent_generated_design",
    "confidence": "medium",
    "geometry_role": "design_proposal",
    "area_sqm": 13664.4
   },
   "geometry": {
    "type": "Polygon",
    "coordinates": [
     [
      [
       116.34569999999998,
       39.95099999999997
      ],
      [
       116.34689999999998,
       39.95099999999997
      ],
      [
       116.34689999999998,
       39.949799999999975
      ],
      [
       116.34569999999998,
       39.949799999999975
      ],
      [
       116.34569999999998,
       39.95099999999997
      ]
     ]
    ]
   }
  },
  {
   "type": "Feature",
   "id": "LU-00339",
   "properties": {
    "id": "LU-00339",
    "layer": "LAND_USE",
    "land_use_code": "1207",
    "land_use_name_zh": "城镇道路用地",
    "source_type": "agent_generated_design",
    "confidence": "medium",
    "geometry_role": "design_proposal",
    "area_sqm": 13664.2
   },
   "geometry": {
    "type": "Polygon",
    "coordinates": [
     [
      [
       116.34569999999998,
       39.95219999999997
      ],
      [
       116.34689999999998,
       39.95219999999997
      ],
      [
       116.34689999999998,
       39.95099999999997
      ],
      [
       116.34569999999998,
       39.95099999999997
      ],
      [
       116.34569999999998,
       39.95219999999997
      ]
     ]
    ]
   }
  },
  {
   "type": "Feature",
   "id": "LU-00340",
   "properties": {
    "id": "LU-00340",
    "layer": "LAND_USE",
    "land_use_code": "0701",
    "land_use_name_zh": "城镇住宅用地",
    "source_type": "agent_generated_design",
    "confidence": "medium",
    "geometry_role": "design_proposal",
    "area_sqm": 13663.9
   },
   "geometry": {
    "type": "Polygon",
    "coordinates": [
     [
      [
       116.34569999999998,
       39.95339999999997
      ],
      [
       116.34689999999998,
       39.95339999999997
      ],
      [
       116.34689999999998,
       39.95219999999997
      ],
      [
       116.34569999999998,
       39.95219999999997
      ],
      [
       116.34569999999998,
       39.95339999999997
      ]
     ]
    ]
   }
  },
  {
   "type": "Feature",
   "id": "LU-00341",
   "properties": {
    "id": "LU-00341",
    "layer": "LAND_USE",
    "land_use_code": "0701",
    "land_use_name_zh": "城镇住宅用地",
    "source_type": "agent_generated_design",
    "confidence": "medium",
    "geometry_role": "design_proposal",
    "area_sqm": 13663.7
   },
   "geometry": {
    "type": "Polygon",
    "coordinates": [
     [
      [
       116.34569999999998,
       39.954599999999964
      ],
      [
       116.34689999999998,
       39.954599999999964
      ],
      [
       116.34689999999998,
       39.95339999999997
      ],
      [
       116.34569999999998,
       39.95339999999997
      ],
      [
       116.34569999999998,
       39.954599999999964
      ]
     ]
    ]
   }
  },
  {
   "type": "Feature",
   "id": "LU-00342",
   "properties": {
    "id": "LU-00342",
    "layer": "LAND_USE",
    "land_use_code": "1207",
    "land_use_name_zh": "城镇道路用地",
    "source_type": "agent_generated_design",
    "confidence": "medium",
    "geometry_role": "design_proposal",
    "area_sqm": 13663.5
   },
   "geometry": {
    "type": "Polygon",
    "coordinates": [
     [
      [
       116.34569999999998,
       39.95579999999996
      ],
      [
       116.34689999999998,
       39.95579999999996
      ],
      [
       116.34689999999998,
       39.954599999999964
      ],
      [
       116.34569999999998,
       39.954599999999964
      ],
      [
       116.34569999999998,
       39.95579999999996
      ]
     ]
    ]
   }
  },
  {
   "type": "Feature",
   "id": "LU-00343",
   "properties": {
    "id": "LU-00343",
    "layer": "LAND_USE",
    "land_use_code": "0701",
    "land_use_name_zh": "城镇住宅用地",
    "source_type": "agent_generated_design",
    "confidence": "medium",
    "geometry_role": "design_proposal",
    "area_sqm": 13663.2
   },
   "geometry": {
    "type": "Polygon",
    "coordinates": [
     [
      [
       116.34569999999998,
       39.95699999999996
      ],
      [
       116.34689999999998,
       39.95699999999996
      ],
      [
       116.34689999999998,
       39.95579999999996
      ],
      [
       116.34569999999998,
       39.95579999999996
      ],
      [
       116.34569999999998,
       39.95699999999996
      ]
     ]
    ]
   }
  },
  {
   "type": "Feature",
   "id": "LU-00344",
   "properties": {
    "id": "LU-00344",
    "layer": "LAND_USE",
    "land_use_code": "0901",
    "land_use_name_zh": "商业用地",
    "source_type": "agent_generated_design",
    "confidence": "medium",
    "geometry_role": "design_proposal",
    "area_sqm": 13663.0
   },
   "geometry": {
    "type": "Polygon",
    "coordinates": [
     [
      [
       116.34569999999998,
       39.958199999999955
      ],
      [
       116.34689999999998,
       39.958199999999955
      ],
      [
       116.34689999999998,
       39.95699999999996
      ],
      [
       116.34569999999998,
       39.95699999999996
      ],
      [
       116.34569999999998,
       39.958199999999955
      ]
     ]
    ]
   }
  },
  {
   "type": "Feature",
   "id": "LU-00345",
   "properties": {
    "id": "LU-00345",
    "layer": "LAND_USE",
    "land_use_code": "0801",
    "land_use_name_zh": "机关团体用地",
    "source_type": "agent_generated_design",
    "confidence": "medium",
    "geometry_role": "design_proposal",
    "area_sqm": 13662.8
   },
   "geometry": {
    "type": "Polygon",
    "coordinates": [
     [
      [
       116.34569999999998,
       39.95939999999995
      ],
      [
       116.34689999999998,
       39.95939999999995
      ],
      [
       116.34689999999998,
       39.958199999999955
      ],
      [
       116.34569999999998,
       39.958199999999955
      ],
      [
       116.34569999999998,
       39.95939999999995
      ]
     ]
    ]
   }
  },
  {
   "type": "Feature",
   "id": "LU-00346",
   "properties": {
    "id": "LU-00346",
    "layer": "LAND_USE",
    "land_use_code": "0701",
    "land_use_name_zh": "城镇住宅用地",
    "source_type": "agent_generated_design",
    "confidence": "medium",
    "geometry_role": "design_proposal",
    "area_sqm": 13662.5
   },
   "geometry": {
    "type": "Polygon",
    "coordinates": [
     [
      [
       116.34569999999998,
       39.96059999999995
      ],
      [
       116.34689999999998,
       39.96059999999995
      ],
      [
       116.34689999999998,
       39.95939999999995
      ],
      [
       116.34569999999998,
       39.95939999999995
      ],
      [
       116.34569999999998,
       39.96059999999995
      ]
     ]
    ]
   }
  },
  {
   "type": "Feature",
   "id": "LU-00347",
   "properties": {
    "id": "LU-00347",
    "layer": "LAND_USE",
    "land_use_code": "1401",
    "land_use_name_zh": "公园绿地 / 京张活力带",
    "source_type": "agent_generated_design",
    "confidence": "medium",
    "geometry_role": "design_proposal",
    "area_sqm": 13662.3
   },
   "geometry": {
    "type": "Polygon",
    "coordinates": [
     [
      [
       116.34569999999998,
       39.96179999999995
      ],
      [
       116.34689999999998,
       39.96179999999995
      ],
      [
       116.34689999999998,
       39.96059999999995
      ],
      [
       116.34569999999998,
       39.96059999999995
      ],
      [
       116.34569999999998,
       39.96179999999995
      ]
     ]
    ]
   }
  },
  {
   "type": "Feature",
   "id": "LU-00348",
   "properties": {
    "id": "LU-00348",
    "layer": "LAND_USE",
    "land_use_code": "1401",
    "land_use_name_zh": "公园绿地 / 京张活力带",
    "source_type": "agent_generated_design",
    "confidence": "medium",
    "geometry_role": "design_proposal",
    "area_sqm": 13662.1
   },
   "geometry": {
    "type": "Polygon",
    "coordinates": [
     [
      [
       116.34569999999998,
       39.962999999999944
      ],
      [
       116.34689999999998,
       39.962999999999944
      ],
      [
       116.34689999999998,
       39.96179999999995
      ],
      [
       116.34569999999998,
       39.96179999999995
      ],
      [
       116.34569999999998,
       39.962999999999944
      ]
     ]
    ]
   }
  },
  {
   "type": "Feature",
   "id": "LU-00349",
   "properties": {
    "id": "LU-00349",
    "layer": "LAND_USE",
    "land_use_code": "1401",
    "land_use_name_zh": "公园绿地 / 京张活力带",
    "source_type": "agent_generated_design",
    "confidence": "medium",
    "geometry_role": "design_proposal",
    "area_sqm": 13661.8
   },
   "geometry": {
    "type": "Polygon",
    "coordinates": [
     [
      [
       116.34569999999998,
       39.96419999999994
      ],
      [
       116.34689999999998,
       39.96419999999994
      ],
      [
       116.34689999999998,
       39.962999999999944
      ],
      [
       116.34569999999998,
       39.962999999999944
      ],
      [
       116.34569999999998,
       39.96419999999994
      ]
     ]
    ]
   }
  },
  {
   "type": "Feature",
   "id": "LU-00350",
   "properties": {
    "id": "LU-00350",
    "layer": "LAND_USE",
    "land_use_code": "1401",
    "land_use_name_zh": "公园绿地 / 京张活力带",
    "source_type": "agent_generated_design",
    "confidence": "medium",
    "geometry_role": "design_proposal",
    "area_sqm": 13661.6
   },
   "geometry": {
    "type": "Polygon",
    "coordinates": [
     [
      [
       116.34569999999998,
       39.96539999999994
      ],
      [
       116.34689999999998,
       39.96539999999994
      ],
      [
       116.34689999999998,
       39.96419999999994
      ],
      [
       116.34569999999998,
       39.96419999999994
      ],
      [
       116.34569999999998,
       39.96539999999994
      ]
     ]
    ]
   }
  },
  {
   "type": "Feature",
   "id": "LU-00351",
   "properties": {
    "id": "LU-00351",
    "layer": "LAND_USE",
    "land_use_code": "1401",
    "land_use_name_zh": "公园绿地 / 京张活力带",
    "source_type": "agent_generated_design",
    "confidence": "medium",
    "geometry_role": "design_proposal",
    "area_sqm": 13661.4
   },
   "geometry": {
    "type": "Polygon",
    "coordinates": [
     [
      [
       116.34569999999998,
       39.966599999999936
      ],
      [
       116.34689999999998,
       39.966599999999936
      ],
      [
       116.34689999999998,
       39.96539999999994
      ],
      [
       116.34569999999998,
       39.96539999999994
      ],
      [
       116.34569999999998,
       39.966599999999936
      ]
     ]
    ]
   }
  },
  {
   "type": "Feature",
   "id": "LU-00352",
   "properties": {
    "id": "LU-00352",
    "layer": "LAND_USE",
    "land_use_code": "1401",
    "land_use_name_zh": "公园绿地 / 京张活力带",
    "source_type": "agent_generated_design",
    "confidence": "medium",
    "geometry_role": "design_proposal",
    "area_sqm": 13661.1
   },
   "geometry": {
    "type": "Polygon",
    "coordinates": [
     [
      [
       116.34569999999998,
       39.96779999999993
      ],
      [
       116.34689999999998,
       39.96779999999993
      ],
      [
       116.34689999999998,
       39.966599999999936
      ],
      [
       116.34569999999998,
       39.966599999999936
      ],
      [
       116.34569999999998,
       39.96779999999993
      ]
     ]
    ]
   }
  },
  {
   "type": "Feature",
   "id": "LU-00353",
   "properties": {
    "id": "LU-00353",
    "layer": "LAND_USE",
    "land_use_code": "1401",
    "land_use_name_zh": "公园绿地 / 京张活力带",
    "source_type": "agent_generated_design",
    "confidence": "medium",
    "geometry_role": "design_proposal",
    "area_sqm": 13660.9
   },
   "geometry": {
    "type": "Polygon",
    "coordinates": [
     [
      [
       116.34569999999998,
       39.96899999999993
      ],
      [
       116.34689999999998,
       39.96899999999993
      ],
      [
       116.34689999999998,
       39.96779999999993
      ],
      [
       116.34569999999998,
       39.96779999999993
      ],
      [
       116.34569999999998,
       39.96899999999993
      ]
     ]
    ]
   }
  },
  {
   "type": "Feature",
   "id": "LU-00354",
   "properties": {
    "id": "LU-00354",
    "layer": "LAND_USE",
    "land_use_code": "1401",
    "land_use_name_zh": "公园绿地 / 京张活力带",
    "source_type": "agent_generated_design",
    "confidence": "medium",
    "geometry_role": "design_proposal",
    "area_sqm": 13660.6
   },
   "geometry": {
    "type": "Polygon",
    "coordinates": [
     [
      [
       116.34569999999998,
       39.97019999999993
      ],
      [
       116.34689999999998,
       39.97019999999993
      ],
      [
       116.34689999999998,
       39.96899999999993
      ],
      [
       116.34569999999998,
       39.96899999999993
      ],
      [
       116.34569999999998,
       39.97019999999993
      ]
     ]
    ]
   }
  },
  {
   "type": "Feature",
   "id": "LU-00355",
   "properties": {
    "id": "LU-00355",
    "layer": "LAND_USE",
    "land_use_code": "1401",
    "land_use_name_zh": "公园绿地 / 京张活力带",
    "source_type": "agent_generated_design",
    "confidence": "medium",
    "geometry_role": "design_proposal",
    "area_sqm": 13660.4
   },
   "geometry": {
    "type": "Polygon",
    "coordinates": [
     [
      [
       116.34569999999998,
       39.971399999999925
      ],
      [
       116.34689999999998,
       39.971399999999925
      ],
      [
       116.34689999999998,
       39.97019999999993
      ],
      [
       116.34569999999998,
       39.97019999999993
      ],
      [
       116.34569999999998,
       39.971399999999925
      ]
     ]
    ]
   }
  },
  {
   "type": "Feature",
   "id": "LU-00356",
   "properties": {
    "id": "LU-00356",
    "layer": "LAND_USE",
    "land_use_code": "1401",
    "land_use_name_zh": "公园绿地 / 京张活力带",
    "source_type": "agent_generated_design",
    "confidence": "medium",
    "geometry_role": "design_proposal",
    "area_sqm": 13660.2
   },
   "geometry": {
    "type": "Polygon",
    "coordinates": [
     [
      [
       116.34569999999998,
       39.97259999999992
      ],
      [
       116.34689999999998,
       39.97259999999992
      ],
      [
       116.34689999999998,
       39.971399999999925
      ],
      [
       116.34569999999998,
       39.971399999999925
      ],
      [
       116.34569999999998,
       39.97259999999992
      ]
     ]
    ]
   }
  },
  {
   "type": "Feature",
   "id": "LU-00357",
   "properties": {
    "id": "LU-00357",
    "layer": "LAND_USE",
    "land_use_code": "1401",
    "land_use_name_zh": "公园绿地 / 京张活力带",
    "source_type": "agent_generated_design",
    "confidence": "medium",
    "geometry_role": "design_proposal",
    "area_sqm": 13659.9
   },
   "geometry": {
    "type": "Polygon",
    "coordinates": [
     [
      [
       116.34569999999998,
       39.97379999999992
      ],
      [
       116.34689999999998,
       39.97379999999992
      ],
      [
       116.34689999999998,
       39.97259999999992
      ],
      [
       116.34569999999998,
       39.97259999999992
      ],
      [
       116.34569999999998,
       39.97379999999992
      ]
     ]
    ]
   }
  },
  {
   "type": "Feature",
   "id": "LU-00358",
   "properties": {
    "id": "LU-00358",
    "layer": "LAND_USE",
    "land_use_code": "0701",
    "land_use_name_zh": "城镇住宅用地",
    "source_type": "agent_generated_design",
    "confidence": "medium",
    "geometry_role": "design_proposal",
    "area_sqm": 13659.7
   },
   "geometry": {
    "type": "Polygon",
    "coordinates": [
     [
      [
       116.34569999999998,
       39.974999999999916
      ],
      [
       116.34689999999998,
       39.974999999999916
      ],
      [
       116.34689999999998,
       39.97379999999992
      ],
      [
       116.34569999999998,
       39.97379999999992
      ],
      [
       116.34569999999998,
       39.974999999999916
      ]
     ]
    ]
   }
  },
  {
   "type": "Feature",
   "id": "LU-00359",
   "properties": {
    "id": "LU-00359",
    "layer": "LAND_USE",
    "land_use_code": "1207",
    "land_use_name_zh": "城镇道路用地",
    "source_type": "agent_generated_design",
    "confidence": "medium",
    "geometry_role": "design_proposal",
    "area_sqm": 13659.5
   },
   "geometry": {
    "type": "Polygon",
    "coordinates": [
     [
      [
       116.34569999999998,
       39.97619999999991
      ],
      [
       116.34689999999998,
       39.97619999999991
      ],
      [
       116.34689999999998,
       39.974999999999916
      ],
      [
       116.34569999999998,
       39.974999999999916
      ],
      [
       116.34569999999998,
       39.97619999999991
      ]
     ]
    ]
   }
  },
  {
   "type": "Feature",
   "id": "LU-00360",
   "properties": {
    "id": "LU-00360",
    "layer": "LAND_USE",
    "land_use_code": "0701",
    "land_use_name_zh": "城镇住宅用地",
    "source_type": "agent_generated_design",
    "confidence": "medium",
    "geometry_role": "design_proposal",
    "area_sqm": 13659.2
   },
   "geometry": {
    "type": "Polygon",
    "coordinates": [
     [
      [
       116.34569999999998,
       39.97739999999991
      ],
      [
       116.34689999999998,
       39.97739999999991
      ],
      [
       116.34689999999998,
       39.97619999999991
      ],
      [
       116.34569999999998,
       39.97619999999991
      ],
      [
       116.34569999999998,
       39.97739999999991
      ]
     ]
    ]
   }
  },
  {
   "type": "Feature",
   "id": "LU-00361",
   "properties": {
    "id": "LU-00361",
    "layer": "LAND_USE",
    "land_use_code": "0701",
    "land_use_name_zh": "城镇住宅用地",
    "source_type": "agent_generated_design",
    "confidence": "medium",
    "geometry_role": "design_proposal",
    "area_sqm": 13659.0
   },
   "geometry": {
    "type": "Polygon",
    "coordinates": [
     [
      [
       116.34569999999998,
       39.97859999999991
      ],
      [
       116.34689999999998,
       39.97859999999991
      ],
      [
       116.34689999999998,
       39.97739999999991
      ],
      [
       116.34569999999998,
       39.97739999999991
      ],
      [
       116.34569999999998,
       39.97859999999991
      ]
     ]
    ]
   }
  },
  {
   "type": "Feature",
   "id": "LU-00362",
   "properties": {
    "id": "LU-00362",
    "layer": "LAND_USE",
    "land_use_code": "1207",
    "land_use_name_zh": "城镇道路用地",
    "source_type": "agent_generated_design",
    "confidence": "medium",
    "geometry_role": "design_proposal",
    "area_sqm": 13658.8
   },
   "geometry": {
    "type": "Polygon",
    "coordinates": [
     [
      [
       116.34569999999998,
       39.979799999999905
      ],
      [
       116.34689999999998,
       39.979799999999905
      ],
      [
       116.34689999999998,
       39.97859999999991
      ],
      [
       116.34569999999998,
       39.97859999999991
      ],
      [
       116.34569999999998,
       39.979799999999905
      ]
     ]
    ]
   }
  },
  {
   "type": "Feature",
   "id": "LU-00363",
   "properties": {
    "id": "LU-00363",
    "layer": "LAND_USE",
    "land_use_code": "0701",
    "land_use_name_zh": "城镇住宅用地",
    "source_type": "agent_generated_design",
    "confidence": "medium",
    "geometry_role": "design_proposal",
    "area_sqm": 13658.5
   },
   "geometry": {
    "type": "Polygon",
    "coordinates": [
     [
      [
       116.34569999999998,
       39.9809999999999
      ],
      [
       116.34689999999998,
       39.9809999999999
      ],
      [
       116.34689999999998,
       39.979799999999905
      ],
      [
       116.34569999999998,
       39.979799999999905
      ],
      [
       116.34569999999998,
       39.9809999999999
      ]
     ]
    ]
   }
  },
  {
   "type": "Feature",
   "id": "LU-00364",
   "properties": {
    "id": "LU-00364",
    "layer": "LAND_USE",
    "land_use_code": "0901",
    "land_use_name_zh": "商业用地",
    "source_type": "agent_generated_design",
    "confidence": "medium",
    "geometry_role": "design_proposal",
    "area_sqm": 13658.3
   },
   "geometry": {
    "type": "Polygon",
    "coordinates": [
     [
      [
       116.34569999999998,
       39.9821999999999
      ],
      [
       116.34689999999998,
       39.9821999999999
      ],
      [
       116.34689999999998,
       39.9809999999999
      ],
      [
       116.34569999999998,
       39.9809999999999
      ],
      [
       116.34569999999998,
       39.9821999999999
      ]
     ]
    ]
   }
  },
  {
   "type": "Feature",
   "id": "LU-00365",
   "properties": {
    "id": "LU-00365",
    "layer": "LAND_USE",
    "land_use_code": "0701",
    "land_use_name_zh": "城镇住宅用地",
    "source_type": "agent_generated_design",
    "confidence": "medium",
    "geometry_role": "design_proposal",
    "area_sqm": 13658.0
   },
   "geometry": {
    "type": "Polygon",
    "coordinates": [
     [
      [
       116.34569999999998,
       39.9833999999999
      ],
      [
       116.34689999999998,
       39.9833999999999
      ],
      [
       116.34689999999998,
       39.9821999999999
      ],
      [
       116.34569999999998,
       39.9821999999999
      ],
      [
       116.34569999999998,
       39.9833999999999
      ]
     ]
    ]
   }
  },
  {
   "type": "Feature",
   "id": "LU-00366",
   "properties": {
    "id": "LU-00366",
    "layer": "LAND_USE",
    "land_use_code": "0701",
    "land_use_name_zh": "城镇住宅用地",
    "source_type": "agent_generated_design",
    "confidence": "medium",
    "geometry_role": "design_proposal",
    "area_sqm": 13657.8
   },
   "geometry": {
    "type": "Polygon",
    "coordinates": [
     [
      [
       116.34569999999998,
       39.984599999999894
      ],
      [
       116.34689999999998,
       39.984599999999894
      ],
      [
       116.34689999999998,
       39.9833999999999
      ],
      [
       116.34569999999998,
       39.9833999999999
      ],
      [
       116.34569999999998,
       39.984599999999894
      ]
     ]
    ]
   }
  },
  {
   "type": "Feature",
   "id": "LU-00367",
   "properties": {
    "id": "LU-00367",
    "layer": "LAND_USE",
    "land_use_code": "0701",
    "land_use_name_zh": "城镇住宅用地",
    "source_type": "agent_generated_design",
    "confidence": "medium",
    "geometry_role": "design_proposal",
    "area_sqm": 13657.6
   },
   "geometry": {
    "type": "Polygon",
    "coordinates": [
     [
      [
       116.34569999999998,
       39.98579999999989
      ],
      [
       116.34689999999998,
       39.98579999999989
      ],
      [
       116.34689999999998,
       39.984599999999894
      ],
      [
       116.34569999999998,
       39.984599999999894
      ],
      [
       116.34569999999998,
       39.98579999999989
      ]
     ]
    ]
   }
  },
  {
   "type": "Feature",
   "id": "LU-00368",
   "properties": {
    "id": "LU-00368",
    "layer": "LAND_USE",
    "land_use_code": "0701",
    "land_use_name_zh": "城镇住宅用地",
    "source_type": "agent_generated_design",
    "confidence": "medium",
    "geometry_role": "design_proposal",
    "area_sqm": 13657.3
   },
   "geometry": {
    "type": "Polygon",
    "coordinates": [
     [
      [
       116.34569999999998,
       39.98699999999989
      ],
      [
       116.34689999999998,
       39.98699999999989
      ],
      [
       116.34689999999998,
       39.98579999999989
      ],
      [
       116.34569999999998,
       39.98579999999989
      ],
      [
       116.34569999999998,
       39.98699999999989
      ]
     ]
    ]
   }
  },
  {
   "type": "Feature",
   "id": "LU-00369",
   "properties": {
    "id": "LU-00369",
    "layer": "LAND_USE",
    "land_use_code": "0702",
    "land_use_name_zh": "城镇社区服务设施用地",
    "source_type": "agent_generated_design",
    "confidence": "medium",
    "geometry_role": "design_proposal",
    "area_sqm": 13657.1
   },
   "geometry": {
    "type": "Polygon",
    "coordinates": [
     [
      [
       116.34569999999998,
       39.988199999999885
      ],
      [
       116.34689999999998,
       39.988199999999885
      ],
      [
       116.34689999999998,
       39.98699999999989
      ],
      [
       116.34569999999998,
       39.98699999999989
      ],
      [
       116.34569999999998,
       39.988199999999885
      ]
     ]
    ]
   }
  },
  {
   "type": "Feature",
   "id": "LU-00370",
   "properties": {
    "id": "LU-00370",
    "layer": "LAND_USE",
    "land_use_code": "0702",
    "land_use_name_zh": "城镇社区服务设施用地",
    "source_type": "agent_generated_design",
    "confidence": "medium",
    "geometry_role": "design_proposal",
    "area_sqm": 13656.9
   },
   "geometry": {
    "type": "Polygon",
    "coordinates": [
     [
      [
       116.34569999999998,
       39.98939999999988
      ],
      [
       116.34689999999998,
       39.98939999999988
      ],
      [
       116.34689999999998,
       39.988199999999885
      ],
      [
       116.34569999999998,
       39.988199999999885
      ],
      [
       116.34569999999998,
       39.98939999999988
      ]
     ]
    ]
   }
  },
  {
   "type": "Feature",
   "id": "LU-00371",
   "properties": {
    "id": "LU-00371",
    "layer": "LAND_USE",
    "land_use_code": "0702",
    "land_use_name_zh": "城镇社区服务设施用地",
    "source_type": "agent_generated_design",
    "confidence": "medium",
    "geometry_role": "design_proposal",
    "area_sqm": 13656.6
   },
   "geometry": {
    "type": "Polygon",
    "coordinates": [
     [
      [
       116.34569999999998,
       39.99059999999988
      ],
      [
       116.34689999999998,
       39.99059999999988
      ],
      [
       116.34689999999998,
       39.98939999999988
      ],
      [
       116.34569999999998,
       39.98939999999988
      ],
      [
       116.34569999999998,
       39.99059999999988
      ]
     ]
    ]
   }
  },
  {
   "type": "Feature",
   "id": "LU-00372",
   "properties": {
    "id": "LU-00372",
    "layer": "LAND_USE",
    "land_use_code": "0804",
    "land_use_name_zh": "教育科研用地",
    "source_type": "agent_generated_design",
    "confidence": "medium",
    "geometry_role": "design_proposal",
    "area_sqm": 13656.4
   },
   "geometry": {
    "type": "Polygon",
    "coordinates": [
     [
      [
       116.34569999999998,
       39.99179999999988
      ],
      [
       116.34689999999998,
       39.99179999999988
      ],
      [
       116.34689999999998,
       39.99059999999988
      ],
      [
       116.34569999999998,
       39.99059999999988
      ],
      [
       116.34569999999998,
       39.99179999999988
      ]
     ]
    ]
   }
  },
  {
   "type": "Feature",
   "id": "LU-00373",
   "properties": {
    "id": "LU-00373",
    "layer": "LAND_USE",
    "land_use_code": "0804",
    "land_use_name_zh": "教育科研用地",
    "source_type": "agent_generated_design",
    "confidence": "medium",
    "geometry_role": "design_proposal",
    "area_sqm": 13656.2
   },
   "geometry": {
    "type": "Polygon",
    "coordinates": [
     [
      [
       116.34569999999998,
       39.992999999999874
      ],
      [
       116.34689999999998,
       39.992999999999874
      ],
      [
       116.34689999999998,
       39.99179999999988
      ],
      [
       116.34569999999998,
       39.99179999999988
      ],
      [
       116.34569999999998,
       39.992999999999874
      ]
     ]
    ]
   }
  },
  {
   "type": "Feature",
   "id": "LU-00374",
   "properties": {
    "id": "LU-00374",
    "layer": "LAND_USE",
    "land_use_code": "0901",
    "land_use_name_zh": "商业用地",
    "source_type": "agent_generated_design",
    "confidence": "medium",
    "geometry_role": "design_proposal",
    "area_sqm": 13655.9
   },
   "geometry": {
    "type": "Polygon",
    "coordinates": [
     [
      [
       116.34569999999998,
       39.99419999999987
      ],
      [
       116.34689999999998,
       39.99419999999987
      ],
      [
       116.34689999999998,
       39.992999999999874
      ],
      [
       116.34569999999998,
       39.992999999999874
      ],
      [
       116.34569999999998,
       39.99419999999987
      ]
     ]
    ]
   }
  },
  {
   "type": "Feature",
   "id": "LU-00375",
   "properties": {
    "id": "LU-00375",
    "layer": "LAND_USE",
    "land_use_code": "0701",
    "land_use_name_zh": "城镇住宅用地",
    "source_type": "agent_generated_design",
    "confidence": "medium",
    "geometry_role": "design_proposal",
    "area_sqm": 13655.7
   },
   "geometry": {
    "type": "Polygon",
    "coordinates": [
     [
      [
       116.34569999999998,
       39.99539999999987
      ],
      [
       116.34689999999998,
       39.99539999999987
      ],
      [
       116.34689999999998,
       39.99419999999987
      ],
      [
       116.34569999999998,
       39.99419999999987
      ],
      [
       116.34569999999998,
       39.99539999999987
      ]
     ]
    ]
   }
  },
  {
   "type": "Feature",
   "id": "LU-00376",
   "properties": {
    "id": "LU-00376",
    "layer": "LAND_USE",
    "land_use_code": "0701",
    "land_use_name_zh": "城镇住宅用地",
    "source_type": "agent_generated_design",
    "confidence": "medium",
    "geometry_role": "design_proposal",
    "area_sqm": 13655.4
   },
   "geometry": {
    "type": "Polygon",
    "coordinates": [
     [
      [
       116.34569999999998,
       39.996599999999866
      ],
      [
       116.34689999999998,
       39.996599999999866
      ],
      [
       116.34689999999998,
       39.99539999999987
      ],
      [
       116.34569999999998,
       39.99539999999987
      ],
      [
       116.34569999999998,
       39.996599999999866
      ]
     ]
    ]
   }
  },
  {
   "type": "Feature",
   "id": "LU-00377",
   "properties": {
    "id": "LU-00377",
    "layer": "LAND_USE",
    "land_use_code": "0701",
    "land_use_name_zh": "城镇住宅用地",
    "source_type": "agent_generated_design",
    "confidence": "medium",
    "geometry_role": "design_proposal",
    "area_sqm": 13655.2
   },
   "geometry": {
    "type": "Polygon",
    "coordinates": [
     [
      [
       116.34569999999998,
       39.99779999999986
      ],
      [
       116.34689999999998,
       39.99779999999986
      ],
      [
       116.34689999999998,
       39.996599999999866
      ],
      [
       116.34569999999998,
       39.996599999999866
      ],
      [
       116.34569999999998,
       39.99779999999986
      ]
     ]
    ]
   }
  },
  {
   "type": "Feature",
   "id": "LU-00378",
   "properties": {
    "id": "LU-00378",
    "layer": "LAND_USE",
    "land_use_code": "0701",
    "land_use_name_zh": "城镇住宅用地",
    "source_type": "agent_generated_design",
    "confidence": "medium",
    "geometry_role": "design_proposal",
    "area_sqm": 13655.0
   },
   "geometry": {
    "type": "Polygon",
    "coordinates": [
     [
      [
       116.34569999999998,
       39.99899999999986
      ],
      [
       116.34689999999998,
       39.99899999999986
      ],
      [
       116.34689999999998,
       39.99779999999986
      ],
      [
       116.34569999999998,
       39.99779999999986
      ],
      [
       116.34569999999998,
       39.99899999999986
      ]
     ]
    ]
   }
  },
  {
   "type": "Feature",
   "id": "LU-00379",
   "properties": {
    "id": "LU-00379",
    "layer": "LAND_USE",
    "land_use_code": "1207",
    "land_use_name_zh": "城镇道路用地",
    "source_type": "agent_generated_design",
    "confidence": "medium",
    "geometry_role": "design_proposal",
    "area_sqm": 13654.7
   },
   "geometry": {
    "type": "Polygon",
    "coordinates": [
     [
      [
       116.34569999999998,
       40.00019999999986
      ],
      [
       116.34689999999998,
       40.00019999999986
      ],
      [
       116.34689999999998,
       39.99899999999986
      ],
      [
       116.34569999999998,
       39.99899999999986
      ],
      [
       116.34569999999998,
       40.00019999999986
      ]
     ]
    ]
   }
  },
  {
   "type": "Feature",
   "id": "LU-00380",
   "properties": {
    "id": "LU-00380",
    "layer": "LAND_USE",
    "land_use_code": "0801",
    "land_use_name_zh": "机关团体用地",
    "source_type": "agent_generated_design",
    "confidence": "medium",
    "geometry_role": "design_proposal",
    "area_sqm": 13654.5
   },
   "geometry": {
    "type": "Polygon",
    "coordinates": [
     [
      [
       116.34569999999998,
       40.001399999999855
      ],
      [
       116.34689999999998,
       40.001399999999855
      ],
      [
       116.34689999999998,
       40.00019999999986
      ],
      [
       116.34569999999998,
       40.00019999999986
      ],
      [
       116.34569999999998,
       40.001399999999855
      ]
     ]
    ]
   }
  },
  {
   "type": "Feature",
   "id": "LU-00381",
   "properties": {
    "id": "LU-00381",
    "layer": "LAND_USE",
    "land_use_code": "0701",
    "land_use_name_zh": "城镇住宅用地",
    "source_type": "agent_generated_design",
    "confidence": "medium",
    "geometry_role": "design_proposal",
    "area_sqm": 13654.3
   },
   "geometry": {
    "type": "Polygon",
    "coordinates": [
     [
      [
       116.34569999999998,
       40.00259999999985
      ],
      [
       116.34689999999998,
       40.00259999999985
      ],
      [
       116.34689999999998,
       40.001399999999855
      ],
      [
       116.34569999999998,
       40.001399999999855
      ],
      [
       116.34569999999998,
       40.00259999999985
      ]
     ]
    ]
   }
  },
  {
   "type": "Feature",
   "id": "LU-00382",
   "properties": {
    "id": "LU-00382",
    "layer": "LAND_USE",
    "land_use_code": "1207",
    "land_use_name_zh": "城镇道路用地",
    "source_type": "agent_generated_design",
    "confidence": "medium",
    "geometry_role": "design_proposal",
    "area_sqm": 13654.0
   },
   "geometry": {
    "type": "Polygon",
    "coordinates": [
     [
      [
       116.34569999999998,
       40.00379999999985
      ],
      [
       116.34689999999998,
       40.00379999999985
      ],
      [
       116.34689999999998,
       40.00259999999985
      ],
      [
       116.34569999999998,
       40.00259999999985
      ],
      [
       116.34569999999998,
       40.00379999999985
      ]
     ]
    ]
   }
  },
  {
   "type": "Feature",
   "id": "LU-00383",
   "properties": {
    "id": "LU-00383",
    "layer": "LAND_USE",
    "land_use_code": "1403",
    "land_use_name_zh": "广场用地 / 公共空间",
    "source_type": "agent_generated_design",
    "confidence": "medium",
    "geometry_role": "design_proposal",
    "area_sqm": 13653.8
   },
   "geometry": {
    "type": "Polygon",
    "coordinates": [
     [
      [
       116.34569999999998,
       40.004999999999846
      ],
      [
       116.34689999999998,
       40.004999999999846
      ],
      [
       116.34689999999998,
       40.00379999999985
      ],
      [
       116.34569999999998,
       40.00379999999985
      ],
      [
       116.34569999999998,
       40.004999999999846
      ]
     ]
    ]
   }
  },
  {
   "type": "Feature",
   "id": "LU-00384",
   "properties": {
    "id": "LU-00384",
    "layer": "LAND_USE",
    "land_use_code": "1403",
    "land_use_name_zh": "广场用地 / 公共空间",
    "source_type": "agent_generated_design",
    "confidence": "medium",
    "geometry_role": "design_proposal",
    "area_sqm": 13653.6
   },
   "geometry": {
    "type": "Polygon",
    "coordinates": [
     [
      [
       116.34569999999998,
       40.00619999999984
      ],
      [
       116.34689999999998,
       40.00619999999984
      ],
      [
       116.34689999999998,
       40.004999999999846
      ],
      [
       116.34569999999998,
       40.004999999999846
      ],
      [
       116.34569999999998,
       40.00619999999984
      ]
     ]
    ]
   }
  },
  {
   "type": "Feature",
   "id": "LU-00385",
   "properties": {
    "id": "LU-00385",
    "layer": "LAND_USE",
    "land_use_code": "0701",
    "land_use_name_zh": "城镇住宅用地",
    "source_type": "agent_generated_design",
    "confidence": "medium",
    "geometry_role": "design_proposal",
    "area_sqm": 13653.3
   },
   "geometry": {
    "type": "Polygon",
    "coordinates": [
     [
      [
       116.34569999999998,
       40.00739999999984
      ],
      [
       116.34689999999998,
       40.00739999999984
      ],
      [
       116.34689999999998,
       40.00619999999984
      ],
      [
       116.34569999999998,
       40.00619999999984
      ],
      [
       116.34569999999998,
       40.00739999999984
      ]
     ]
    ]
   }
  },
  {
   "type": "Feature",
   "id": "LU-00386",
   "properties": {
    "id": "LU-00386",
    "layer": "LAND_USE",
    "land_use_code": "1001",
    "land_use_name_zh": "工业用地 / AI 自主创新产业",
    "source_type": "agent_generated_design",
    "confidence": "medium",
    "geometry_role": "design_proposal",
    "area_sqm": 13653.1
   },
   "geometry": {
    "type": "Polygon",
    "coordinates": [
     [
      [
       116.34569999999998,
       40.00859999999984
      ],
      [
       116.34689999999998,
       40.00859999999984
      ],
      [
       116.34689999999998,
       40.00739999999984
      ],
      [
       116.34569999999998,
       40.00739999999984
      ],
      [
       116.34569999999998,
       40.00859999999984
      ]
     ]
    ]
   }
  },
  {
   "type": "Feature",
   "id": "LU-00387",
   "properties": {
    "id": "LU-00387",
    "layer": "LAND_USE",
    "land_use_code": "1001",
    "land_use_name_zh": "工业用地 / AI 自主创新产业",
    "source_type": "agent_generated_design",
    "confidence": "medium",
    "geometry_role": "design_proposal",
    "area_sqm": 13652.8
   },
   "geometry": {
    "type": "Polygon",
    "coordinates": [
     [
      [
       116.34569999999998,
       40.009799999999835
      ],
      [
       116.34689999999998,
       40.009799999999835
      ],
      [
       116.34689999999998,
       40.00859999999984
      ],
      [
       116.34569999999998,
       40.00859999999984
      ],
      [
       116.34569999999998,
       40.009799999999835
      ]
     ]
    ]
   }
  },
  {
   "type": "Feature",
   "id": "LU-00388",
   "properties": {
    "id": "LU-00388",
    "layer": "LAND_USE",
    "land_use_code": "1001",
    "land_use_name_zh": "工业用地 / AI 自主创新产业",
    "source_type": "agent_generated_design",
    "confidence": "medium",
    "geometry_role": "design_proposal",
    "area_sqm": 13652.6
   },
   "geometry": {
    "type": "Polygon",
    "coordinates": [
     [
      [
       116.34569999999998,
       40.01099999999983
      ],
      [
       116.34689999999998,
       40.01099999999983
      ],
      [
       116.34689999999998,
       40.009799999999835
      ],
      [
       116.34569999999998,
       40.009799999999835
      ],
      [
       116.34569999999998,
       40.01099999999983
      ]
     ]
    ]
   }
  },
  {
   "type": "Feature",
   "id": "LU-00389",
   "properties": {
    "id": "LU-00389",
    "layer": "LAND_USE",
    "land_use_code": "1001",
    "land_use_name_zh": "工业用地 / AI 自主创新产业",
    "source_type": "agent_generated_design",
    "confidence": "medium",
    "geometry_role": "design_proposal",
    "area_sqm": 13652.4
   },
   "geometry": {
    "type": "Polygon",
    "coordinates": [
     [
      [
       116.34569999999998,
       40.01219999999983
      ],
      [
       116.34689999999998,
       40.01219999999983
      ],
      [
       116.34689999999998,
       40.01099999999983
      ],
      [
       116.34569999999998,
       40.01099999999983
      ],
      [
       116.34569999999998,
       40.01219999999983
      ]
     ]
    ]
   }
  },
  {
   "type": "Feature",
   "id": "LU-00390",
   "properties": {
    "id": "LU-00390",
    "layer": "LAND_USE",
    "land_use_code": "1001",
    "land_use_name_zh": "工业用地 / AI 自主创新产业",
    "source_type": "agent_generated_design",
    "confidence": "medium",
    "geometry_role": "design_proposal",
    "area_sqm": 13652.1
   },
   "geometry": {
    "type": "Polygon",
    "coordinates": [
     [
      [
       116.34569999999998,
       40.01339999999983
      ],
      [
       116.34689999999998,
       40.01339999999983
      ],
      [
       116.34689999999998,
       40.01219999999983
      ],
      [
       116.34569999999998,
       40.01219999999983
      ],
      [
       116.34569999999998,
       40.01339999999983
      ]
     ]
    ]
   }
  },
  {
   "type": "Feature",
   "id": "LU-00391",
   "properties": {
    "id": "LU-00391",
    "layer": "LAND_USE",
    "land_use_code": "1001",
    "land_use_name_zh": "工业用地 / AI 自主创新产业",
    "source_type": "agent_generated_design",
    "confidence": "medium",
    "geometry_role": "design_proposal",
    "area_sqm": 13651.9
   },
   "geometry": {
    "type": "Polygon",
    "coordinates": [
     [
      [
       116.34569999999998,
       40.014599999999824
      ],
      [
       116.34689999999998,
       40.014599999999824
      ],
      [
       116.34689999999998,
       40.01339999999983
      ],
      [
       116.34569999999998,
       40.01339999999983
      ],
      [
       116.34569999999998,
       40.014599999999824
      ]
     ]
    ]
   }
  },
  {
   "type": "Feature",
   "id": "LU-00392",
   "properties": {
    "id": "LU-00392",
    "layer": "LAND_USE",
    "land_use_code": "1001",
    "land_use_name_zh": "工业用地 / AI 自主创新产业",
    "source_type": "agent_generated_design",
    "confidence": "medium",
    "geometry_role": "design_proposal",
    "area_sqm": 13651.7
   },
   "geometry": {
    "type": "Polygon",
    "coordinates": [
     [
      [
       116.34569999999998,
       40.01579999999982
      ],
      [
       116.34689999999998,
       40.01579999999982
      ],
      [
       116.34689999999998,
       40.014599999999824
      ],
      [
       116.34569999999998,
       40.014599999999824
      ],
      [
       116.34569999999998,
       40.01579999999982
      ]
     ]
    ]
   }
  },
  {
   "type": "Feature",
   "id": "LU-00393",
   "properties": {
    "id": "LU-00393",
    "layer": "LAND_USE",
    "land_use_code": "1001",
    "land_use_name_zh": "工业用地 / AI 自主创新产业",
    "source_type": "agent_generated_design",
    "confidence": "medium",
    "geometry_role": "design_proposal",
    "area_sqm": 13651.4
   },
   "geometry": {
    "type": "Polygon",
    "coordinates": [
     [
      [
       116.34569999999998,
       40.01699999999982
      ],
      [
       116.34689999999998,
       40.01699999999982
      ],
      [
       116.34689999999998,
       40.01579999999982
      ],
      [
       116.34569999999998,
       40.01579999999982
      ],
      [
       116.34569999999998,
       40.01699999999982
      ]
     ]
    ]
   }
  },
  {
   "type": "Feature",
   "id": "LU-00394",
   "properties": {
    "id": "LU-00394",
    "layer": "LAND_USE",
    "land_use_code": "1001",
    "land_use_name_zh": "工业用地 / AI 自主创新产业",
    "source_type": "agent_generated_design",
    "confidence": "medium",
    "geometry_role": "design_proposal",
    "area_sqm": 13651.2
   },
   "geometry": {
    "type": "Polygon",
    "coordinates": [
     [
      [
       116.34569999999998,
       40.018199999999815
      ],
      [
       116.34689999999998,
       40.018199999999815
      ],
      [
       116.34689999999998,
       40.01699999999982
      ],
      [
       116.34569999999998,
       40.01699999999982
      ],
      [
       116.34569999999998,
       40.018199999999815
      ]
     ]
    ]
   }
  },
  {
   "type": "Feature",
   "id": "LU-00395",
   "properties": {
    "id": "LU-00395",
    "layer": "LAND_USE",
    "land_use_code": "1001",
    "land_use_name_zh": "工业用地 / AI 自主创新产业",
    "source_type": "agent_generated_design",
    "confidence": "medium",
    "geometry_role": "design_proposal",
    "area_sqm": 13651.0
   },
   "geometry": {
    "type": "Polygon",
    "coordinates": [
     [
      [
       116.34569999999998,
       40.01939999999981
      ],
      [
       116.34689999999998,
       40.01939999999981
      ],
      [
       116.34689999999998,
       40.018199999999815
      ],
      [
       116.34569999999998,
       40.018199999999815
      ],
      [
       116.34569999999998,
       40.01939999999981
      ]
     ]
    ]
   }
  },
  {
   "type": "Feature",
   "id": "LU-00396",
   "properties": {
    "id": "LU-00396",
    "layer": "LAND_USE",
    "land_use_code": "1001",
    "land_use_name_zh": "工业用地 / AI 自主创新产业",
    "source_type": "agent_generated_design",
    "confidence": "medium",
    "geometry_role": "design_proposal",
    "area_sqm": 13650.7
   },
   "geometry": {
    "type": "Polygon",
    "coordinates": [
     [
      [
       116.34569999999998,
       40.02059999999981
      ],
      [
       116.34689999999998,
       40.02059999999981
      ],
      [
       116.34689999999998,
       40.01939999999981
      ],
      [
       116.34569999999998,
       40.01939999999981
      ],
      [
       116.34569999999998,
       40.02059999999981
      ]
     ]
    ]
   }
  },
  {
   "type": "Feature",
   "id": "LU-00397",
   "properties": {
    "id": "LU-00397",
    "layer": "LAND_USE",
    "land_use_code": "1001",
    "land_use_name_zh": "工业用地 / AI 自主创新产业",
    "source_type": "agent_generated_design",
    "confidence": "medium",
    "geometry_role": "design_proposal",
    "area_sqm": 13650.5
   },
   "geometry": {
    "type": "Polygon",
    "coordinates": [
     [
      [
       116.34569999999998,
       40.02179999999981
      ],
      [
       116.34689999999998,
       40.02179999999981
      ],
      [
       116.34689999999998,
       40.02059999999981
      ],
      [
       116.34569999999998,
       40.02059999999981
      ],
      [
       116.34569999999998,
       40.02179999999981
      ]
     ]
    ]
   }
  },
  {
   "type": "Feature",
   "id": "LU-00398",
   "properties": {
    "id": "LU-00398",
    "layer": "LAND_USE",
    "land_use_code": "1001",
    "land_use_name_zh": "工业用地 / AI 自主创新产业",
    "source_type": "agent_generated_design",
    "confidence": "medium",
    "geometry_role": "design_proposal",
    "area_sqm": 13650.2
   },
   "geometry": {
    "type": "Polygon",
    "coordinates": [
     [
      [
       116.34569999999998,
       40.022999999999804
      ],
      [
       116.34689999999998,
       40.022999999999804
      ],
      [
       116.34689999999998,
       40.02179999999981
      ],
      [
       116.34569999999998,
       40.02179999999981
      ],
      [
       116.34569999999998,
       40.022999999999804
      ]
     ]
    ]
   }
  },
  {
   "type": "Feature",
   "id": "LU-00399",
   "properties": {
    "id": "LU-00399",
    "layer": "LAND_USE",
    "land_use_code": "1001",
    "land_use_name_zh": "工业用地 / AI 自主创新产业",
    "source_type": "agent_generated_design",
    "confidence": "medium",
    "geometry_role": "design_proposal",
    "area_sqm": 13650.0
   },
   "geometry": {
    "type": "Polygon",
    "coordinates": [
     [
      [
       116.34569999999998,
       40.0241999999998
      ],
      [
       116.34689999999998,
       40.0241999999998
      ],
      [
       116.34689999999998,
       40.022999999999804
      ],
      [
       116.34569999999998,
       40.022999999999804
      ],
      [
       116.34569999999998,
       40.0241999999998
      ]
     ]
    ]
   }
  },
  {
   "type": "Feature",
   "id": "LU-00400",
   "properties": {
    "id": "LU-00400",
    "layer": "LAND_USE",
    "land_use_code": "1001",
    "land_use_name_zh": "工业用地 / AI 自主创新产业",
    "source_type": "agent_generated_design",
    "confidence": "medium",
    "geometry_role": "design_proposal",
    "area_sqm": 13649.8
   },
   "geometry": {
    "type": "Polygon",
    "coordinates": [
     [
      [
       116.34569999999998,
       40.0253999999998
      ],
      [
       116.34689999999998,
       40.0253999999998
      ],
      [
       116.34689999999998,
       40.0241999999998
      ],
      [
       116.34569999999998,
       40.0241999999998
      ],
      [
       116.34569999999998,
       40.0253999999998
      ]
     ]
    ]
   }
  },
  {
   "type": "Feature",
   "id": "LU-00401",
   "properties": {
    "id": "LU-00401",
    "layer": "LAND_USE",
    "land_use_code": "1001",
    "land_use_name_zh": "工业用地 / AI 自主创新产业",
    "source_type": "agent_generated_design",
    "confidence": "medium",
    "geometry_role": "design_proposal",
    "area_sqm": 12512.1
   },
   "geometry": {
    "type": "Polygon",
    "coordinates": [
     [
      [
       116.34689999999998,
       40.0253999999998
      ],
      [
       116.34569999999998,
       40.0253999999998
      ],
      [
       116.34569999999998,
       40.0265
      ],
      [
       116.34689999999998,
       40.0265
      ],
      [
       116.34689999999998,
       40.0253999999998
      ]
     ]
    ]
   }
  },
  {
   "type": "Feature",
   "id": "LU-00402",
   "properties": {
    "id": "LU-00402",
    "layer": "LAND_USE",
    "land_use_code": "1207",
    "land_use_name_zh": "城镇道路用地",
    "source_type": "agent_generated_design",
    "confidence": "medium",
    "geometry_role": "design_proposal",
    "area_sqm": 13666.5
   },
   "geometry": {
    "type": "Polygon",
    "coordinates": [
     [
      [
       116.34689999999998,
       39.939
      ],
      [
       116.34689999999998,
       39.9402
      ],
      [
       116.34809999999997,
       39.9402
      ],
      [
       116.34809999999997,
       39.939
      ],
      [
       116.34689999999998,
       39.939
      ]
     ]
    ]
   }
  },
  {
   "type": "Feature",
   "id": "LU-00403",
   "properties": {
    "id": "LU-00403",
    "layer": "LAND_USE",
    "land_use_code": "0801",
    "land_use_name_zh": "机关团体用地",
    "source_type": "agent_generated_design",
    "confidence": "medium",
    "geometry_role": "design_proposal",
    "area_sqm": 13666.3
   },
   "geometry": {
    "type": "Polygon",
    "coordinates": [
     [
      [
       116.34689999999998,
       39.941399999999994
      ],
      [
       116.34809999999997,
       39.941399999999994
      ],
      [
       116.34809999999997,
       39.9402
      ],
      [
       116.34689999999998,
       39.9402
      ],
      [
       116.34689999999998,
       39.941399999999994
      ]
     ]
    ]
   }
  },
  {
   "type": "Feature",
   "id": "LU-00404",
   "properties": {
    "id": "LU-00404",
    "layer": "LAND_USE",
    "land_use_code": "0701",
    "land_use_name_zh": "城镇住宅用地",
    "source_type": "agent_generated_design",
    "confidence": "medium",
    "geometry_role": "design_proposal",
    "area_sqm": 13666.1
   },
   "geometry": {
    "type": "Polygon",
    "coordinates": [
     [
      [
       116.34689999999998,
       39.94259999999999
      ],
      [
       116.34809999999997,
       39.94259999999999
      ],
      [
       116.34809999999997,
       39.941399999999994
      ],
      [
       116.34689999999998,
       39.941399999999994
      ],
      [
       116.34689999999998,
       39.94259999999999
      ]
     ]
    ]
   }
  },
  {
   "type": "Feature",
   "id": "LU-00405",
   "properties": {
    "id": "LU-00405",
    "layer": "LAND_USE",
    "land_use_code": "1207",
    "land_use_name_zh": "城镇道路用地",
    "source_type": "agent_generated_design",
    "confidence": "medium",
    "geometry_role": "design_proposal",
    "area_sqm": 13665.8
   },
   "geometry": {
    "type": "Polygon",
    "coordinates": [
     [
      [
       116.34689999999998,
       39.94379999999999
      ],
      [
       116.34809999999997,
       39.94379999999999
      ],
      [
       116.34809999999997,
       39.94259999999999
      ],
      [
       116.34689999999998,
       39.94259999999999
      ],
      [
       116.34689999999998,
       39.94379999999999
      ]
     ]
    ]
   }
  },
  {
   "type": "Feature",
   "id": "LU-00406",
   "properties": {
    "id": "LU-00406",
    "layer": "LAND_USE",
    "land_use_code": "0902",
    "land_use_name_zh": "商务金融用地 / AI 总部",
    "source_type": "agent_generated_design",
    "confidence": "medium",
    "geometry_role": "design_proposal",
    "area_sqm": 13665.6
   },
   "geometry": {
    "type": "Polygon",
    "coordinates": [
     [
      [
       116.34689999999998,
       39.944999999999986
      ],
      [
       116.34809999999997,
       39.944999999999986
      ],
      [
       116.34809999999997,
       39.94379999999999
      ],
      [
       116.34689999999998,
       39.94379999999999
      ],
      [
       116.34689999999998,
       39.944999999999986
      ]
     ]
    ]
   }
  },
  {
   "type": "Feature",
   "id": "LU-00407",
   "properties": {
    "id": "LU-00407",
    "layer": "LAND_USE",
    "land_use_code": "0902",
    "land_use_name_zh": "商务金融用地 / AI 总部",
    "source_type": "agent_generated_design",
    "confidence": "medium",
    "geometry_role": "design_proposal",
    "area_sqm": 13665.4
   },
   "geometry": {
    "type": "Polygon",
    "coordinates": [
     [
      [
       116.34689999999998,
       39.94619999999998
      ],
      [
       116.34809999999997,
       39.94619999999998
      ],
      [
       116.34809999999997,
       39.944999999999986
      ],
      [
       116.34689999999998,
       39.944999999999986
      ],
      [
       116.34689999999998,
       39.94619999999998
      ]
     ]
    ]
   }
  },
  {
   "type": "Feature",
   "id": "LU-00408",
   "properties": {
    "id": "LU-00408",
    "layer": "LAND_USE",
    "land_use_code": "0902",
    "land_use_name_zh": "商务金融用地 / AI 总部",
    "source_type": "agent_generated_design",
    "confidence": "medium",
    "geometry_role": "design_proposal",
    "area_sqm": 13665.1
   },
   "geometry": {
    "type": "Polygon",
    "coordinates": [
     [
      [
       116.34689999999998,
       39.94739999999998
      ],
      [
       116.34809999999997,
       39.94739999999998
      ],
      [
       116.34809999999997,
       39.94619999999998
      ],
      [
       116.34689999999998,
       39.94619999999998
      ],
      [
       116.34689999999998,
       39.94739999999998
      ]
     ]
    ]
   }
  },
  {
   "type": "Feature",
   "id": "LU-00409",
   "properties": {
    "id": "LU-00409",
    "layer": "LAND_USE",
    "land_use_code": "0902",
    "land_use_name_zh": "商务金融用地 / AI 总部",
    "source_type": "agent_generated_design",
    "confidence": "medium",
    "geometry_role": "design_proposal",
    "area_sqm": 13664.9
   },
   "geometry": {
    "type": "Polygon",
    "coordinates": [
     [
      [
       116.34689999999998,
       39.94859999999998
      ],
      [
       116.34809999999997,
       39.94859999999998
      ],
      [
       116.34809999999997,
       39.94739999999998
      ],
      [
       116.34689999999998,
       39.94739999999998
      ],
      [
       116.34689999999998,
       39.94859999999998
      ]
     ]
    ]
   }
  },
  {
   "type": "Feature",
   "id": "LU-00410",
   "properties": {
    "id": "LU-00410",
    "layer": "LAND_USE",
    "land_use_code": "0902",
    "land_use_name_zh": "商务金融用地 / AI 总部",
    "source_type": "agent_generated_design",
    "confidence": "medium",
    "geometry_role": "design_proposal",
    "area_sqm": 13664.7
   },
   "geometry": {
    "type": "Polygon",
    "coordinates": [
     [
      [
       116.34689999999998,
       39.949799999999975
      ],
      [
       116.34809999999997,
       39.949799999999975
      ],
      [
       116.34809999999997,
       39.94859999999998
      ],
      [
       116.34689999999998,
       39.94859999999998
      ],
      [
       116.34689999999998,
       39.949799999999975
      ]
     ]
    ]
   }
  },
  {
   "type": "Feature",
   "id": "LU-00411",
   "properties": {
    "id": "LU-00411",
    "layer": "LAND_USE",
    "land_use_code": "0901",
    "land_use_name_zh": "商业用地",
    "source_type": "agent_generated_design",
    "confidence": "medium",
    "geometry_role": "design_proposal",
    "area_sqm": 13664.4
   },
   "geometry": {
    "type": "Polygon",
    "coordinates": [
     [
      [
       116.34689999999998,
       39.95099999999997
      ],
      [
       116.34809999999997,
       39.95099999999997
      ],
      [
       116.34809999999997,
       39.949799999999975
      ],
      [
       116.34689999999998,
       39.949799999999975
      ],
      [
       116.34689999999998,
       39.95099999999997
      ]
     ]
    ]
   }
  },
  {
   "type": "Feature",
   "id": "LU-00412",
   "properties": {
    "id": "LU-00412",
    "layer": "LAND_USE",
    "land_use_code": "1207",
    "land_use_name_zh": "城镇道路用地",
    "source_type": "agent_generated_design",
    "confidence": "medium",
    "geometry_role": "design_proposal",
    "area_sqm": 13664.2
   },
   "geometry": {
    "type": "Polygon",
    "coordinates": [
     [
      [
       116.34689999999998,
       39.95219999999997
      ],
      [
       116.34809999999997,
       39.95219999999997
      ],
      [
       116.34809999999997,
       39.95099999999997
      ],
      [
       116.34689999999998,
       39.95099999999997
      ],
      [
       116.34689999999998,
       39.95219999999997
      ]
     ]
    ]
   }
  },
  {
   "type": "Feature",
   "id": "LU-00413",
   "properties": {
    "id": "LU-00413",
    "layer": "LAND_USE",
    "land_use_code": "0701",
    "land_use_name_zh": "城镇住宅用地",
    "source_type": "agent_generated_design",
    "confidence": "medium",
    "geometry_role": "design_proposal",
    "area_sqm": 13663.9
   },
   "geometry": {
    "type": "Polygon",
    "coordinates": [
     [
      [
       116.34689999999998,
       39.95339999999997
      ],
      [
       116.34809999999997,
       39.95339999999997
      ],
      [
       116.34809999999997,
       39.95219999999997
      ],
      [
       116.34689999999998,
       39.95219999999997
      ],
      [
       116.34689999999998,
       39.95339999999997
      ]
     ]
    ]
   }
  },
  {
   "type": "Feature",
   "id": "LU-00414",
   "properties": {
    "id": "LU-00414",
    "layer": "LAND_USE",
    "land_use_code": "0701",
    "land_use_name_zh": "城镇住宅用地",
    "source_type": "agent_generated_design",
    "confidence": "medium",
    "geometry_role": "design_proposal",
    "area_sqm": 13663.7
   },
   "geometry": {
    "type": "Polygon",
    "coordinates": [
     [
      [
       116.34689999999998,
       39.954599999999964
      ],
      [
       116.34809999999997,
       39.954599999999964
      ],
      [
       116.34809999999997,
       39.95339999999997
      ],
      [
       116.34689999999998,
       39.95339999999997
      ],
      [
       116.34689999999998,
       39.954599999999964
      ]
     ]
    ]
   }
  },
  {
   "type": "Feature",
   "id": "LU-00415",
   "properties": {
    "id": "LU-00415",
    "layer": "LAND_USE",
    "land_use_code": "1207",
    "land_use_name_zh": "城镇道路用地",
    "source_type": "agent_generated_design",
    "confidence": "medium",
    "geometry_role": "design_proposal",
    "area_sqm": 13663.5
   },
   "geometry": {
    "type": "Polygon",
    "coordinates": [
     [
      [
       116.34689999999998,
       39.95579999999996
      ],
      [
       116.34809999999997,
       39.95579999999996
      ],
      [
       116.34809999999997,
       39.954599999999964
      ],
      [
       116.34689999999998,
       39.954599999999964
      ],
      [
       116.34689999999998,
       39.95579999999996
      ]
     ]
    ]
   }
  },
  {
   "type": "Feature",
   "id": "LU-00416",
   "properties": {
    "id": "LU-00416",
    "layer": "LAND_USE",
    "land_use_code": "0901",
    "land_use_name_zh": "商业用地",
    "source_type": "agent_generated_design",
    "confidence": "medium",
    "geometry_role": "design_proposal",
    "area_sqm": 13663.2
   },
   "geometry": {
    "type": "Polygon",
    "coordinates": [
     [
      [
       116.34689999999998,
       39.95699999999996
      ],
      [
       116.34809999999997,
       39.95699999999996
      ],
      [
       116.34809999999997,
       39.95579999999996
      ],
      [
       116.34689999999998,
       39.95579999999996
      ],
      [
       116.34689999999998,
       39.95699999999996
      ]
     ]
    ]
   }
  },
  {
   "type": "Feature",
   "id": "LU-00417",
   "properties": {
    "id": "LU-00417",
    "layer": "LAND_USE",
    "land_use_code": "0801",
    "land_use_name_zh": "机关团体用地",
    "source_type": "agent_generated_design",
    "confidence": "medium",
    "geometry_role": "design_proposal",
    "area_sqm": 13663.0
   },
   "geometry": {
    "type": "Polygon",
    "coordinates": [
     [
      [
       116.34689999999998,
       39.958199999999955
      ],
      [
       116.34809999999997,
       39.958199999999955
      ],
      [
       116.34809999999997,
       39.95699999999996
      ],
      [
       116.34689999999998,
       39.95699999999996
      ],
      [
       116.34689999999998,
       39.958199999999955
      ]
     ]
    ]
   }
  },
  {
   "type": "Feature",
   "id": "LU-00418",
   "properties": {
    "id": "LU-00418",
    "layer": "LAND_USE",
    "land_use_code": "0701",
    "land_use_name_zh": "城镇住宅用地",
    "source_type": "agent_generated_design",
    "confidence": "medium",
    "geometry_role": "design_proposal",
    "area_sqm": 13662.8
   },
   "geometry": {
    "type": "Polygon",
    "coordinates": [
     [
      [
       116.34689999999998,
       39.95939999999995
      ],
      [
       116.34809999999997,
       39.95939999999995
      ],
      [
       116.34809999999997,
       39.958199999999955
      ],
      [
       116.34689999999998,
       39.958199999999955
      ],
      [
       116.34689999999998,
       39.95939999999995
      ]
     ]
    ]
   }
  },
  {
   "type": "Feature",
   "id": "LU-00419",
   "properties": {
    "id": "LU-00419",
    "layer": "LAND_USE",
    "land_use_code": "0701",
    "land_use_name_zh": "城镇住宅用地",
    "source_type": "agent_generated_design",
    "confidence": "medium",
    "geometry_role": "design_proposal",
    "area_sqm": 13662.5
   },
   "geometry": {
    "type": "Polygon",
    "coordinates": [
     [
      [
       116.34689999999998,
       39.96059999999995
      ],
      [
       116.34809999999997,
       39.96059999999995
      ],
      [
       116.34809999999997,
       39.95939999999995
      ],
      [
       116.34689999999998,
       39.95939999999995
      ],
      [
       116.34689999999998,
       39.96059999999995
      ]
     ]
    ]
   }
  },
  {
   "type": "Feature",
   "id": "LU-00420",
   "properties": {
    "id": "LU-00420",
    "layer": "LAND_USE",
    "land_use_code": "1401",
    "land_use_name_zh": "公园绿地 / 京张活力带",
    "source_type": "agent_generated_design",
    "confidence": "medium",
    "geometry_role": "design_proposal",
    "area_sqm": 13662.3
   },
   "geometry": {
    "type": "Polygon",
    "coordinates": [
     [
      [
       116.34689999999998,
       39.96179999999995
      ],
      [
       116.34809999999997,
       39.96179999999995
      ],
      [
       116.34809999999997,
       39.96059999999995
      ],
      [
       116.34689999999998,
       39.96059999999995
      ],
      [
       116.34689999999998,
       39.96179999999995
      ]
     ]
    ]
   }
  },
  {
   "type": "Feature",
   "id": "LU-00421",
   "properties": {
    "id": "LU-00421",
    "layer": "LAND_USE",
    "land_use_code": "1401",
    "land_use_name_zh": "公园绿地 / 京张活力带",
    "source_type": "agent_generated_design",
    "confidence": "medium",
    "geometry_role": "design_proposal",
    "area_sqm": 13662.1
   },
   "geometry": {
    "type": "Polygon",
    "coordinates": [
     [
      [
       116.34689999999998,
       39.962999999999944
      ],
      [
       116.34809999999997,
       39.962999999999944
      ],
      [
       116.34809999999997,
       39.96179999999995
      ],
      [
       116.34689999999998,
       39.96179999999995
      ],
      [
       116.34689999999998,
       39.962999999999944
      ]
     ]
    ]
   }
  },
  {
   "type": "Feature",
   "id": "LU-00422",
   "properties": {
    "id": "LU-00422",
    "layer": "LAND_USE",
    "land_use_code": "1401",
    "land_use_name_zh": "公园绿地 / 京张活力带",
    "source_type": "agent_generated_design",
    "confidence": "medium",
    "geometry_role": "design_proposal",
    "area_sqm": 13661.8
   },
   "geometry": {
    "type": "Polygon",
    "coordinates": [
     [
      [
       116.34689999999998,
       39.96419999999994
      ],
      [
       116.34809999999997,
       39.96419999999994
      ],
      [
       116.34809999999997,
       39.962999999999944
      ],
      [
       116.34689999999998,
       39.962999999999944
      ],
      [
       116.34689999999998,
       39.96419999999994
      ]
     ]
    ]
   }
  },
  {
   "type": "Feature",
   "id": "LU-00423",
   "properties": {
    "id": "LU-00423",
    "layer": "LAND_USE",
    "land_use_code": "1401",
    "land_use_name_zh": "公园绿地 / 京张活力带",
    "source_type": "agent_generated_design",
    "confidence": "medium",
    "geometry_role": "design_proposal",
    "area_sqm": 13661.6
   },
   "geometry": {
    "type": "Polygon",
    "coordinates": [
     [
      [
       116.34689999999998,
       39.96539999999994
      ],
      [
       116.34809999999997,
       39.96539999999994
      ],
      [
       116.34809999999997,
       39.96419999999994
      ],
      [
       116.34689999999998,
       39.96419999999994
      ],
      [
       116.34689999999998,
       39.96539999999994
      ]
     ]
    ]
   }
  },
  {
   "type": "Feature",
   "id": "LU-00424",
   "properties": {
    "id": "LU-00424",
    "layer": "LAND_USE",
    "land_use_code": "1401",
    "land_use_name_zh": "公园绿地 / 京张活力带",
    "source_type": "agent_generated_design",
    "confidence": "medium",
    "geometry_role": "design_proposal",
    "area_sqm": 13661.3
   },
   "geometry": {
    "type": "Polygon",
    "coordinates": [
     [
      [
       116.34689999999998,
       39.966599999999936
      ],
      [
       116.34809999999997,
       39.966599999999936
      ],
      [
       116.34809999999997,
       39.96539999999994
      ],
      [
       116.34689999999998,
       39.96539999999994
      ],
      [
       116.34689999999998,
       39.966599999999936
      ]
     ]
    ]
   }
  },
  {
   "type": "Feature",
   "id": "LU-00425",
   "properties": {
    "id": "LU-00425",
    "layer": "LAND_USE",
    "land_use_code": "1401",
    "land_use_name_zh": "公园绿地 / 京张活力带",
    "source_type": "agent_generated_design",
    "confidence": "medium",
    "geometry_role": "design_proposal",
    "area_sqm": 13661.1
   },
   "geometry": {
    "type": "Polygon",
    "coordinates": [
     [
      [
       116.34689999999998,
       39.96779999999993
      ],
      [
       116.34809999999997,
       39.96779999999993
      ],
      [
       116.34809999999997,
       39.966599999999936
      ],
      [
       116.34689999999998,
       39.966599999999936
      ],
      [
       116.34689999999998,
       39.96779999999993
      ]
     ]
    ]
   }
  },
  {
   "type": "Feature",
   "id": "LU-00426",
   "properties": {
    "id": "LU-00426",
    "layer": "LAND_USE",
    "land_use_code": "1401",
    "land_use_name_zh": "公园绿地 / 京张活力带",
    "source_type": "agent_generated_design",
    "confidence": "medium",
    "geometry_role": "design_proposal",
    "area_sqm": 13660.9
   },
   "geometry": {
    "type": "Polygon",
    "coordinates": [
     [
      [
       116.34689999999998,
       39.96899999999993
      ],
      [
       116.34809999999997,
       39.96899999999993
      ],
      [
       116.34809999999997,
       39.96779999999993
      ],
      [
       116.34689999999998,
       39.96779999999993
      ],
      [
       116.34689999999998,
       39.96899999999993
      ]
     ]
    ]
   }
  },
  {
   "type": "Feature",
   "id": "LU-00427",
   "properties": {
    "id": "LU-00427",
    "layer": "LAND_USE",
    "land_use_code": "1401",
    "land_use_name_zh": "公园绿地 / 京张活力带",
    "source_type": "agent_generated_design",
    "confidence": "medium",
    "geometry_role": "design_proposal",
    "area_sqm": 13660.6
   },
   "geometry": {
    "type": "Polygon",
    "coordinates": [
     [
      [
       116.34689999999998,
       39.97019999999993
      ],
      [
       116.34809999999997,
       39.97019999999993
      ],
      [
       116.34809999999997,
       39.96899999999993
      ],
      [
       116.34689999999998,
       39.96899999999993
      ],
      [
       116.34689999999998,
       39.97019999999993
      ]
     ]
    ]
   }
  },
  {
   "type": "Feature",
   "id": "LU-00428",
   "properties": {
    "id": "LU-00428",
    "layer": "LAND_USE",
    "land_use_code": "1401",
    "land_use_name_zh": "公园绿地 / 京张活力带",
    "source_type": "agent_generated_design",
    "confidence": "medium",
    "geometry_role": "design_proposal",
    "area_sqm": 13660.4
   },
   "geometry": {
    "type": "Polygon",
    "coordinates": [
     [
      [
       116.34689999999998,
       39.971399999999925
      ],
      [
       116.34809999999997,
       39.971399999999925
      ],
      [
       116.34809999999997,
       39.97019999999993
      ],
      [
       116.34689999999998,
       39.97019999999993
      ],
      [
       116.34689999999998,
       39.971399999999925
      ]
     ]
    ]
   }
  },
  {
   "type": "Feature",
   "id": "LU-00429",
   "properties": {
    "id": "LU-00429",
    "layer": "LAND_USE",
    "land_use_code": "1401",
    "land_use_name_zh": "公园绿地 / 京张活力带",
    "source_type": "agent_generated_design",
    "confidence": "medium",
    "geometry_role": "design_proposal",
    "area_sqm": 13660.2
   },
   "geometry": {
    "type": "Polygon",
    "coordinates": [
     [
      [
       116.34689999999998,
       39.97259999999992
      ],
      [
       116.34809999999997,
       39.97259999999992
      ],
      [
       116.34809999999997,
       39.971399999999925
      ],
      [
       116.34689999999998,
       39.971399999999925
      ],
      [
       116.34689999999998,
       39.97259999999992
      ]
     ]
    ]
   }
  },
  {
   "type": "Feature",
   "id": "LU-00430",
   "properties": {
    "id": "LU-00430",
    "layer": "LAND_USE",
    "land_use_code": "1401",
    "land_use_name_zh": "公园绿地 / 京张活力带",
    "source_type": "agent_generated_design",
    "confidence": "medium",
    "geometry_role": "design_proposal",
    "area_sqm": 13659.9
   },
   "geometry": {
    "type": "Polygon",
    "coordinates": [
     [
      [
       116.34689999999998,
       39.97379999999992
      ],
      [
       116.34809999999997,
       39.97379999999992
      ],
      [
       116.34809999999997,
       39.97259999999992
      ],
      [
       116.34689999999998,
       39.97259999999992
      ],
      [
       116.34689999999998,
       39.97379999999992
      ]
     ]
    ]
   }
  },
  {
   "type": "Feature",
   "id": "LU-00431",
   "properties": {
    "id": "LU-00431",
    "layer": "LAND_USE",
    "land_use_code": "0901",
    "land_use_name_zh": "商业用地",
    "source_type": "agent_generated_design",
    "confidence": "medium",
    "geometry_role": "design_proposal",
    "area_sqm": 13659.7
   },
   "geometry": {
    "type": "Polygon",
    "coordinates": [
     [
      [
       116.34689999999998,
       39.974999999999916
      ],
      [
       116.34809999999997,
       39.974999999999916
      ],
      [
       116.34809999999997,
       39.97379999999992
      ],
      [
       116.34689999999998,
       39.97379999999992
      ],
      [
       116.34689999999998,
       39.974999999999916
      ]
     ]
    ]
   }
  },
  {
   "type": "Feature",
   "id": "LU-00432",
   "properties": {
    "id": "LU-00432",
    "layer": "LAND_USE",
    "land_use_code": "1207",
    "land_use_name_zh": "城镇道路用地",
    "source_type": "agent_generated_design",
    "confidence": "medium",
    "geometry_role": "design_proposal",
    "area_sqm": 13659.5
   },
   "geometry": {
    "type": "Polygon",
    "coordinates": [
     [
      [
       116.34689999999998,
       39.97619999999991
      ],
      [
       116.34809999999997,
       39.97619999999991
      ],
      [
       116.34809999999997,
       39.974999999999916
      ],
      [
       116.34689999999998,
       39.974999999999916
      ],
      [
       116.34689999999998,
       39.97619999999991
      ]
     ]
    ]
   }
  },
  {
   "type": "Feature",
   "id": "LU-00433",
   "properties": {
    "id": "LU-00433",
    "layer": "LAND_USE",
    "land_use_code": "0701",
    "land_use_name_zh": "城镇住宅用地",
    "source_type": "agent_generated_design",
    "confidence": "medium",
    "geometry_role": "design_proposal",
    "area_sqm": 13659.2
   },
   "geometry": {
    "type": "Polygon",
    "coordinates": [
     [
      [
       116.34689999999998,
       39.97739999999991
      ],
      [
       116.34809999999997,
       39.97739999999991
      ],
      [
       116.34809999999997,
       39.97619999999991
      ],
      [
       116.34689999999998,
       39.97619999999991
      ],
      [
       116.34689999999998,
       39.97739999999991
      ]
     ]
    ]
   }
  },
  {
   "type": "Feature",
   "id": "LU-00434",
   "properties": {
    "id": "LU-00434",
    "layer": "LAND_USE",
    "land_use_code": "0701",
    "land_use_name_zh": "城镇住宅用地",
    "source_type": "agent_generated_design",
    "confidence": "medium",
    "geometry_role": "design_proposal",
    "area_sqm": 13659.0
   },
   "geometry": {
    "type": "Polygon",
    "coordinates": [
     [
      [
       116.34689999999998,
       39.97859999999991
      ],
      [
       116.34809999999997,
       39.97859999999991
      ],
      [
       116.34809999999997,
       39.97739999999991
      ],
      [
       116.34689999999998,
       39.97739999999991
      ],
      [
       116.34689999999998,
       39.97859999999991
      ]
     ]
    ]
   }
  },
  {
   "type": "Feature",
   "id": "LU-00435",
   "properties": {
    "id": "LU-00435",
    "layer": "LAND_USE",
    "land_use_code": "1207",
    "land_use_name_zh": "城镇道路用地",
    "source_type": "agent_generated_design",
    "confidence": "medium",
    "geometry_role": "design_proposal",
    "area_sqm": 13658.7
   },
   "geometry": {
    "type": "Polygon",
    "coordinates": [
     [
      [
       116.34689999999998,
       39.979799999999905
      ],
      [
       116.34809999999997,
       39.979799999999905
      ],
      [
       116.34809999999997,
       39.97859999999991
      ],
      [
       116.34689999999998,
       39.97859999999991
      ],
      [
       116.34689999999998,
       39.979799999999905
      ]
     ]
    ]
   }
  },
  {
   "type": "Feature",
   "id": "LU-00436",
   "properties": {
    "id": "LU-00436",
    "layer": "LAND_USE",
    "land_use_code": "0901",
    "land_use_name_zh": "商业用地",
    "source_type": "agent_generated_design",
    "confidence": "medium",
    "geometry_role": "design_proposal",
    "area_sqm": 13658.5
   },
   "geometry": {
    "type": "Polygon",
    "coordinates": [
     [
      [
       116.34689999999998,
       39.9809999999999
      ],
      [
       116.34809999999997,
       39.9809999999999
      ],
      [
       116.34809999999997,
       39.979799999999905
      ],
      [
       116.34689999999998,
       39.979799999999905
      ],
      [
       116.34689999999998,
       39.9809999999999
      ]
     ]
    ]
   }
  },
  {
   "type": "Feature",
   "id": "LU-00437",
   "properties": {
    "id": "LU-00437",
    "layer": "LAND_USE",
    "land_use_code": "0701",
    "land_use_name_zh": "城镇住宅用地",
    "source_type": "agent_generated_design",
    "confidence": "medium",
    "geometry_role": "design_proposal",
    "area_sqm": 13658.3
   },
   "geometry": {
    "type": "Polygon",
    "coordinates": [
     [
      [
       116.34689999999998,
       39.9821999999999
      ],
      [
       116.34809999999997,
       39.9821999999999
      ],
      [
       116.34809999999997,
       39.9809999999999
      ],
      [
       116.34689999999998,
       39.9809999999999
      ],
      [
       116.34689999999998,
       39.9821999999999
      ]
     ]
    ]
   }
  },
  {
   "type": "Feature",
   "id": "LU-00438",
   "properties": {
    "id": "LU-00438",
    "layer": "LAND_USE",
    "land_use_code": "0801",
    "land_use_name_zh": "机关团体用地",
    "source_type": "agent_generated_design",
    "confidence": "medium",
    "geometry_role": "design_proposal",
    "area_sqm": 13658.0
   },
   "geometry": {
    "type": "Polygon",
    "coordinates": [
     [
      [
       116.34689999999998,
       39.9833999999999
      ],
      [
       116.34809999999997,
       39.9833999999999
      ],
      [
       116.34809999999997,
       39.9821999999999
      ],
      [
       116.34689999999998,
       39.9821999999999
      ],
      [
       116.34689999999998,
       39.9833999999999
      ]
     ]
    ]
   }
  },
  {
   "type": "Feature",
   "id": "LU-00439",
   "properties": {
    "id": "LU-00439",
    "layer": "LAND_USE",
    "land_use_code": "0701",
    "land_use_name_zh": "城镇住宅用地",
    "source_type": "agent_generated_design",
    "confidence": "medium",
    "geometry_role": "design_proposal",
    "area_sqm": 13657.8
   },
   "geometry": {
    "type": "Polygon",
    "coordinates": [
     [
      [
       116.34689999999998,
       39.984599999999894
      ],
      [
       116.34809999999997,
       39.984599999999894
      ],
      [
       116.34809999999997,
       39.9833999999999
      ],
      [
       116.34689999999998,
       39.9833999999999
      ],
      [
       116.34689999999998,
       39.984599999999894
      ]
     ]
    ]
   }
  },
  {
   "type": "Feature",
   "id": "LU-00440",
   "properties": {
    "id": "LU-00440",
    "layer": "LAND_USE",
    "land_use_code": "0701",
    "land_use_name_zh": "城镇住宅用地",
    "source_type": "agent_generated_design",
    "confidence": "medium",
    "geometry_role": "design_proposal",
    "area_sqm": 13657.6
   },
   "geometry": {
    "type": "Polygon",
    "coordinates": [
     [
      [
       116.34689999999998,
       39.98579999999989
      ],
      [
       116.34809999999997,
       39.98579999999989
      ],
      [
       116.34809999999997,
       39.984599999999894
      ],
      [
       116.34689999999998,
       39.984599999999894
      ],
      [
       116.34689999999998,
       39.98579999999989
      ]
     ]
    ]
   }
  },
  {
   "type": "Feature",
   "id": "LU-00441",
   "properties": {
    "id": "LU-00441",
    "layer": "LAND_USE",
    "land_use_code": "0701",
    "land_use_name_zh": "城镇住宅用地",
    "source_type": "agent_generated_design",
    "confidence": "medium",
    "geometry_role": "design_proposal",
    "area_sqm": 13657.3
   },
   "geometry": {
    "type": "Polygon",
    "coordinates": [
     [
      [
       116.34689999999998,
       39.98699999999989
      ],
      [
       116.34809999999997,
       39.98699999999989
      ],
      [
       116.34809999999997,
       39.98579999999989
      ],
      [
       116.34689999999998,
       39.98579999999989
      ],
      [
       116.34689999999998,
       39.98699999999989
      ]
     ]
    ]
   }
  },
  {
   "type": "Feature",
   "id": "LU-00442",
   "properties": {
    "id": "LU-00442",
    "layer": "LAND_USE",
    "land_use_code": "0702",
    "land_use_name_zh": "城镇社区服务设施用地",
    "source_type": "agent_generated_design",
    "confidence": "medium",
    "geometry_role": "design_proposal",
    "area_sqm": 13657.1
   },
   "geometry": {
    "type": "Polygon",
    "coordinates": [
     [
      [
       116.34689999999998,
       39.988199999999885
      ],
      [
       116.34809999999997,
       39.988199999999885
      ],
      [
       116.34809999999997,
       39.98699999999989
      ],
      [
       116.34689999999998,
       39.98699999999989
      ],
      [
       116.34689999999998,
       39.988199999999885
      ]
     ]
    ]
   }
  },
  {
   "type": "Feature",
   "id": "LU-00443",
   "properties": {
    "id": "LU-00443",
    "layer": "LAND_USE",
    "land_use_code": "0702",
    "land_use_name_zh": "城镇社区服务设施用地",
    "source_type": "agent_generated_design",
    "confidence": "medium",
    "geometry_role": "design_proposal",
    "area_sqm": 13656.9
   },
   "geometry": {
    "type": "Polygon",
    "coordinates": [
     [
      [
       116.34689999999998,
       39.98939999999988
      ],
      [
       116.34809999999997,
       39.98939999999988
      ],
      [
       116.34809999999997,
       39.988199999999885
      ],
      [
       116.34689999999998,
       39.988199999999885
      ],
      [
       116.34689999999998,
       39.98939999999988
      ]
     ]
    ]
   }
  },
  {
   "type": "Feature",
   "id": "LU-00444",
   "properties": {
    "id": "LU-00444",
    "layer": "LAND_USE",
    "land_use_code": "0702",
    "land_use_name_zh": "城镇社区服务设施用地",
    "source_type": "agent_generated_design",
    "confidence": "medium",
    "geometry_role": "design_proposal",
    "area_sqm": 13656.6
   },
   "geometry": {
    "type": "Polygon",
    "coordinates": [
     [
      [
       116.34689999999998,
       39.99059999999988
      ],
      [
       116.34809999999997,
       39.99059999999988
      ],
      [
       116.34809999999997,
       39.98939999999988
      ],
      [
       116.34689999999998,
       39.98939999999988
      ],
      [
       116.34689999999998,
       39.99059999999988
      ]
     ]
    ]
   }
  },
  {
   "type": "Feature",
   "id": "LU-00445",
   "properties": {
    "id": "LU-00445",
    "layer": "LAND_USE",
    "land_use_code": "0804",
    "land_use_name_zh": "教育科研用地",
    "source_type": "agent_generated_design",
    "confidence": "medium",
    "geometry_role": "design_proposal",
    "area_sqm": 13656.4
   },
   "geometry": {
    "type": "Polygon",
    "coordinates": [
     [
      [
       116.34689999999998,
       39.99179999999988
      ],
      [
       116.34809999999997,
       39.99179999999988
      ],
      [
       116.34809999999997,
       39.99059999999988
      ],
      [
       116.34689999999998,
       39.99059999999988
      ],
      [
       116.34689999999998,
       39.99179999999988
      ]
     ]
    ]
   }
  },
  {
   "type": "Feature",
   "id": "LU-00446",
   "properties": {
    "id": "LU-00446",
    "layer": "LAND_USE",
    "land_use_code": "0804",
    "land_use_name_zh": "教育科研用地",
    "source_type": "agent_generated_design",
    "confidence": "medium",
    "geometry_role": "design_proposal",
    "area_sqm": 13656.2
   },
   "geometry": {
    "type": "Polygon",
    "coordinates": [
     [
      [
       116.34689999999998,
       39.992999999999874
      ],
      [
       116.34809999999997,
       39.992999999999874
      ],
      [
       116.34809999999997,
       39.99179999999988
      ],
      [
       116.34689999999998,
       39.99179999999988
      ],
      [
       116.34689999999998,
       39.992999999999874
      ]
     ]
    ]
   }
  },
  {
   "type": "Feature",
   "id": "LU-00447",
   "properties": {
    "id": "LU-00447",
    "layer": "LAND_USE",
    "land_use_code": "0701",
    "land_use_name_zh": "城镇住宅用地",
    "source_type": "agent_generated_design",
    "confidence": "medium",
    "geometry_role": "design_proposal",
    "area_sqm": 13655.9
   },
   "geometry": {
    "type": "Polygon",
    "coordinates": [
     [
      [
       116.34689999999998,
       39.99419999999987
      ],
      [
       116.34809999999997,
       39.99419999999987
      ],
      [
       116.34809999999997,
       39.992999999999874
      ],
      [
       116.34689999999998,
       39.992999999999874
      ],
      [
       116.34689999999998,
       39.99419999999987
      ]
     ]
    ]
   }
  },
  {
   "type": "Feature",
   "id": "LU-00448",
   "properties": {
    "id": "LU-00448",
    "layer": "LAND_USE",
    "land_use_code": "0701",
    "land_use_name_zh": "城镇住宅用地",
    "source_type": "agent_generated_design",
    "confidence": "medium",
    "geometry_role": "design_proposal",
    "area_sqm": 13655.7
   },
   "geometry": {
    "type": "Polygon",
    "coordinates": [
     [
      [
       116.34689999999998,
       39.99539999999987
      ],
      [
       116.34809999999997,
       39.99539999999987
      ],
      [
       116.34809999999997,
       39.99419999999987
      ],
      [
       116.34689999999998,
       39.99419999999987
      ],
      [
       116.34689999999998,
       39.99539999999987
      ]
     ]
    ]
   }
  },
  {
   "type": "Feature",
   "id": "LU-00449",
   "properties": {
    "id": "LU-00449",
    "layer": "LAND_USE",
    "land_use_code": "0701",
    "land_use_name_zh": "城镇住宅用地",
    "source_type": "agent_generated_design",
    "confidence": "medium",
    "geometry_role": "design_proposal",
    "area_sqm": 13655.4
   },
   "geometry": {
    "type": "Polygon",
    "coordinates": [
     [
      [
       116.34689999999998,
       39.996599999999866
      ],
      [
       116.34809999999997,
       39.996599999999866
      ],
      [
       116.34809999999997,
       39.99539999999987
      ],
      [
       116.34689999999998,
       39.99539999999987
      ],
      [
       116.34689999999998,
       39.996599999999866
      ]
     ]
    ]
   }
  },
  {
   "type": "Feature",
   "id": "LU-00450",
   "properties": {
    "id": "LU-00450",
    "layer": "LAND_USE",
    "land_use_code": "0701",
    "land_use_name_zh": "城镇住宅用地",
    "source_type": "agent_generated_design",
    "confidence": "medium",
    "geometry_role": "design_proposal",
    "area_sqm": 13655.2
   },
   "geometry": {
    "type": "Polygon",
    "coordinates": [
     [
      [
       116.34689999999998,
       39.99779999999986
      ],
      [
       116.34809999999997,
       39.99779999999986
      ],
      [
       116.34809999999997,
       39.996599999999866
      ],
      [
       116.34689999999998,
       39.996599999999866
      ],
      [
       116.34689999999998,
       39.99779999999986
      ]
     ]
    ]
   }
  },
  {
   "type": "Feature",
   "id": "LU-00451",
   "properties": {
    "id": "LU-00451",
    "layer": "LAND_USE",
    "land_use_code": "0901",
    "land_use_name_zh": "商业用地",
    "source_type": "agent_generated_design",
    "confidence": "medium",
    "geometry_role": "design_proposal",
    "area_sqm": 13655.0
   },
   "geometry": {
    "type": "Polygon",
    "coordinates": [
     [
      [
       116.34689999999998,
       39.99899999999986
      ],
      [
       116.34809999999997,
       39.99899999999986
      ],
      [
       116.34809999999997,
       39.99779999999986
      ],
      [
       116.34689999999998,
       39.99779999999986
      ],
      [
       116.34689999999998,
       39.99899999999986
      ]
     ]
    ]
   }
  },
  {
   "type": "Feature",
   "id": "LU-00452",
   "properties": {
    "id": "LU-00452",
    "layer": "LAND_USE",
    "land_use_code": "1207",
    "land_use_name_zh": "城镇道路用地",
    "source_type": "agent_generated_design",
    "confidence": "medium",
    "geometry_role": "design_proposal",
    "area_sqm": 13654.7
   },
   "geometry": {
    "type": "Polygon",
    "coordinates": [
     [
      [
       116.34689999999998,
       40.00019999999986
      ],
      [
       116.34809999999997,
       40.00019999999986
      ],
      [
       116.34809999999997,
       39.99899999999986
      ],
      [
       116.34689999999998,
       39.99899999999986
      ],
      [
       116.34689999999998,
       40.00019999999986
      ]
     ]
    ]
   }
  },
  {
   "type": "Feature",
   "id": "LU-00453",
   "properties": {
    "id": "LU-00453",
    "layer": "LAND_USE",
    "land_use_code": "0701",
    "land_use_name_zh": "城镇住宅用地",
    "source_type": "agent_generated_design",
    "confidence": "medium",
    "geometry_role": "design_proposal",
    "area_sqm": 13654.5
   },
   "geometry": {
    "type": "Polygon",
    "coordinates": [
     [
      [
       116.34689999999998,
       40.001399999999855
      ],
      [
       116.34809999999997,
       40.001399999999855
      ],
      [
       116.34809999999997,
       40.00019999999986
      ],
      [
       116.34689999999998,
       40.00019999999986
      ],
      [
       116.34689999999998,
       40.001399999999855
      ]
     ]
    ]
   }
  },
  {
   "type": "Feature",
   "id": "LU-00454",
   "properties": {
    "id": "LU-00454",
    "layer": "LAND_USE",
    "land_use_code": "0701",
    "land_use_name_zh": "城镇住宅用地",
    "source_type": "agent_generated_design",
    "confidence": "medium",
    "geometry_role": "design_proposal",
    "area_sqm": 13654.3
   },
   "geometry": {
    "type": "Polygon",
    "coordinates": [
     [
      [
       116.34689999999998,
       40.00259999999985
      ],
      [
       116.34809999999997,
       40.00259999999985
      ],
      [
       116.34809999999997,
       40.001399999999855
      ],
      [
       116.34689999999998,
       40.001399999999855
      ],
      [
       116.34689999999998,
       40.00259999999985
      ]
     ]
    ]
   }
  },
  {
   "type": "Feature",
   "id": "LU-00455",
   "properties": {
    "id": "LU-00455",
    "layer": "LAND_USE",
    "land_use_code": "1207",
    "land_use_name_zh": "城镇道路用地",
    "source_type": "agent_generated_design",
    "confidence": "medium",
    "geometry_role": "design_proposal",
    "area_sqm": 13654.0
   },
   "geometry": {
    "type": "Polygon",
    "coordinates": [
     [
      [
       116.34689999999998,
       40.00379999999985
      ],
      [
       116.34809999999997,
       40.00379999999985
      ],
      [
       116.34809999999997,
       40.00259999999985
      ],
      [
       116.34689999999998,
       40.00259999999985
      ],
      [
       116.34689999999998,
       40.00379999999985
      ]
     ]
    ]
   }
  },
  {
   "type": "Feature",
   "id": "LU-00456",
   "properties": {
    "id": "LU-00456",
    "layer": "LAND_USE",
    "land_use_code": "0901",
    "land_use_name_zh": "商业用地",
    "source_type": "agent_generated_design",
    "confidence": "medium",
    "geometry_role": "design_proposal",
    "area_sqm": 13653.8
   },
   "geometry": {
    "type": "Polygon",
    "coordinates": [
     [
      [
       116.34689999999998,
       40.004999999999846
      ],
      [
       116.34809999999997,
       40.004999999999846
      ],
      [
       116.34809999999997,
       40.00379999999985
      ],
      [
       116.34689999999998,
       40.00379999999985
      ],
      [
       116.34689999999998,
       40.004999999999846
      ]
     ]
    ]
   }
  },
  {
   "type": "Feature",
   "id": "LU-00457",
   "properties": {
    "id": "LU-00457",
    "layer": "LAND_USE",
    "land_use_code": "0701",
    "land_use_name_zh": "城镇住宅用地",
    "source_type": "agent_generated_design",
    "confidence": "medium",
    "geometry_role": "design_proposal",
    "area_sqm": 13653.6
   },
   "geometry": {
    "type": "Polygon",
    "coordinates": [
     [
      [
       116.34689999999998,
       40.00619999999984
      ],
      [
       116.34809999999997,
       40.00619999999984
      ],
      [
       116.34809999999997,
       40.004999999999846
      ],
      [
       116.34689999999998,
       40.004999999999846
      ],
      [
       116.34689999999998,
       40.00619999999984
      ]
     ]
    ]
   }
  },
  {
   "type": "Feature",
   "id": "LU-00458",
   "properties": {
    "id": "LU-00458",
    "layer": "LAND_USE",
    "land_use_code": "0701",
    "land_use_name_zh": "城镇住宅用地",
    "source_type": "agent_generated_design",
    "confidence": "medium",
    "geometry_role": "design_proposal",
    "area_sqm": 13653.3
   },
   "geometry": {
    "type": "Polygon",
    "coordinates": [
     [
      [
       116.34689999999998,
       40.00739999999984
      ],
      [
       116.34809999999997,
       40.00739999999984
      ],
      [
       116.34809999999997,
       40.00619999999984
      ],
      [
       116.34689999999998,
       40.00619999999984
      ],
      [
       116.34689999999998,
       40.00739999999984
      ]
     ]
    ]
   }
  },
  {
   "type": "Feature",
   "id": "LU-00459",
   "properties": {
    "id": "LU-00459",
    "layer": "LAND_USE",
    "land_use_code": "1001",
    "land_use_name_zh": "工业用地 / AI 自主创新产业",
    "source_type": "agent_generated_design",
    "confidence": "medium",
    "geometry_role": "design_proposal",
    "area_sqm": 13653.1
   },
   "geometry": {
    "type": "Polygon",
    "coordinates": [
     [
      [
       116.34689999999998,
       40.00859999999984
      ],
      [
       116.34809999999997,
       40.00859999999984
      ],
      [
       116.34809999999997,
       40.00739999999984
      ],
      [
       116.34689999999998,
       40.00739999999984
      ],
      [
       116.34689999999998,
       40.00859999999984
      ]
     ]
    ]
   }
  },
  {
   "type": "Feature",
   "id": "LU-00460",
   "properties": {
    "id": "LU-00460",
    "layer": "LAND_USE",
    "land_use_code": "1001",
    "land_use_name_zh": "工业用地 / AI 自主创新产业",
    "source_type": "agent_generated_design",
    "confidence": "medium",
    "geometry_role": "design_proposal",
    "area_sqm": 13652.8
   },
   "geometry": {
    "type": "Polygon",
    "coordinates": [
     [
      [
       116.34689999999998,
       40.009799999999835
      ],
      [
       116.34809999999997,
       40.009799999999835
      ],
      [
       116.34809999999997,
       40.00859999999984
      ],
      [
       116.34689999999998,
       40.00859999999984
      ],
      [
       116.34689999999998,
       40.009799999999835
      ]
     ]
    ]
   }
  },
  {
   "type": "Feature",
   "id": "LU-00461",
   "properties": {
    "id": "LU-00461",
    "layer": "LAND_USE",
    "land_use_code": "1001",
    "land_use_name_zh": "工业用地 / AI 自主创新产业",
    "source_type": "agent_generated_design",
    "confidence": "medium",
    "geometry_role": "design_proposal",
    "area_sqm": 13652.6
   },
   "geometry": {
    "type": "Polygon",
    "coordinates": [
     [
      [
       116.34689999999998,
       40.01099999999983
      ],
      [
       116.34809999999997,
       40.01099999999983
      ],
      [
       116.34809999999997,
       40.009799999999835
      ],
      [
       116.34689999999998,
       40.009799999999835
      ],
      [
       116.34689999999998,
       40.01099999999983
      ]
     ]
    ]
   }
  },
  {
   "type": "Feature",
   "id": "LU-00462",
   "properties": {
    "id": "LU-00462",
    "layer": "LAND_USE",
    "land_use_code": "1001",
    "land_use_name_zh": "工业用地 / AI 自主创新产业",
    "source_type": "agent_generated_design",
    "confidence": "medium",
    "geometry_role": "design_proposal",
    "area_sqm": 13652.4
   },
   "geometry": {
    "type": "Polygon",
    "coordinates": [
     [
      [
       116.34689999999998,
       40.01219999999983
      ],
      [
       116.34809999999997,
       40.01219999999983
      ],
      [
       116.34809999999997,
       40.01099999999983
      ],
      [
       116.34689999999998,
       40.01099999999983
      ],
      [
       116.34689999999998,
       40.01219999999983
      ]
     ]
    ]
   }
  },
  {
   "type": "Feature",
   "id": "LU-00463",
   "properties": {
    "id": "LU-00463",
    "layer": "LAND_USE",
    "land_use_code": "1001",
    "land_use_name_zh": "工业用地 / AI 自主创新产业",
    "source_type": "agent_generated_design",
    "confidence": "medium",
    "geometry_role": "design_proposal",
    "area_sqm": 13652.1
   },
   "geometry": {
    "type": "Polygon",
    "coordinates": [
     [
      [
       116.34689999999998,
       40.01339999999983
      ],
      [
       116.34809999999997,
       40.01339999999983
      ],
      [
       116.34809999999997,
       40.01219999999983
      ],
      [
       116.34689999999998,
       40.01219999999983
      ],
      [
       116.34689999999998,
       40.01339999999983
      ]
     ]
    ]
   }
  },
  {
   "type": "Feature",
   "id": "LU-00464",
   "properties": {
    "id": "LU-00464",
    "layer": "LAND_USE",
    "land_use_code": "1001",
    "land_use_name_zh": "工业用地 / AI 自主创新产业",
    "source_type": "agent_generated_design",
    "confidence": "medium",
    "geometry_role": "design_proposal",
    "area_sqm": 13651.9
   },
   "geometry": {
    "type": "Polygon",
    "coordinates": [
     [
      [
       116.34689999999998,
       40.014599999999824
      ],
      [
       116.34809999999997,
       40.014599999999824
      ],
      [
       116.34809999999997,
       40.01339999999983
      ],
      [
       116.34689999999998,
       40.01339999999983
      ],
      [
       116.34689999999998,
       40.014599999999824
      ]
     ]
    ]
   }
  },
  {
   "type": "Feature",
   "id": "LU-00465",
   "properties": {
    "id": "LU-00465",
    "layer": "LAND_USE",
    "land_use_code": "1001",
    "land_use_name_zh": "工业用地 / AI 自主创新产业",
    "source_type": "agent_generated_design",
    "confidence": "medium",
    "geometry_role": "design_proposal",
    "area_sqm": 13651.7
   },
   "geometry": {
    "type": "Polygon",
    "coordinates": [
     [
      [
       116.34689999999998,
       40.01579999999982
      ],
      [
       116.34809999999997,
       40.01579999999982
      ],
      [
       116.34809999999997,
       40.014599999999824
      ],
      [
       116.34689999999998,
       40.014599999999824
      ],
      [
       116.34689999999998,
       40.01579999999982
      ]
     ]
    ]
   }
  },
  {
   "type": "Feature",
   "id": "LU-00466",
   "properties": {
    "id": "LU-00466",
    "layer": "LAND_USE",
    "land_use_code": "1001",
    "land_use_name_zh": "工业用地 / AI 自主创新产业",
    "source_type": "agent_generated_design",
    "confidence": "medium",
    "geometry_role": "design_proposal",
    "area_sqm": 13651.4
   },
   "geometry": {
    "type": "Polygon",
    "coordinates": [
     [
      [
       116.34689999999998,
       40.01699999999982
      ],
      [
       116.34809999999997,
       40.01699999999982
      ],
      [
       116.34809999999997,
       40.01579999999982
      ],
      [
       116.34689999999998,
       40.01579999999982
      ],
      [
       116.34689999999998,
       40.01699999999982
      ]
     ]
    ]
   }
  },
  {
   "type": "Feature",
   "id": "LU-00467",
   "properties": {
    "id": "LU-00467",
    "layer": "LAND_USE",
    "land_use_code": "1001",
    "land_use_name_zh": "工业用地 / AI 自主创新产业",
    "source_type": "agent_generated_design",
    "confidence": "medium",
    "geometry_role": "design_proposal",
    "area_sqm": 13651.2
   },
   "geometry": {
    "type": "Polygon",
    "coordinates": [
     [
      [
       116.34689999999998,
       40.018199999999815
      ],
      [
       116.34809999999997,
       40.018199999999815
      ],
      [
       116.34809999999997,
       40.01699999999982
      ],
      [
       116.34689999999998,
       40.01699999999982
      ],
      [
       116.34689999999998,
       40.018199999999815
      ]
     ]
    ]
   }
  },
  {
   "type": "Feature",
   "id": "LU-00468",
   "properties": {
    "id": "LU-00468",
    "layer": "LAND_USE",
    "land_use_code": "1001",
    "land_use_name_zh": "工业用地 / AI 自主创新产业",
    "source_type": "agent_generated_design",
    "confidence": "medium",
    "geometry_role": "design_proposal",
    "area_sqm": 13651.0
   },
   "geometry": {
    "type": "Polygon",
    "coordinates": [
     [
      [
       116.34689999999998,
       40.01939999999981
      ],
      [
       116.34809999999997,
       40.01939999999981
      ],
      [
       116.34809999999997,
       40.018199999999815
      ],
      [
       116.34689999999998,
       40.018199999999815
      ],
      [
       116.34689999999998,
       40.01939999999981
      ]
     ]
    ]
   }
  },
  {
   "type": "Feature",
   "id": "LU-00469",
   "properties": {
    "id": "LU-00469",
    "layer": "LAND_USE",
    "land_use_code": "1001",
    "land_use_name_zh": "工业用地 / AI 自主创新产业",
    "source_type": "agent_generated_design",
    "confidence": "medium",
    "geometry_role": "design_proposal",
    "area_sqm": 13650.7
   },
   "geometry": {
    "type": "Polygon",
    "coordinates": [
     [
      [
       116.34689999999998,
       40.02059999999981
      ],
      [
       116.34809999999997,
       40.02059999999981
      ],
      [
       116.34809999999997,
       40.01939999999981
      ],
      [
       116.34689999999998,
       40.01939999999981
      ],
      [
       116.34689999999998,
       40.02059999999981
      ]
     ]
    ]
   }
  },
  {
   "type": "Feature",
   "id": "LU-00470",
   "properties": {
    "id": "LU-00470",
    "layer": "LAND_USE",
    "land_use_code": "1001",
    "land_use_name_zh": "工业用地 / AI 自主创新产业",
    "source_type": "agent_generated_design",
    "confidence": "medium",
    "geometry_role": "design_proposal",
    "area_sqm": 13650.5
   },
   "geometry": {
    "type": "Polygon",
    "coordinates": [
     [
      [
       116.34689999999998,
       40.02179999999981
      ],
      [
       116.34809999999997,
       40.02179999999981
      ],
      [
       116.34809999999997,
       40.02059999999981
      ],
      [
       116.34689999999998,
       40.02059999999981
      ],
      [
       116.34689999999998,
       40.02179999999981
      ]
     ]
    ]
   }
  },
  {
   "type": "Feature",
   "id": "LU-00471",
   "properties": {
    "id": "LU-00471",
    "layer": "LAND_USE",
    "land_use_code": "1001",
    "land_use_name_zh": "工业用地 / AI 自主创新产业",
    "source_type": "agent_generated_design",
    "confidence": "medium",
    "geometry_role": "design_proposal",
    "area_sqm": 13650.2
   },
   "geometry": {
    "type": "Polygon",
    "coordinates": [
     [
      [
       116.34689999999998,
       40.022999999999804
      ],
      [
       116.34809999999997,
       40.022999999999804
      ],
      [
       116.34809999999997,
       40.02179999999981
      ],
      [
       116.34689999999998,
       40.02179999999981
      ],
      [
       116.34689999999998,
       40.022999999999804
      ]
     ]
    ]
   }
  },
  {
   "type": "Feature",
   "id": "LU-00472",
   "properties": {
    "id": "LU-00472",
    "layer": "LAND_USE",
    "land_use_code": "1001",
    "land_use_name_zh": "工业用地 / AI 自主创新产业",
    "source_type": "agent_generated_design",
    "confidence": "medium",
    "geometry_role": "design_proposal",
    "area_sqm": 13650.0
   },
   "geometry": {
    "type": "Polygon",
    "coordinates": [
     [
      [
       116.34689999999998,
       40.0241999999998
      ],
      [
       116.34809999999997,
       40.0241999999998
      ],
      [
       116.34809999999997,
       40.022999999999804
      ],
      [
       116.34689999999998,
       40.022999999999804
      ],
      [
       116.34689999999998,
       40.0241999999998
      ]
     ]
    ]
   }
  },
  {
   "type": "Feature",
   "id": "LU-00473",
   "properties": {
    "id": "LU-00473",
    "layer": "LAND_USE",
    "land_use_code": "1001",
    "land_use_name_zh": "工业用地 / AI 自主创新产业",
    "source_type": "agent_generated_design",
    "confidence": "medium",
    "geometry_role": "design_proposal",
    "area_sqm": 13649.8
   },
   "geometry": {
    "type": "Polygon",
    "coordinates": [
     [
      [
       116.34689999999998,
       40.0253999999998
      ],
      [
       116.34809999999997,
       40.0253999999998
      ],
      [
       116.34809999999997,
       40.0241999999998
      ],
      [
       116.34689999999998,
       40.0241999999998
      ],
      [
       116.34689999999998,
       40.0253999999998
      ]
     ]
    ]
   }
  },
  {
   "type": "Feature",
   "id": "LU-00474",
   "properties": {
    "id": "LU-00474",
    "layer": "LAND_USE",
    "land_use_code": "1001",
    "land_use_name_zh": "工业用地 / AI 自主创新产业",
    "source_type": "agent_generated_design",
    "confidence": "medium",
    "geometry_role": "design_proposal",
    "area_sqm": 12512.1
   },
   "geometry": {
    "type": "Polygon",
    "coordinates": [
     [
      [
       116.34809999999997,
       40.0253999999998
      ],
      [
       116.34689999999998,
       40.0253999999998
      ],
      [
       116.34689999999998,
       40.0265
      ],
      [
       116.34809999999997,
       40.0265
      ],
      [
       116.34809999999997,
       40.0253999999998
      ]
     ]
    ]
   }
  },
  {
   "type": "Feature",
   "id": "LU-00475",
   "properties": {
    "id": "LU-00475",
    "layer": "LAND_USE",
    "land_use_code": "1207",
    "land_use_name_zh": "城镇道路用地",
    "source_type": "agent_generated_design",
    "confidence": "medium",
    "geometry_role": "design_proposal",
    "area_sqm": 13666.5
   },
   "geometry": {
    "type": "Polygon",
    "coordinates": [
     [
      [
       116.34809999999997,
       39.939
      ],
      [
       116.34809999999997,
       39.9402
      ],
      [
       116.34929999999997,
       39.9402
      ],
      [
       116.34929999999997,
       39.939
      ],
      [
       116.34809999999997,
       39.939
      ]
     ]
    ]
   }
  },
  {
   "type": "Feature",
   "id": "LU-00476",
   "properties": {
    "id": "LU-00476",
    "layer": "LAND_USE",
    "land_use_code": "0701",
    "land_use_name_zh": "城镇住宅用地",
    "source_type": "agent_generated_design",
    "confidence": "medium",
    "geometry_role": "design_proposal",
    "area_sqm": 13666.3
   },
   "geometry": {
    "type": "Polygon",
    "coordinates": [
     [
      [
       116.34809999999997,
       39.941399999999994
      ],
      [
       116.34929999999997,
       39.941399999999994
      ],
      [
       116.34929999999997,
       39.9402
      ],
      [
       116.34809999999997,
       39.9402
      ],
      [
       116.34809999999997,
       39.941399999999994
      ]
     ]
    ]
   }
  },
  {
   "type": "Feature",
   "id": "LU-00477",
   "properties": {
    "id": "LU-00477",
    "layer": "LAND_USE",
    "land_use_code": "0901",
    "land_use_name_zh": "商业用地",
    "source_type": "agent_generated_design",
    "confidence": "medium",
    "geometry_role": "design_proposal",
    "area_sqm": 13666.1
   },
   "geometry": {
    "type": "Polygon",
    "coordinates": [
     [
      [
       116.34809999999997,
       39.94259999999999
      ],
      [
       116.34929999999997,
       39.94259999999999
      ],
      [
       116.34929999999997,
       39.941399999999994
      ],
      [
       116.34809999999997,
       39.941399999999994
      ],
      [
       116.34809999999997,
       39.94259999999999
      ]
     ]
    ]
   }
  },
  {
   "type": "Feature",
   "id": "LU-00478",
   "properties": {
    "id": "LU-00478",
    "layer": "LAND_USE",
    "land_use_code": "1207",
    "land_use_name_zh": "城镇道路用地",
    "source_type": "agent_generated_design",
    "confidence": "medium",
    "geometry_role": "design_proposal",
    "area_sqm": 13665.8
   },
   "geometry": {
    "type": "Polygon",
    "coordinates": [
     [
      [
       116.34809999999997,
       39.94379999999999
      ],
      [
       116.34929999999997,
       39.94379999999999
      ],
      [
       116.34929999999997,
       39.94259999999999
      ],
      [
       116.34809999999997,
       39.94259999999999
      ],
      [
       116.34809999999997,
       39.94379999999999
      ]
     ]
    ]
   }
  },
  {
   "type": "Feature",
   "id": "LU-00479",
   "properties": {
    "id": "LU-00479",
    "layer": "LAND_USE",
    "land_use_code": "0902",
    "land_use_name_zh": "商务金融用地 / AI 总部",
    "source_type": "agent_generated_design",
    "confidence": "medium",
    "geometry_role": "design_proposal",
    "area_sqm": 13665.6
   },
   "geometry": {
    "type": "Polygon",
    "coordinates": [
     [
      [
       116.34809999999997,
       39.944999999999986
      ],
      [
       116.34929999999997,
       39.944999999999986
      ],
      [
       116.34929999999997,
       39.94379999999999
      ],
      [
       116.34809999999997,
       39.94379999999999
      ],
      [
       116.34809999999997,
       39.944999999999986
      ]
     ]
    ]
   }
  },
  {
   "type": "Feature",
   "id": "LU-00480",
   "properties": {
    "id": "LU-00480",
    "layer": "LAND_USE",
    "land_use_code": "0902",
    "land_use_name_zh": "商务金融用地 / AI 总部",
    "source_type": "agent_generated_design",
    "confidence": "medium",
    "geometry_role": "design_proposal",
    "area_sqm": 13665.4
   },
   "geometry": {
    "type": "Polygon",
    "coordinates": [
     [
      [
       116.34809999999997,
       39.94619999999998
      ],
      [
       116.34929999999997,
       39.94619999999998
      ],
      [
       116.34929999999997,
       39.944999999999986
      ],
      [
       116.34809999999997,
       39.944999999999986
      ],
      [
       116.34809999999997,
       39.94619999999998
      ]
     ]
    ]
   }
  },
  {
   "type": "Feature",
   "id": "LU-00481",
   "properties": {
    "id": "LU-00481",
    "layer": "LAND_USE",
    "land_use_code": "0902",
    "land_use_name_zh": "商务金融用地 / AI 总部",
    "source_type": "agent_generated_design",
    "confidence": "medium",
    "geometry_role": "design_proposal",
    "area_sqm": 13665.1
   },
   "geometry": {
    "type": "Polygon",
    "coordinates": [
     [
      [
       116.34809999999997,
       39.94739999999998
      ],
      [
       116.34929999999997,
       39.94739999999998
      ],
      [
       116.34929999999997,
       39.94619999999998
      ],
      [
       116.34809999999997,
       39.94619999999998
      ],
      [
       116.34809999999997,
       39.94739999999998
      ]
     ]
    ]
   }
  },
  {
   "type": "Feature",
   "id": "LU-00482",
   "properties": {
    "id": "LU-00482",
    "layer": "LAND_USE",
    "land_use_code": "0902",
    "land_use_name_zh": "商务金融用地 / AI 总部",
    "source_type": "agent_generated_design",
    "confidence": "medium",
    "geometry_role": "design_proposal",
    "area_sqm": 13664.9
   },
   "geometry": {
    "type": "Polygon",
    "coordinates": [
     [
      [
       116.34809999999997,
       39.94859999999998
      ],
      [
       116.34929999999997,
       39.94859999999998
      ],
      [
       116.34929999999997,
       39.94739999999998
      ],
      [
       116.34809999999997,
       39.94739999999998
      ],
      [
       116.34809999999997,
       39.94859999999998
      ]
     ]
    ]
   }
  },
  {
   "type": "Feature",
   "id": "LU-00483",
   "properties": {
    "id": "LU-00483",
    "layer": "LAND_USE",
    "land_use_code": "0902",
    "land_use_name_zh": "商务金融用地 / AI 总部",
    "source_type": "agent_generated_design",
    "confidence": "medium",
    "geometry_role": "design_proposal",
    "area_sqm": 13664.6
   },
   "geometry": {
    "type": "Polygon",
    "coordinates": [
     [
      [
       116.34809999999997,
       39.949799999999975
      ],
      [
       116.34929999999997,
       39.949799999999975
      ],
      [
       116.34929999999997,
       39.94859999999998
      ],
      [
       116.34809999999997,
       39.94859999999998
      ],
      [
       116.34809999999997,
       39.949799999999975
      ]
     ]
    ]
   }
  },
  {
   "type": "Feature",
   "id": "LU-00484",
   "properties": {
    "id": "LU-00484",
    "layer": "LAND_USE",
    "land_use_code": "0701",
    "land_use_name_zh": "城镇住宅用地",
    "source_type": "agent_generated_design",
    "confidence": "medium",
    "geometry_role": "design_proposal",
    "area_sqm": 13664.4
   },
   "geometry": {
    "type": "Polygon",
    "coordinates": [
     [
      [
       116.34809999999997,
       39.95099999999997
      ],
      [
       116.34929999999997,
       39.95099999999997
      ],
      [
       116.34929999999997,
       39.949799999999975
      ],
      [
       116.34809999999997,
       39.949799999999975
      ],
      [
       116.34809999999997,
       39.95099999999997
      ]
     ]
    ]
   }
  },
  {
   "type": "Feature",
   "id": "LU-00485",
   "properties": {
    "id": "LU-00485",
    "layer": "LAND_USE",
    "land_use_code": "1207",
    "land_use_name_zh": "城镇道路用地",
    "source_type": "agent_generated_design",
    "confidence": "medium",
    "geometry_role": "design_proposal",
    "area_sqm": 13664.2
   },
   "geometry": {
    "type": "Polygon",
    "coordinates": [
     [
      [
       116.34809999999997,
       39.95219999999997
      ],
      [
       116.34929999999997,
       39.95219999999997
      ],
      [
       116.34929999999997,
       39.95099999999997
      ],
      [
       116.34809999999997,
       39.95099999999997
      ],
      [
       116.34809999999997,
       39.95219999999997
      ]
     ]
    ]
   }
  },
  {
   "type": "Feature",
   "id": "LU-00486",
   "properties": {
    "id": "LU-00486",
    "layer": "LAND_USE",
    "land_use_code": "0701",
    "land_use_name_zh": "城镇住宅用地",
    "source_type": "agent_generated_design",
    "confidence": "medium",
    "geometry_role": "design_proposal",
    "area_sqm": 13663.9
   },
   "geometry": {
    "type": "Polygon",
    "coordinates": [
     [
      [
       116.34809999999997,
       39.95339999999997
      ],
      [
       116.34929999999997,
       39.95339999999997
      ],
      [
       116.34929999999997,
       39.95219999999997
      ],
      [
       116.34809999999997,
       39.95219999999997
      ],
      [
       116.34809999999997,
       39.95339999999997
      ]
     ]
    ]
   }
  },
  {
   "type": "Feature",
   "id": "LU-00487",
   "properties": {
    "id": "LU-00487",
    "layer": "LAND_USE",
    "land_use_code": "0701",
    "land_use_name_zh": "城镇住宅用地",
    "source_type": "agent_generated_design",
    "confidence": "medium",
    "geometry_role": "design_proposal",
    "area_sqm": 13663.7
   },
   "geometry": {
    "type": "Polygon",
    "coordinates": [
     [
      [
       116.34809999999997,
       39.954599999999964
      ],
      [
       116.34929999999997,
       39.954599999999964
      ],
      [
       116.34929999999997,
       39.95339999999997
      ],
      [
       116.34809999999997,
       39.95339999999997
      ],
      [
       116.34809999999997,
       39.954599999999964
      ]
     ]
    ]
   }
  },
  {
   "type": "Feature",
   "id": "LU-00488",
   "properties": {
    "id": "LU-00488",
    "layer": "LAND_USE",
    "land_use_code": "1207",
    "land_use_name_zh": "城镇道路用地",
    "source_type": "agent_generated_design",
    "confidence": "medium",
    "geometry_role": "design_proposal",
    "area_sqm": 13663.5
   },
   "geometry": {
    "type": "Polygon",
    "coordinates": [
     [
      [
       116.34809999999997,
       39.95579999999996
      ],
      [
       116.34929999999997,
       39.95579999999996
      ],
      [
       116.34929999999997,
       39.954599999999964
      ],
      [
       116.34809999999997,
       39.954599999999964
      ],
      [
       116.34809999999997,
       39.95579999999996
      ]
     ]
    ]
   }
  },
  {
   "type": "Feature",
   "id": "LU-00489",
   "properties": {
    "id": "LU-00489",
    "layer": "LAND_USE",
    "land_use_code": "0801",
    "land_use_name_zh": "机关团体用地",
    "source_type": "agent_generated_design",
    "confidence": "medium",
    "geometry_role": "design_proposal",
    "area_sqm": 13663.2
   },
   "geometry": {
    "type": "Polygon",
    "coordinates": [
     [
      [
       116.34809999999997,
       39.95699999999996
      ],
      [
       116.34929999999997,
       39.95699999999996
      ],
      [
       116.34929999999997,
       39.95579999999996
      ],
      [
       116.34809999999997,
       39.95579999999996
      ],
      [
       116.34809999999997,
       39.95699999999996
      ]
     ]
    ]
   }
  },
  {
   "type": "Feature",
   "id": "LU-00490",
   "properties": {
    "id": "LU-00490",
    "layer": "LAND_USE",
    "land_use_code": "0701",
    "land_use_name_zh": "城镇住宅用地",
    "source_type": "agent_generated_design",
    "confidence": "medium",
    "geometry_role": "design_proposal",
    "area_sqm": 13663.0
   },
   "geometry": {
    "type": "Polygon",
    "coordinates": [
     [
      [
       116.34809999999997,
       39.958199999999955
      ],
      [
       116.34929999999997,
       39.958199999999955
      ],
      [
       116.34929999999997,
       39.95699999999996
      ],
      [
       116.34809999999997,
       39.95699999999996
      ],
      [
       116.34809999999997,
       39.958199999999955
      ]
     ]
    ]
   }
  },
  {
   "type": "Feature",
   "id": "LU-00491",
   "properties": {
    "id": "LU-00491",
    "layer": "LAND_USE",
    "land_use_code": "0701",
    "land_use_name_zh": "城镇住宅用地",
    "source_type": "agent_generated_design",
    "confidence": "medium",
    "geometry_role": "design_proposal",
    "area_sqm": 13662.8
   },
   "geometry": {
    "type": "Polygon",
    "coordinates": [
     [
      [
       116.34809999999997,
       39.95939999999995
      ],
      [
       116.34929999999997,
       39.95939999999995
      ],
      [
       116.34929999999997,
       39.958199999999955
      ],
      [
       116.34809999999997,
       39.958199999999955
      ],
      [
       116.34809999999997,
       39.95939999999995
      ]
     ]
    ]
   }
  },
  {
   "type": "Feature",
   "id": "LU-00492",
   "properties": {
    "id": "LU-00492",
    "layer": "LAND_USE",
    "land_use_code": "0701",
    "land_use_name_zh": "城镇住宅用地",
    "source_type": "agent_generated_design",
    "confidence": "medium",
    "geometry_role": "design_proposal",
    "area_sqm": 13662.5
   },
   "geometry": {
    "type": "Polygon",
    "coordinates": [
     [
      [
       116.34809999999997,
       39.96059999999995
      ],
      [
       116.34929999999997,
       39.96059999999995
      ],
      [
       116.34929999999997,
       39.95939999999995
      ],
      [
       116.34809999999997,
       39.95939999999995
      ],
      [
       116.34809999999997,
       39.96059999999995
      ]
     ]
    ]
   }
  },
  {
   "type": "Feature",
   "id": "LU-00493",
   "properties": {
    "id": "LU-00493",
    "layer": "LAND_USE",
    "land_use_code": "1401",
    "land_use_name_zh": "公园绿地 / 京张活力带",
    "source_type": "agent_generated_design",
    "confidence": "medium",
    "geometry_role": "design_proposal",
    "area_sqm": 13662.3
   },
   "geometry": {
    "type": "Polygon",
    "coordinates": [
     [
      [
       116.34809999999997,
       39.96179999999995
      ],
      [
       116.34929999999997,
       39.96179999999995
      ],
      [
       116.34929999999997,
       39.96059999999995
      ],
      [
       116.34809999999997,
       39.96059999999995
      ],
      [
       116.34809999999997,
       39.96179999999995
      ]
     ]
    ]
   }
  },
  {
   "type": "Feature",
   "id": "LU-00494",
   "properties": {
    "id": "LU-00494",
    "layer": "LAND_USE",
    "land_use_code": "1401",
    "land_use_name_zh": "公园绿地 / 京张活力带",
    "source_type": "agent_generated_design",
    "confidence": "medium",
    "geometry_role": "design_proposal",
    "area_sqm": 13662.1
   },
   "geometry": {
    "type": "Polygon",
    "coordinates": [
     [
      [
       116.34809999999997,
       39.962999999999944
      ],
      [
       116.34929999999997,
       39.962999999999944
      ],
      [
       116.34929999999997,
       39.96179999999995
      ],
      [
       116.34809999999997,
       39.96179999999995
      ],
      [
       116.34809999999997,
       39.962999999999944
      ]
     ]
    ]
   }
  },
  {
   "type": "Feature",
   "id": "LU-00495",
   "properties": {
    "id": "LU-00495",
    "layer": "LAND_USE",
    "land_use_code": "1401",
    "land_use_name_zh": "公园绿地 / 京张活力带",
    "source_type": "agent_generated_design",
    "confidence": "medium",
    "geometry_role": "design_proposal",
    "area_sqm": 13661.8
   },
   "geometry": {
    "type": "Polygon",
    "coordinates": [
     [
      [
       116.34809999999997,
       39.96419999999994
      ],
      [
       116.34929999999997,
       39.96419999999994
      ],
      [
       116.34929999999997,
       39.962999999999944
      ],
      [
       116.34809999999997,
       39.962999999999944
      ],
      [
       116.34809999999997,
       39.96419999999994
      ]
     ]
    ]
   }
  },
  {
   "type": "Feature",
   "id": "LU-00496",
   "properties": {
    "id": "LU-00496",
    "layer": "LAND_USE",
    "land_use_code": "1401",
    "land_use_name_zh": "公园绿地 / 京张活力带",
    "source_type": "agent_generated_design",
    "confidence": "medium",
    "geometry_role": "design_proposal",
    "area_sqm": 13661.6
   },
   "geometry": {
    "type": "Polygon",
    "coordinates": [
     [
      [
       116.34809999999997,
       39.96539999999994
      ],
      [
       116.34929999999997,
       39.96539999999994
      ],
      [
       116.34929999999997,
       39.96419999999994
      ],
      [
       116.34809999999997,
       39.96419999999994
      ],
      [
       116.34809999999997,
       39.96539999999994
      ]
     ]
    ]
   }
  },
  {
   "type": "Feature",
   "id": "LU-00497",
   "properties": {
    "id": "LU-00497",
    "layer": "LAND_USE",
    "land_use_code": "1401",
    "land_use_name_zh": "公园绿地 / 京张活力带",
    "source_type": "agent_generated_design",
    "confidence": "medium",
    "geometry_role": "design_proposal",
    "area_sqm": 13661.3
   },
   "geometry": {
    "type": "Polygon",
    "coordinates": [
     [
      [
       116.34809999999997,
       39.966599999999936
      ],
      [
       116.34929999999997,
       39.966599999999936
      ],
      [
       116.34929999999997,
       39.96539999999994
      ],
      [
       116.34809999999997,
       39.96539999999994
      ],
      [
       116.34809999999997,
       39.966599999999936
      ]
     ]
    ]
   }
  },
  {
   "type": "Feature",
   "id": "LU-00498",
   "properties": {
    "id": "LU-00498",
    "layer": "LAND_USE",
    "land_use_code": "1401",
    "land_use_name_zh": "公园绿地 / 京张活力带",
    "source_type": "agent_generated_design",
    "confidence": "medium",
    "geometry_role": "design_proposal",
    "area_sqm": 13661.1
   },
   "geometry": {
    "type": "Polygon",
    "coordinates": [
     [
      [
       116.34809999999997,
       39.96779999999993
      ],
      [
       116.34929999999997,
       39.96779999999993
      ],
      [
       116.34929999999997,
       39.966599999999936
      ],
      [
       116.34809999999997,
       39.966599999999936
      ],
      [
       116.34809999999997,
       39.96779999999993
      ]
     ]
    ]
   }
  },
  {
   "type": "Feature",
   "id": "LU-00499",
   "properties": {
    "id": "LU-00499",
    "layer": "LAND_USE",
    "land_use_code": "1401",
    "land_use_name_zh": "公园绿地 / 京张活力带",
    "source_type": "agent_generated_design",
    "confidence": "medium",
    "geometry_role": "design_proposal",
    "area_sqm": 13660.9
   },
   "geometry": {
    "type": "Polygon",
    "coordinates": [
     [
      [
       116.34809999999997,
       39.96899999999993
      ],
      [
       116.34929999999997,
       39.96899999999993
      ],
      [
       116.34929999999997,
       39.96779999999993
      ],
      [
       116.34809999999997,
       39.96779999999993
      ],
      [
       116.34809999999997,
       39.96899999999993
      ]
     ]
    ]
   }
  },
  {
   "type": "Feature",
   "id": "LU-00500",
   "properties": {
    "id": "LU-00500",
    "layer": "LAND_USE",
    "land_use_code": "1401",
    "land_use_name_zh": "公园绿地 / 京张活力带",
    "source_type": "agent_generated_design",
    "confidence": "medium",
    "geometry_role": "design_proposal",
    "area_sqm": 13660.6
   },
   "geometry": {
    "type": "Polygon",
    "coordinates": [
     [
      [
       116.34809999999997,
       39.97019999999993
      ],
      [
       116.34929999999997,
       39.97019999999993
      ],
      [
       116.34929999999997,
       39.96899999999993
      ],
      [
       116.34809999999997,
       39.96899999999993
      ],
      [
       116.34809999999997,
       39.97019999999993
      ]
     ]
    ]
   }
  },
  {
   "type": "Feature",
   "id": "LU-00501",
   "properties": {
    "id": "LU-00501",
    "layer": "LAND_USE",
    "land_use_code": "1401",
    "land_use_name_zh": "公园绿地 / 京张活力带",
    "source_type": "agent_generated_design",
    "confidence": "medium",
    "geometry_role": "design_proposal",
    "area_sqm": 13660.4
   },
   "geometry": {
    "type": "Polygon",
    "coordinates": [
     [
      [
       116.34809999999997,
       39.971399999999925
      ],
      [
       116.34929999999997,
       39.971399999999925
      ],
      [
       116.34929999999997,
       39.97019999999993
      ],
      [
       116.34809999999997,
       39.97019999999993
      ],
      [
       116.34809999999997,
       39.971399999999925
      ]
     ]
    ]
   }
  },
  {
   "type": "Feature",
   "id": "LU-00502",
   "properties": {
    "id": "LU-00502",
    "layer": "LAND_USE",
    "land_use_code": "1401",
    "land_use_name_zh": "公园绿地 / 京张活力带",
    "source_type": "agent_generated_design",
    "confidence": "medium",
    "geometry_role": "design_proposal",
    "area_sqm": 13660.2
   },
   "geometry": {
    "type": "Polygon",
    "coordinates": [
     [
      [
       116.34809999999997,
       39.97259999999992
      ],
      [
       116.34929999999997,
       39.97259999999992
      ],
      [
       116.34929999999997,
       39.971399999999925
      ],
      [
       116.34809999999997,
       39.971399999999925
      ],
      [
       116.34809999999997,
       39.97259999999992
      ]
     ]
    ]
   }
  },
  {
   "type": "Feature",
   "id": "LU-00503",
   "properties": {
    "id": "LU-00503",
    "layer": "LAND_USE",
    "land_use_code": "1401",
    "land_use_name_zh": "公园绿地 / 京张活力带",
    "source_type": "agent_generated_design",
    "confidence": "medium",
    "geometry_role": "design_proposal",
    "area_sqm": 13659.9
   },
   "geometry": {
    "type": "Polygon",
    "coordinates": [
     [
      [
       116.34809999999997,
       39.97379999999992
      ],
      [
       116.34929999999997,
       39.97379999999992
      ],
      [
       116.34929999999997,
       39.97259999999992
      ],
      [
       116.34809999999997,
       39.97259999999992
      ],
      [
       116.34809999999997,
       39.97379999999992
      ]
     ]
    ]
   }
  },
  {
   "type": "Feature",
   "id": "LU-00504",
   "properties": {
    "id": "LU-00504",
    "layer": "LAND_USE",
    "land_use_code": "0701",
    "land_use_name_zh": "城镇住宅用地",
    "source_type": "agent_generated_design",
    "confidence": "medium",
    "geometry_role": "design_proposal",
    "area_sqm": 13659.7
   },
   "geometry": {
    "type": "Polygon",
    "coordinates": [
     [
      [
       116.34809999999997,
       39.974999999999916
      ],
      [
       116.34929999999997,
       39.974999999999916
      ],
      [
       116.34929999999997,
       39.97379999999992
      ],
      [
       116.34809999999997,
       39.97379999999992
      ],
      [
       116.34809999999997,
       39.974999999999916
      ]
     ]
    ]
   }
  },
  {
   "type": "Feature",
   "id": "LU-00505",
   "properties": {
    "id": "LU-00505",
    "layer": "LAND_USE",
    "land_use_code": "1207",
    "land_use_name_zh": "城镇道路用地",
    "source_type": "agent_generated_design",
    "confidence": "medium",
    "geometry_role": "design_proposal",
    "area_sqm": 13659.5
   },
   "geometry": {
    "type": "Polygon",
    "coordinates": [
     [
      [
       116.34809999999997,
       39.97619999999991
      ],
      [
       116.34929999999997,
       39.97619999999991
      ],
      [
       116.34929999999997,
       39.974999999999916
      ],
      [
       116.34809999999997,
       39.974999999999916
      ],
      [
       116.34809999999997,
       39.97619999999991
      ]
     ]
    ]
   }
  },
  {
   "type": "Feature",
   "id": "LU-00506",
   "properties": {
    "id": "LU-00506",
    "layer": "LAND_USE",
    "land_use_code": "0701",
    "land_use_name_zh": "城镇住宅用地",
    "source_type": "agent_generated_design",
    "confidence": "medium",
    "geometry_role": "design_proposal",
    "area_sqm": 13659.2
   },
   "geometry": {
    "type": "Polygon",
    "coordinates": [
     [
      [
       116.34809999999997,
       39.97739999999991
      ],
      [
       116.34929999999997,
       39.97739999999991
      ],
      [
       116.34929999999997,
       39.97619999999991
      ],
      [
       116.34809999999997,
       39.97619999999991
      ],
      [
       116.34809999999997,
       39.97739999999991
      ]
     ]
    ]
   }
  },
  {
   "type": "Feature",
   "id": "LU-00507",
   "properties": {
    "id": "LU-00507",
    "layer": "LAND_USE",
    "land_use_code": "0701",
    "land_use_name_zh": "城镇住宅用地",
    "source_type": "agent_generated_design",
    "confidence": "medium",
    "geometry_role": "design_proposal",
    "area_sqm": 13659.0
   },
   "geometry": {
    "type": "Polygon",
    "coordinates": [
     [
      [
       116.34809999999997,
       39.97859999999991
      ],
      [
       116.34929999999997,
       39.97859999999991
      ],
      [
       116.34929999999997,
       39.97739999999991
      ],
      [
       116.34809999999997,
       39.97739999999991
      ],
      [
       116.34809999999997,
       39.97859999999991
      ]
     ]
    ]
   }
  },
  {
   "type": "Feature",
   "id": "LU-00508",
   "properties": {
    "id": "LU-00508",
    "layer": "LAND_USE",
    "land_use_code": "1207",
    "land_use_name_zh": "城镇道路用地",
    "source_type": "agent_generated_design",
    "confidence": "medium",
    "geometry_role": "design_proposal",
    "area_sqm": 13658.7
   },
   "geometry": {
    "type": "Polygon",
    "coordinates": [
     [
      [
       116.34809999999997,
       39.979799999999905
      ],
      [
       116.34929999999997,
       39.979799999999905
      ],
      [
       116.34929999999997,
       39.97859999999991
      ],
      [
       116.34809999999997,
       39.97859999999991
      ],
      [
       116.34809999999997,
       39.979799999999905
      ]
     ]
    ]
   }
  },
  {
   "type": "Feature",
   "id": "LU-00509",
   "properties": {
    "id": "LU-00509",
    "layer": "LAND_USE",
    "land_use_code": "0701",
    "land_use_name_zh": "城镇住宅用地",
    "source_type": "agent_generated_design",
    "confidence": "medium",
    "geometry_role": "design_proposal",
    "area_sqm": 13658.5
   },
   "geometry": {
    "type": "Polygon",
    "coordinates": [
     [
      [
       116.34809999999997,
       39.9809999999999
      ],
      [
       116.34929999999997,
       39.9809999999999
      ],
      [
       116.34929999999997,
       39.979799999999905
      ],
      [
       116.34809999999997,
       39.979799999999905
      ],
      [
       116.34809999999997,
       39.9809999999999
      ]
     ]
    ]
   }
  },
  {
   "type": "Feature",
   "id": "LU-00510",
   "properties": {
    "id": "LU-00510",
    "layer": "LAND_USE",
    "land_use_code": "0801",
    "land_use_name_zh": "机关团体用地",
    "source_type": "agent_generated_design",
    "confidence": "medium",
    "geometry_role": "design_proposal",
    "area_sqm": 13658.3
   },
   "geometry": {
    "type": "Polygon",
    "coordinates": [
     [
      [
       116.34809999999997,
       39.9821999999999
      ],
      [
       116.34929999999997,
       39.9821999999999
      ],
      [
       116.34929999999997,
       39.9809999999999
      ],
      [
       116.34809999999997,
       39.9809999999999
      ],
      [
       116.34809999999997,
       39.9821999999999
      ]
     ]
    ]
   }
  },
  {
   "type": "Feature",
   "id": "LU-00511",
   "properties": {
    "id": "LU-00511",
    "layer": "LAND_USE",
    "land_use_code": "0701",
    "land_use_name_zh": "城镇住宅用地",
    "source_type": "agent_generated_design",
    "confidence": "medium",
    "geometry_role": "design_proposal",
    "area_sqm": 13658.0
   },
   "geometry": {
    "type": "Polygon",
    "coordinates": [
     [
      [
       116.34809999999997,
       39.9833999999999
      ],
      [
       116.34929999999997,
       39.9833999999999
      ],
      [
       116.34929999999997,
       39.9821999999999
      ],
      [
       116.34809999999997,
       39.9821999999999
      ],
      [
       116.34809999999997,
       39.9833999999999
      ]
     ]
    ]
   }
  },
  {
   "type": "Feature",
   "id": "LU-00512",
   "properties": {
    "id": "LU-00512",
    "layer": "LAND_USE",
    "land_use_code": "0701",
    "land_use_name_zh": "城镇住宅用地",
    "source_type": "agent_generated_design",
    "confidence": "medium",
    "geometry_role": "design_proposal",
    "area_sqm": 13657.8
   },
   "geometry": {
    "type": "Polygon",
    "coordinates": [
     [
      [
       116.34809999999997,
       39.984599999999894
      ],
      [
       116.34929999999997,
       39.984599999999894
      ],
      [
       116.34929999999997,
       39.9833999999999
      ],
      [
       116.34809999999997,
       39.9833999999999
      ],
      [
       116.34809999999997,
       39.984599999999894
      ]
     ]
    ]
   }
  },
  {
   "type": "Feature",
   "id": "LU-00513",
   "properties": {
    "id": "LU-00513",
    "layer": "LAND_USE",
    "land_use_code": "0701",
    "land_use_name_zh": "城镇住宅用地",
    "source_type": "agent_generated_design",
    "confidence": "medium",
    "geometry_role": "design_proposal",
    "area_sqm": 13657.6
   },
   "geometry": {
    "type": "Polygon",
    "coordinates": [
     [
      [
       116.34809999999997,
       39.98579999999989
      ],
      [
       116.34929999999997,
       39.98579999999989
      ],
      [
       116.34929999999997,
       39.984599999999894
      ],
      [
       116.34809999999997,
       39.984599999999894
      ],
      [
       116.34809999999997,
       39.98579999999989
      ]
     ]
    ]
   }
  },
  {
   "type": "Feature",
   "id": "LU-00514",
   "properties": {
    "id": "LU-00514",
    "layer": "LAND_USE",
    "land_use_code": "0701",
    "land_use_name_zh": "城镇住宅用地",
    "source_type": "agent_generated_design",
    "confidence": "medium",
    "geometry_role": "design_proposal",
    "area_sqm": 13657.3
   },
   "geometry": {
    "type": "Polygon",
    "coordinates": [
     [
      [
       116.34809999999997,
       39.98699999999989
      ],
      [
       116.34929999999997,
       39.98699999999989
      ],
      [
       116.34929999999997,
       39.98579999999989
      ],
      [
       116.34809999999997,
       39.98579999999989
      ],
      [
       116.34809999999997,
       39.98699999999989
      ]
     ]
    ]
   }
  },
  {
   "type": "Feature",
   "id": "LU-00515",
   "properties": {
    "id": "LU-00515",
    "layer": "LAND_USE",
    "land_use_code": "0702",
    "land_use_name_zh": "城镇社区服务设施用地",
    "source_type": "agent_generated_design",
    "confidence": "medium",
    "geometry_role": "design_proposal",
    "area_sqm": 13657.1
   },
   "geometry": {
    "type": "Polygon",
    "coordinates": [
     [
      [
       116.34809999999997,
       39.988199999999885
      ],
      [
       116.34929999999997,
       39.988199999999885
      ],
      [
       116.34929999999997,
       39.98699999999989
      ],
      [
       116.34809999999997,
       39.98699999999989
      ],
      [
       116.34809999999997,
       39.988199999999885
      ]
     ]
    ]
   }
  },
  {
   "type": "Feature",
   "id": "LU-00516",
   "properties": {
    "id": "LU-00516",
    "layer": "LAND_USE",
    "land_use_code": "0702",
    "land_use_name_zh": "城镇社区服务设施用地",
    "source_type": "agent_generated_design",
    "confidence": "medium",
    "geometry_role": "design_proposal",
    "area_sqm": 13656.9
   },
   "geometry": {
    "type": "Polygon",
    "coordinates": [
     [
      [
       116.34809999999997,
       39.98939999999988
      ],
      [
       116.34929999999997,
       39.98939999999988
      ],
      [
       116.34929999999997,
       39.988199999999885
      ],
      [
       116.34809999999997,
       39.988199999999885
      ],
      [
       116.34809999999997,
       39.98939999999988
      ]
     ]
    ]
   }
  },
  {
   "type": "Feature",
   "id": "LU-00517",
   "properties": {
    "id": "LU-00517",
    "layer": "LAND_USE",
    "land_use_code": "0702",
    "land_use_name_zh": "城镇社区服务设施用地",
    "source_type": "agent_generated_design",
    "confidence": "medium",
    "geometry_role": "design_proposal",
    "area_sqm": 13656.6
   },
   "geometry": {
    "type": "Polygon",
    "coordinates": [
     [
      [
       116.34809999999997,
       39.99059999999988
      ],
      [
       116.34929999999997,
       39.99059999999988
      ],
      [
       116.34929999999997,
       39.98939999999988
      ],
      [
       116.34809999999997,
       39.98939999999988
      ],
      [
       116.34809999999997,
       39.99059999999988
      ]
     ]
    ]
   }
  },
  {
   "type": "Feature",
   "id": "LU-00518",
   "properties": {
    "id": "LU-00518",
    "layer": "LAND_USE",
    "land_use_code": "0804",
    "land_use_name_zh": "教育科研用地",
    "source_type": "agent_generated_design",
    "confidence": "medium",
    "geometry_role": "design_proposal",
    "area_sqm": 13656.4
   },
   "geometry": {
    "type": "Polygon",
    "coordinates": [
     [
      [
       116.34809999999997,
       39.99179999999988
      ],
      [
       116.34929999999997,
       39.99179999999988
      ],
      [
       116.34929999999997,
       39.99059999999988
      ],
      [
       116.34809999999997,
       39.99059999999988
      ],
      [
       116.34809999999997,
       39.99179999999988
      ]
     ]
    ]
   }
  },
  {
   "type": "Feature",
   "id": "LU-00519",
   "properties": {
    "id": "LU-00519",
    "layer": "LAND_USE",
    "land_use_code": "0804",
    "land_use_name_zh": "教育科研用地",
    "source_type": "agent_generated_design",
    "confidence": "medium",
    "geometry_role": "design_proposal",
    "area_sqm": 13656.1
   },
   "geometry": {
    "type": "Polygon",
    "coordinates": [
     [
      [
       116.34809999999997,
       39.992999999999874
      ],
      [
       116.34929999999997,
       39.992999999999874
      ],
      [
       116.34929999999997,
       39.99179999999988
      ],
      [
       116.34809999999997,
       39.99179999999988
      ],
      [
       116.34809999999997,
       39.992999999999874
      ]
     ]
    ]
   }
  },
  {
   "type": "Feature",
   "id": "LU-00520",
   "properties": {
    "id": "LU-00520",
    "layer": "LAND_USE",
    "land_use_code": "0701",
    "land_use_name_zh": "城镇住宅用地",
    "source_type": "agent_generated_design",
    "confidence": "medium",
    "geometry_role": "design_proposal",
    "area_sqm": 13655.9
   },
   "geometry": {
    "type": "Polygon",
    "coordinates": [
     [
      [
       116.34809999999997,
       39.99419999999987
      ],
      [
       116.34929999999997,
       39.99419999999987
      ],
      [
       116.34929999999997,
       39.992999999999874
      ],
      [
       116.34809999999997,
       39.992999999999874
      ],
      [
       116.34809999999997,
       39.99419999999987
      ]
     ]
    ]
   }
  },
  {
   "type": "Feature",
   "id": "LU-00521",
   "properties": {
    "id": "LU-00521",
    "layer": "LAND_USE",
    "land_use_code": "0701",
    "land_use_name_zh": "城镇住宅用地",
    "source_type": "agent_generated_design",
    "confidence": "medium",
    "geometry_role": "design_proposal",
    "area_sqm": 13655.7
   },
   "geometry": {
    "type": "Polygon",
    "coordinates": [
     [
      [
       116.34809999999997,
       39.99539999999987
      ],
      [
       116.34929999999997,
       39.99539999999987
      ],
      [
       116.34929999999997,
       39.99419999999987
      ],
      [
       116.34809999999997,
       39.99419999999987
      ],
      [
       116.34809999999997,
       39.99539999999987
      ]
     ]
    ]
   }
  },
  {
   "type": "Feature",
   "id": "LU-00522",
   "properties": {
    "id": "LU-00522",
    "layer": "LAND_USE",
    "land_use_code": "0701",
    "land_use_name_zh": "城镇住宅用地",
    "source_type": "agent_generated_design",
    "confidence": "medium",
    "geometry_role": "design_proposal",
    "area_sqm": 13655.4
   },
   "geometry": {
    "type": "Polygon",
    "coordinates": [
     [
      [
       116.34809999999997,
       39.996599999999866
      ],
      [
       116.34929999999997,
       39.996599999999866
      ],
      [
       116.34929999999997,
       39.99539999999987
      ],
      [
       116.34809999999997,
       39.99539999999987
      ],
      [
       116.34809999999997,
       39.996599999999866
      ]
     ]
    ]
   }
  },
  {
   "type": "Feature",
   "id": "LU-00523",
   "properties": {
    "id": "LU-00523",
    "layer": "LAND_USE",
    "land_use_code": "0901",
    "land_use_name_zh": "商业用地",
    "source_type": "agent_generated_design",
    "confidence": "medium",
    "geometry_role": "design_proposal",
    "area_sqm": 13655.2
   },
   "geometry": {
    "type": "Polygon",
    "coordinates": [
     [
      [
       116.34809999999997,
       39.99779999999986
      ],
      [
       116.34929999999997,
       39.99779999999986
      ],
      [
       116.34929999999997,
       39.996599999999866
      ],
      [
       116.34809999999997,
       39.996599999999866
      ],
      [
       116.34809999999997,
       39.99779999999986
      ]
     ]
    ]
   }
  },
  {
   "type": "Feature",
   "id": "LU-00524",
   "properties": {
    "id": "LU-00524",
    "layer": "LAND_USE",
    "land_use_code": "0801",
    "land_use_name_zh": "机关团体用地",
    "source_type": "agent_generated_design",
    "confidence": "medium",
    "geometry_role": "design_proposal",
    "area_sqm": 13655.0
   },
   "geometry": {
    "type": "Polygon",
    "coordinates": [
     [
      [
       116.34809999999997,
       39.99899999999986
      ],
      [
       116.34929999999997,
       39.99899999999986
      ],
      [
       116.34929999999997,
       39.99779999999986
      ],
      [
       116.34809999999997,
       39.99779999999986
      ],
      [
       116.34809999999997,
       39.99899999999986
      ]
     ]
    ]
   }
  },
  {
   "type": "Feature",
   "id": "LU-00525",
   "properties": {
    "id": "LU-00525",
    "layer": "LAND_USE",
    "land_use_code": "1207",
    "land_use_name_zh": "城镇道路用地",
    "source_type": "agent_generated_design",
    "confidence": "medium",
    "geometry_role": "design_proposal",
    "area_sqm": 13654.7
   },
   "geometry": {
    "type": "Polygon",
    "coordinates": [
     [
      [
       116.34809999999997,
       40.00019999999986
      ],
      [
       116.34929999999997,
       40.00019999999986
      ],
      [
       116.34929999999997,
       39.99899999999986
      ],
      [
       116.34809999999997,
       39.99899999999986
      ],
      [
       116.34809999999997,
       40.00019999999986
      ]
     ]
    ]
   }
  },
  {
   "type": "Feature",
   "id": "LU-00526",
   "properties": {
    "id": "LU-00526",
    "layer": "LAND_USE",
    "land_use_code": "0701",
    "land_use_name_zh": "城镇住宅用地",
    "source_type": "agent_generated_design",
    "confidence": "medium",
    "geometry_role": "design_proposal",
    "area_sqm": 13654.5
   },
   "geometry": {
    "type": "Polygon",
    "coordinates": [
     [
      [
       116.34809999999997,
       40.001399999999855
      ],
      [
       116.34929999999997,
       40.001399999999855
      ],
      [
       116.34929999999997,
       40.00019999999986
      ],
      [
       116.34809999999997,
       40.00019999999986
      ],
      [
       116.34809999999997,
       40.001399999999855
      ]
     ]
    ]
   }
  },
  {
   "type": "Feature",
   "id": "LU-00527",
   "properties": {
    "id": "LU-00527",
    "layer": "LAND_USE",
    "land_use_code": "0701",
    "land_use_name_zh": "城镇住宅用地",
    "source_type": "agent_generated_design",
    "confidence": "medium",
    "geometry_role": "design_proposal",
    "area_sqm": 13654.3
   },
   "geometry": {
    "type": "Polygon",
    "coordinates": [
     [
      [
       116.34809999999997,
       40.00259999999985
      ],
      [
       116.34929999999997,
       40.00259999999985
      ],
      [
       116.34929999999997,
       40.001399999999855
      ],
      [
       116.34809999999997,
       40.001399999999855
      ],
      [
       116.34809999999997,
       40.00259999999985
      ]
     ]
    ]
   }
  },
  {
   "type": "Feature",
   "id": "LU-00528",
   "properties": {
    "id": "LU-00528",
    "layer": "LAND_USE",
    "land_use_code": "1207",
    "land_use_name_zh": "城镇道路用地",
    "source_type": "agent_generated_design",
    "confidence": "medium",
    "geometry_role": "design_proposal",
    "area_sqm": 13654.0
   },
   "geometry": {
    "type": "Polygon",
    "coordinates": [
     [
      [
       116.34809999999997,
       40.00379999999985
      ],
      [
       116.34929999999997,
       40.00379999999985
      ],
      [
       116.34929999999997,
       40.00259999999985
      ],
      [
       116.34809999999997,
       40.00259999999985
      ],
      [
       116.34809999999997,
       40.00379999999985
      ]
     ]
    ]
   }
  },
  {
   "type": "Feature",
   "id": "LU-00529",
   "properties": {
    "id": "LU-00529",
    "layer": "LAND_USE",
    "land_use_code": "0701",
    "land_use_name_zh": "城镇住宅用地",
    "source_type": "agent_generated_design",
    "confidence": "medium",
    "geometry_role": "design_proposal",
    "area_sqm": 13653.8
   },
   "geometry": {
    "type": "Polygon",
    "coordinates": [
     [
      [
       116.34809999999997,
       40.004999999999846
      ],
      [
       116.34929999999997,
       40.004999999999846
      ],
      [
       116.34929999999997,
       40.00379999999985
      ],
      [
       116.34809999999997,
       40.00379999999985
      ],
      [
       116.34809999999997,
       40.004999999999846
      ]
     ]
    ]
   }
  },
  {
   "type": "Feature",
   "id": "LU-00530",
   "properties": {
    "id": "LU-00530",
    "layer": "LAND_USE",
    "land_use_code": "0701",
    "land_use_name_zh": "城镇住宅用地",
    "source_type": "agent_generated_design",
    "confidence": "medium",
    "geometry_role": "design_proposal",
    "area_sqm": 13653.5
   },
   "geometry": {
    "type": "Polygon",
    "coordinates": [
     [
      [
       116.34809999999997,
       40.00619999999984
      ],
      [
       116.34929999999997,
       40.00619999999984
      ],
      [
       116.34929999999997,
       40.004999999999846
      ],
      [
       116.34809999999997,
       40.004999999999846
      ],
      [
       116.34809999999997,
       40.00619999999984
      ]
     ]
    ]
   }
  },
  {
   "type": "Feature",
   "id": "LU-00531",
   "properties": {
    "id": "LU-00531",
    "layer": "LAND_USE",
    "land_use_code": "0801",
    "land_use_name_zh": "机关团体用地",
    "source_type": "agent_generated_design",
    "confidence": "medium",
    "geometry_role": "design_proposal",
    "area_sqm": 13653.3
   },
   "geometry": {
    "type": "Polygon",
    "coordinates": [
     [
      [
       116.34809999999997,
       40.00739999999984
      ],
      [
       116.34929999999997,
       40.00739999999984
      ],
      [
       116.34929999999997,
       40.00619999999984
      ],
      [
       116.34809999999997,
       40.00619999999984
      ],
      [
       116.34809999999997,
       40.00739999999984
      ]
     ]
    ]
   }
  },
  {
   "type": "Feature",
   "id": "LU-00532",
   "properties": {
    "id": "LU-00532",
    "layer": "LAND_USE",
    "land_use_code": "1001",
    "land_use_name_zh": "工业用地 / AI 自主创新产业",
    "source_type": "agent_generated_design",
    "confidence": "medium",
    "geometry_role": "design_proposal",
    "area_sqm": 13653.1
   },
   "geometry": {
    "type": "Polygon",
    "coordinates": [
     [
      [
       116.34809999999997,
       40.00859999999984
      ],
      [
       116.34929999999997,
       40.00859999999984
      ],
      [
       116.34929999999997,
       40.00739999999984
      ],
      [
       116.34809999999997,
       40.00739999999984
      ],
      [
       116.34809999999997,
       40.00859999999984
      ]
     ]
    ]
   }
  },
  {
   "type": "Feature",
   "id": "LU-00533",
   "properties": {
    "id": "LU-00533",
    "layer": "LAND_USE",
    "land_use_code": "1001",
    "land_use_name_zh": "工业用地 / AI 自主创新产业",
    "source_type": "agent_generated_design",
    "confidence": "medium",
    "geometry_role": "design_proposal",
    "area_sqm": 13652.8
   },
   "geometry": {
    "type": "Polygon",
    "coordinates": [
     [
      [
       116.34809999999997,
       40.009799999999835
      ],
      [
       116.34929999999997,
       40.009799999999835
      ],
      [
       116.34929999999997,
       40.00859999999984
      ],
      [
       116.34809999999997,
       40.00859999999984
      ],
      [
       116.34809999999997,
       40.009799999999835
      ]
     ]
    ]
   }
  },
  {
   "type": "Feature",
   "id": "LU-00534",
   "properties": {
    "id": "LU-00534",
    "layer": "LAND_USE",
    "land_use_code": "1001",
    "land_use_name_zh": "工业用地 / AI 自主创新产业",
    "source_type": "agent_generated_design",
    "confidence": "medium",
    "geometry_role": "design_proposal",
    "area_sqm": 13652.6
   },
   "geometry": {
    "type": "Polygon",
    "coordinates": [
     [
      [
       116.34809999999997,
       40.01099999999983
      ],
      [
       116.34929999999997,
       40.01099999999983
      ],
      [
       116.34929999999997,
       40.009799999999835
      ],
      [
       116.34809999999997,
       40.009799999999835
      ],
      [
       116.34809999999997,
       40.01099999999983
      ]
     ]
    ]
   }
  },
  {
   "type": "Feature",
   "id": "LU-00535",
   "properties": {
    "id": "LU-00535",
    "layer": "LAND_USE",
    "land_use_code": "1001",
    "land_use_name_zh": "工业用地 / AI 自主创新产业",
    "source_type": "agent_generated_design",
    "confidence": "medium",
    "geometry_role": "design_proposal",
    "area_sqm": 13652.4
   },
   "geometry": {
    "type": "Polygon",
    "coordinates": [
     [
      [
       116.34809999999997,
       40.01219999999983
      ],
      [
       116.34929999999997,
       40.01219999999983
      ],
      [
       116.34929999999997,
       40.01099999999983
      ],
      [
       116.34809999999997,
       40.01099999999983
      ],
      [
       116.34809999999997,
       40.01219999999983
      ]
     ]
    ]
   }
  },
  {
   "type": "Feature",
   "id": "LU-00536",
   "properties": {
    "id": "LU-00536",
    "layer": "LAND_USE",
    "land_use_code": "1001",
    "land_use_name_zh": "工业用地 / AI 自主创新产业",
    "source_type": "agent_generated_design",
    "confidence": "medium",
    "geometry_role": "design_proposal",
    "area_sqm": 13652.1
   },
   "geometry": {
    "type": "Polygon",
    "coordinates": [
     [
      [
       116.34809999999997,
       40.01339999999983
      ],
      [
       116.34929999999997,
       40.01339999999983
      ],
      [
       116.34929999999997,
       40.01219999999983
      ],
      [
       116.34809999999997,
       40.01219999999983
      ],
      [
       116.34809999999997,
       40.01339999999983
      ]
     ]
    ]
   }
  },
  {
   "type": "Feature",
   "id": "LU-00537",
   "properties": {
    "id": "LU-00537",
    "layer": "LAND_USE",
    "land_use_code": "1001",
    "land_use_name_zh": "工业用地 / AI 自主创新产业",
    "source_type": "agent_generated_design",
    "confidence": "medium",
    "geometry_role": "design_proposal",
    "area_sqm": 13651.9
   },
   "geometry": {
    "type": "Polygon",
    "coordinates": [
     [
      [
       116.34809999999997,
       40.014599999999824
      ],
      [
       116.34929999999997,
       40.014599999999824
      ],
      [
       116.34929999999997,
       40.01339999999983
      ],
      [
       116.34809999999997,
       40.01339999999983
      ],
      [
       116.34809999999997,
       40.014599999999824
      ]
     ]
    ]
   }
  },
  {
   "type": "Feature",
   "id": "LU-00538",
   "properties": {
    "id": "LU-00538",
    "layer": "LAND_USE",
    "land_use_code": "1001",
    "land_use_name_zh": "工业用地 / AI 自主创新产业",
    "source_type": "agent_generated_design",
    "confidence": "medium",
    "geometry_role": "design_proposal",
    "area_sqm": 13651.7
   },
   "geometry": {
    "type": "Polygon",
    "coordinates": [
     [
      [
       116.34809999999997,
       40.01579999999982
      ],
      [
       116.34929999999997,
       40.01579999999982
      ],
      [
       116.34929999999997,
       40.014599999999824
      ],
      [
       116.34809999999997,
       40.014599999999824
      ],
      [
       116.34809999999997,
       40.01579999999982
      ]
     ]
    ]
   }
  },
  {
   "type": "Feature",
   "id": "LU-00539",
   "properties": {
    "id": "LU-00539",
    "layer": "LAND_USE",
    "land_use_code": "1001",
    "land_use_name_zh": "工业用地 / AI 自主创新产业",
    "source_type": "agent_generated_design",
    "confidence": "medium",
    "geometry_role": "design_proposal",
    "area_sqm": 13651.4
   },
   "geometry": {
    "type": "Polygon",
    "coordinates": [
     [
      [
       116.34809999999997,
       40.01699999999982
      ],
      [
       116.34929999999997,
       40.01699999999982
      ],
      [
       116.34929999999997,
       40.01579999999982
      ],
      [
       116.34809999999997,
       40.01579999999982
      ],
      [
       116.34809999999997,
       40.01699999999982
      ]
     ]
    ]
   }
  },
  {
   "type": "Feature",
   "id": "LU-00540",
   "properties": {
    "id": "LU-00540",
    "layer": "LAND_USE",
    "land_use_code": "1001",
    "land_use_name_zh": "工业用地 / AI 自主创新产业",
    "source_type": "agent_generated_design",
    "confidence": "medium",
    "geometry_role": "design_proposal",
    "area_sqm": 13651.2
   },
   "geometry": {
    "type": "Polygon",
    "coordinates": [
     [
      [
       116.34809999999997,
       40.018199999999815
      ],
      [
       116.34929999999997,
       40.018199999999815
      ],
      [
       116.34929999999997,
       40.01699999999982
      ],
      [
       116.34809999999997,
       40.01699999999982
      ],
      [
       116.34809999999997,
       40.018199999999815
      ]
     ]
    ]
   }
  },
  {
   "type": "Feature",
   "id": "LU-00541",
   "properties": {
    "id": "LU-00541",
    "layer": "LAND_USE",
    "land_use_code": "1001",
    "land_use_name_zh": "工业用地 / AI 自主创新产业",
    "source_type": "agent_generated_design",
    "confidence": "medium",
    "geometry_role": "design_proposal",
    "area_sqm": 13651.0
   },
   "geometry": {
    "type": "Polygon",
    "coordinates": [
     [
      [
       116.34809999999997,
       40.01939999999981
      ],
      [
       116.34929999999997,
       40.01939999999981
      ],
      [
       116.34929999999997,
       40.018199999999815
      ],
      [
       116.34809999999997,
       40.018199999999815
      ],
      [
       116.34809999999997,
       40.01939999999981
      ]
     ]
    ]
   }
  },
  {
   "type": "Feature",
   "id": "LU-00542",
   "properties": {
    "id": "LU-00542",
    "layer": "LAND_USE",
    "land_use_code": "1001",
    "land_use_name_zh": "工业用地 / AI 自主创新产业",
    "source_type": "agent_generated_design",
    "confidence": "medium",
    "geometry_role": "design_proposal",
    "area_sqm": 13650.7
   },
   "geometry": {
    "type": "Polygon",
    "coordinates": [
     [
      [
       116.34809999999997,
       40.02059999999981
      ],
      [
       116.34929999999997,
       40.02059999999981
      ],
      [
       116.34929999999997,
       40.01939999999981
      ],
      [
       116.34809999999997,
       40.01939999999981
      ],
      [
       116.34809999999997,
       40.02059999999981
      ]
     ]
    ]
   }
  },
  {
   "type": "Feature",
   "id": "LU-00543",
   "properties": {
    "id": "LU-00543",
    "layer": "LAND_USE",
    "land_use_code": "1001",
    "land_use_name_zh": "工业用地 / AI 自主创新产业",
    "source_type": "agent_generated_design",
    "confidence": "medium",
    "geometry_role": "design_proposal",
    "area_sqm": 13650.5
   },
   "geometry": {
    "type": "Polygon",
    "coordinates": [
     [
      [
       116.34809999999997,
       40.02179999999981
      ],
      [
       116.34929999999997,
       40.02179999999981
      ],
      [
       116.34929999999997,
       40.02059999999981
      ],
      [
       116.34809999999997,
       40.02059999999981
      ],
      [
       116.34809999999997,
       40.02179999999981
      ]
     ]
    ]
   }
  },
  {
   "type": "Feature",
   "id": "LU-00544",
   "properties": {
    "id": "LU-00544",
    "layer": "LAND_USE",
    "land_use_code": "1001",
    "land_use_name_zh": "工业用地 / AI 自主创新产业",
    "source_type": "agent_generated_design",
    "confidence": "medium",
    "geometry_role": "design_proposal",
    "area_sqm": 13650.2
   },
   "geometry": {
    "type": "Polygon",
    "coordinates": [
     [
      [
       116.34809999999997,
       40.022999999999804
      ],
      [
       116.34929999999997,
       40.022999999999804
      ],
      [
       116.34929999999997,
       40.02179999999981
      ],
      [
       116.34809999999997,
       40.02179999999981
      ],
      [
       116.34809999999997,
       40.022999999999804
      ]
     ]
    ]
   }
  },
  {
   "type": "Feature",
   "id": "LU-00545",
   "properties": {
    "id": "LU-00545",
    "layer": "LAND_USE",
    "land_use_code": "1001",
    "land_use_name_zh": "工业用地 / AI 自主创新产业",
    "source_type": "agent_generated_design",
    "confidence": "medium",
    "geometry_role": "design_proposal",
    "area_sqm": 13650.0
   },
   "geometry": {
    "type": "Polygon",
    "coordinates": [
     [
      [
       116.34809999999997,
       40.0241999999998
      ],
      [
       116.34929999999997,
       40.0241999999998
      ],
      [
       116.34929999999997,
       40.022999999999804
      ],
      [
       116.34809999999997,
       40.022999999999804
      ],
      [
       116.34809999999997,
       40.0241999999998
      ]
     ]
    ]
   }
  },
  {
   "type": "Feature",
   "id": "LU-00546",
   "properties": {
    "id": "LU-00546",
    "layer": "LAND_USE",
    "land_use_code": "1001",
    "land_use_name_zh": "工业用地 / AI 自主创新产业",
    "source_type": "agent_generated_design",
    "confidence": "medium",
    "geometry_role": "design_proposal",
    "area_sqm": 13649.8
   },
   "geometry": {
    "type": "Polygon",
    "coordinates": [
     [
      [
       116.34809999999997,
       40.0253999999998
      ],
      [
       116.34929999999997,
       40.0253999999998
      ],
      [
       116.34929999999997,
       40.0241999999998
      ],
      [
       116.34809999999997,
       40.0241999999998
      ],
      [
       116.34809999999997,
       40.0253999999998
      ]
     ]
    ]
   }
  },
  {
   "type": "Feature",
   "id": "LU-00547",
   "properties": {
    "id": "LU-00547",
    "layer": "LAND_USE",
    "land_use_code": "1001",
    "land_use_name_zh": "工业用地 / AI 自主创新产业",
    "source_type": "agent_generated_design",
    "confidence": "medium",
    "geometry_role": "design_proposal",
    "area_sqm": 12512.1
   },
   "geometry": {
    "type": "Polygon",
    "coordinates": [
     [
      [
       116.34929999999997,
       40.0253999999998
      ],
      [
       116.34809999999997,
       40.0253999999998
      ],
      [
       116.34809999999997,
       40.0265
      ],
      [
       116.34929999999997,
       40.0265
      ],
      [
       116.34929999999997,
       40.0253999999998
      ]
     ]
    ]
   }
  },
  {
   "type": "Feature",
   "id": "LU-00548",
   "properties": {
    "id": "LU-00548",
    "layer": "LAND_USE",
    "land_use_code": "1207",
    "land_use_name_zh": "城镇道路用地",
    "source_type": "agent_generated_design",
    "confidence": "medium",
    "geometry_role": "design_proposal",
    "area_sqm": 13666.5
   },
   "geometry": {
    "type": "Polygon",
    "coordinates": [
     [
      [
       116.34929999999997,
       39.939
      ],
      [
       116.34929999999997,
       39.9402
      ],
      [
       116.35049999999997,
       39.9402
      ],
      [
       116.35049999999997,
       39.939
      ],
      [
       116.34929999999997,
       39.939
      ]
     ]
    ]
   }
  },
  {
   "type": "Feature",
   "id": "LU-00549",
   "properties": {
    "id": "LU-00549",
    "layer": "LAND_USE",
    "land_use_code": "0701",
    "land_use_name_zh": "城镇住宅用地",
    "source_type": "agent_generated_design",
    "confidence": "medium",
    "geometry_role": "design_proposal",
    "area_sqm": 13666.3
   },
   "geometry": {
    "type": "Polygon",
    "coordinates": [
     [
      [
       116.34929999999997,
       39.941399999999994
      ],
      [
       116.35049999999997,
       39.941399999999994
      ],
      [
       116.35049999999997,
       39.9402
      ],
      [
       116.34929999999997,
       39.9402
      ],
      [
       116.34929999999997,
       39.941399999999994
      ]
     ]
    ]
   }
  },
  {
   "type": "Feature",
   "id": "LU-00550",
   "properties": {
    "id": "LU-00550",
    "layer": "LAND_USE",
    "land_use_code": "0701",
    "land_use_name_zh": "城镇住宅用地",
    "source_type": "agent_generated_design",
    "confidence": "medium",
    "geometry_role": "design_proposal",
    "area_sqm": 13666.1
   },
   "geometry": {
    "type": "Polygon",
    "coordinates": [
     [
      [
       116.34929999999997,
       39.94259999999999
      ],
      [
       116.35049999999997,
       39.94259999999999
      ],
      [
       116.35049999999997,
       39.941399999999994
      ],
      [
       116.34929999999997,
       39.941399999999994
      ],
      [
       116.34929999999997,
       39.94259999999999
      ]
     ]
    ]
   }
  },
  {
   "type": "Feature",
   "id": "LU-00551",
   "properties": {
    "id": "LU-00551",
    "layer": "LAND_USE",
    "land_use_code": "1207",
    "land_use_name_zh": "城镇道路用地",
    "source_type": "agent_generated_design",
    "confidence": "medium",
    "geometry_role": "design_proposal",
    "area_sqm": 13665.8
   },
   "geometry": {
    "type": "Polygon",
    "coordinates": [
     [
      [
       116.34929999999997,
       39.94379999999999
      ],
      [
       116.35049999999997,
       39.94379999999999
      ],
      [
       116.35049999999997,
       39.94259999999999
      ],
      [
       116.34929999999997,
       39.94259999999999
      ],
      [
       116.34929999999997,
       39.94379999999999
      ]
     ]
    ]
   }
  },
  {
   "type": "Feature",
   "id": "LU-00552",
   "properties": {
    "id": "LU-00552",
    "layer": "LAND_USE",
    "land_use_code": "0902",
    "land_use_name_zh": "商务金融用地 / AI 总部",
    "source_type": "agent_generated_design",
    "confidence": "medium",
    "geometry_role": "design_proposal",
    "area_sqm": 13665.6
   },
   "geometry": {
    "type": "Polygon",
    "coordinates": [
     [
      [
       116.34929999999997,
       39.944999999999986
      ],
      [
       116.35049999999997,
       39.944999999999986
      ],
      [
       116.35049999999997,
       39.94379999999999
      ],
      [
       116.34929999999997,
       39.94379999999999
      ],
      [
       116.34929999999997,
       39.944999999999986
      ]
     ]
    ]
   }
  },
  {
   "type": "Feature",
   "id": "LU-00553",
   "properties": {
    "id": "LU-00553",
    "layer": "LAND_USE",
    "land_use_code": "0902",
    "land_use_name_zh": "商务金融用地 / AI 总部",
    "source_type": "agent_generated_design",
    "confidence": "medium",
    "geometry_role": "design_proposal",
    "area_sqm": 13665.4
   },
   "geometry": {
    "type": "Polygon",
    "coordinates": [
     [
      [
       116.34929999999997,
       39.94619999999998
      ],
      [
       116.35049999999997,
       39.94619999999998
      ],
      [
       116.35049999999997,
       39.944999999999986
      ],
      [
       116.34929999999997,
       39.944999999999986
      ],
      [
       116.34929999999997,
       39.94619999999998
      ]
     ]
    ]
   }
  },
  {
   "type": "Feature",
   "id": "LU-00554",
   "properties": {
    "id": "LU-00554",
    "layer": "LAND_USE",
    "land_use_code": "0902",
    "land_use_name_zh": "商务金融用地 / AI 总部",
    "source_type": "agent_generated_design",
    "confidence": "medium",
    "geometry_role": "design_proposal",
    "area_sqm": 13665.1
   },
   "geometry": {
    "type": "Polygon",
    "coordinates": [
     [
      [
       116.34929999999997,
       39.94739999999998
      ],
      [
       116.35049999999997,
       39.94739999999998
      ],
      [
       116.35049999999997,
       39.94619999999998
      ],
      [
       116.34929999999997,
       39.94619999999998
      ],
      [
       116.34929999999997,
       39.94739999999998
      ]
     ]
    ]
   }
  },
  {
   "type": "Feature",
   "id": "LU-00555",
   "properties": {
    "id": "LU-00555",
    "layer": "LAND_USE",
    "land_use_code": "0902",
    "land_use_name_zh": "商务金融用地 / AI 总部",
    "source_type": "agent_generated_design",
    "confidence": "medium",
    "geometry_role": "design_proposal",
    "area_sqm": 13664.9
   },
   "geometry": {
    "type": "Polygon",
    "coordinates": [
     [
      [
       116.34929999999997,
       39.94859999999998
      ],
      [
       116.35049999999997,
       39.94859999999998
      ],
      [
       116.35049999999997,
       39.94739999999998
      ],
      [
       116.34929999999997,
       39.94739999999998
      ],
      [
       116.34929999999997,
       39.94859999999998
      ]
     ]
    ]
   }
  },
  {
   "type": "Feature",
   "id": "LU-00556",
   "properties": {
    "id": "LU-00556",
    "layer": "LAND_USE",
    "land_use_code": "0902",
    "land_use_name_zh": "商务金融用地 / AI 总部",
    "source_type": "agent_generated_design",
    "confidence": "medium",
    "geometry_role": "design_proposal",
    "area_sqm": 13664.6
   },
   "geometry": {
    "type": "Polygon",
    "coordinates": [
     [
      [
       116.34929999999997,
       39.949799999999975
      ],
      [
       116.35049999999997,
       39.949799999999975
      ],
      [
       116.35049999999997,
       39.94859999999998
      ],
      [
       116.34929999999997,
       39.94859999999998
      ],
      [
       116.34929999999997,
       39.949799999999975
      ]
     ]
    ]
   }
  },
  {
   "type": "Feature",
   "id": "LU-00557",
   "properties": {
    "id": "LU-00557",
    "layer": "LAND_USE",
    "land_use_code": "0701",
    "land_use_name_zh": "城镇住宅用地",
    "source_type": "agent_generated_design",
    "confidence": "medium",
    "geometry_role": "design_proposal",
    "area_sqm": 13664.4
   },
   "geometry": {
    "type": "Polygon",
    "coordinates": [
     [
      [
       116.34929999999997,
       39.95099999999997
      ],
      [
       116.35049999999997,
       39.95099999999997
      ],
      [
       116.35049999999997,
       39.949799999999975
      ],
      [
       116.34929999999997,
       39.949799999999975
      ],
      [
       116.34929999999997,
       39.95099999999997
      ]
     ]
    ]
   }
  },
  {
   "type": "Feature",
   "id": "LU-00558",
   "properties": {
    "id": "LU-00558",
    "layer": "LAND_USE",
    "land_use_code": "1207",
    "land_use_name_zh": "城镇道路用地",
    "source_type": "agent_generated_design",
    "confidence": "medium",
    "geometry_role": "design_proposal",
    "area_sqm": 13664.2
   },
   "geometry": {
    "type": "Polygon",
    "coordinates": [
     [
      [
       116.34929999999997,
       39.95219999999997
      ],
      [
       116.35049999999997,
       39.95219999999997
      ],
      [
       116.35049999999997,
       39.95099999999997
      ],
      [
       116.34929999999997,
       39.95099999999997
      ],
      [
       116.34929999999997,
       39.95219999999997
      ]
     ]
    ]
   }
  },
  {
   "type": "Feature",
   "id": "LU-00559",
   "properties": {
    "id": "LU-00559",
    "layer": "LAND_USE",
    "land_use_code": "0701",
    "land_use_name_zh": "城镇住宅用地",
    "source_type": "agent_generated_design",
    "confidence": "medium",
    "geometry_role": "design_proposal",
    "area_sqm": 13663.9
   },
   "geometry": {
    "type": "Polygon",
    "coordinates": [
     [
      [
       116.34929999999997,
       39.95339999999997
      ],
      [
       116.35049999999997,
       39.95339999999997
      ],
      [
       116.35049999999997,
       39.95219999999997
      ],
      [
       116.34929999999997,
       39.95219999999997
      ],
      [
       116.34929999999997,
       39.95339999999997
      ]
     ]
    ]
   }
  },
  {
   "type": "Feature",
   "id": "LU-00560",
   "properties": {
    "id": "LU-00560",
    "layer": "LAND_USE",
    "land_use_code": "0901",
    "land_use_name_zh": "商业用地",
    "source_type": "agent_generated_design",
    "confidence": "medium",
    "geometry_role": "design_proposal",
    "area_sqm": 13663.7
   },
   "geometry": {
    "type": "Polygon",
    "coordinates": [
     [
      [
       116.34929999999997,
       39.954599999999964
      ],
      [
       116.35049999999997,
       39.954599999999964
      ],
      [
       116.35049999999997,
       39.95339999999997
      ],
      [
       116.34929999999997,
       39.95339999999997
      ],
      [
       116.34929999999997,
       39.954599999999964
      ]
     ]
    ]
   }
  },
  {
   "type": "Feature",
   "id": "LU-00561",
   "properties": {
    "id": "LU-00561",
    "layer": "LAND_USE",
    "land_use_code": "1207",
    "land_use_name_zh": "城镇道路用地",
    "source_type": "agent_generated_design",
    "confidence": "medium",
    "geometry_role": "design_proposal",
    "area_sqm": 13663.5
   },
   "geometry": {
    "type": "Polygon",
    "coordinates": [
     [
      [
       116.34929999999997,
       39.95579999999996
      ],
      [
       116.35049999999997,
       39.95579999999996
      ],
      [
       116.35049999999997,
       39.954599999999964
      ],
      [
       116.34929999999997,
       39.954599999999964
      ],
      [
       116.34929999999997,
       39.95579999999996
      ]
     ]
    ]
   }
  },
  {
   "type": "Feature",
   "id": "LU-00562",
   "properties": {
    "id": "LU-00562",
    "layer": "LAND_USE",
    "land_use_code": "0701",
    "land_use_name_zh": "城镇住宅用地",
    "source_type": "agent_generated_design",
    "confidence": "medium",
    "geometry_role": "design_proposal",
    "area_sqm": 13663.2
   },
   "geometry": {
    "type": "Polygon",
    "coordinates": [
     [
      [
       116.34929999999997,
       39.95699999999996
      ],
      [
       116.35049999999997,
       39.95699999999996
      ],
      [
       116.35049999999997,
       39.95579999999996
      ],
      [
       116.34929999999997,
       39.95579999999996
      ],
      [
       116.34929999999997,
       39.95699999999996
      ]
     ]
    ]
   }
  },
  {
   "type": "Feature",
   "id": "LU-00563",
   "properties": {
    "id": "LU-00563",
    "layer": "LAND_USE",
    "land_use_code": "0701",
    "land_use_name_zh": "城镇住宅用地",
    "source_type": "agent_generated_design",
    "confidence": "medium",
    "geometry_role": "design_proposal",
    "area_sqm": 13663.0
   },
   "geometry": {
    "type": "Polygon",
    "coordinates": [
     [
      [
       116.34929999999997,
       39.958199999999955
      ],
      [
       116.35049999999997,
       39.958199999999955
      ],
      [
       116.35049999999997,
       39.95699999999996
      ],
      [
       116.34929999999997,
       39.95699999999996
      ],
      [
       116.34929999999997,
       39.958199999999955
      ]
     ]
    ]
   }
  },
  {
   "type": "Feature",
   "id": "LU-00564",
   "properties": {
    "id": "LU-00564",
    "layer": "LAND_USE",
    "land_use_code": "0701",
    "land_use_name_zh": "城镇住宅用地",
    "source_type": "agent_generated_design",
    "confidence": "medium",
    "geometry_role": "design_proposal",
    "area_sqm": 13662.8
   },
   "geometry": {
    "type": "Polygon",
    "coordinates": [
     [
      [
       116.34929999999997,
       39.95939999999995
      ],
      [
       116.35049999999997,
       39.95939999999995
      ],
      [
       116.35049999999997,
       39.958199999999955
      ],
      [
       116.34929999999997,
       39.958199999999955
      ],
      [
       116.34929999999997,
       39.95939999999995
      ]
     ]
    ]
   }
  },
  {
   "type": "Feature",
   "id": "LU-00565",
   "properties": {
    "id": "LU-00565",
    "layer": "LAND_USE",
    "land_use_code": "0901",
    "land_use_name_zh": "商业用地",
    "source_type": "agent_generated_design",
    "confidence": "medium",
    "geometry_role": "design_proposal",
    "area_sqm": 13662.5
   },
   "geometry": {
    "type": "Polygon",
    "coordinates": [
     [
      [
       116.34929999999997,
       39.96059999999995
      ],
      [
       116.35049999999997,
       39.96059999999995
      ],
      [
       116.35049999999997,
       39.95939999999995
      ],
      [
       116.34929999999997,
       39.95939999999995
      ],
      [
       116.34929999999997,
       39.96059999999995
      ]
     ]
    ]
   }
  },
  {
   "type": "Feature",
   "id": "LU-00566",
   "properties": {
    "id": "LU-00566",
    "layer": "LAND_USE",
    "land_use_code": "1401",
    "land_use_name_zh": "公园绿地 / 京张活力带",
    "source_type": "agent_generated_design",
    "confidence": "medium",
    "geometry_role": "design_proposal",
    "area_sqm": 13662.3
   },
   "geometry": {
    "type": "Polygon",
    "coordinates": [
     [
      [
       116.34929999999997,
       39.96179999999995
      ],
      [
       116.35049999999997,
       39.96179999999995
      ],
      [
       116.35049999999997,
       39.96059999999995
      ],
      [
       116.34929999999997,
       39.96059999999995
      ],
      [
       116.34929999999997,
       39.96179999999995
      ]
     ]
    ]
   }
  },
  {
   "type": "Feature",
   "id": "LU-00567",
   "properties": {
    "id": "LU-00567",
    "layer": "LAND_USE",
    "land_use_code": "1401",
    "land_use_name_zh": "公园绿地 / 京张活力带",
    "source_type": "agent_generated_design",
    "confidence": "medium",
    "geometry_role": "design_proposal",
    "area_sqm": 13662.0
   },
   "geometry": {
    "type": "Polygon",
    "coordinates": [
     [
      [
       116.34929999999997,
       39.962999999999944
      ],
      [
       116.35049999999997,
       39.962999999999944
      ],
      [
       116.35049999999997,
       39.96179999999995
      ],
      [
       116.34929999999997,
       39.96179999999995
      ],
      [
       116.34929999999997,
       39.962999999999944
      ]
     ]
    ]
   }
  },
  {
   "type": "Feature",
   "id": "LU-00568",
   "properties": {
    "id": "LU-00568",
    "layer": "LAND_USE",
    "land_use_code": "1401",
    "land_use_name_zh": "公园绿地 / 京张活力带",
    "source_type": "agent_generated_design",
    "confidence": "medium",
    "geometry_role": "design_proposal",
    "area_sqm": 13661.8
   },
   "geometry": {
    "type": "Polygon",
    "coordinates": [
     [
      [
       116.34929999999997,
       39.96419999999994
      ],
      [
       116.35049999999997,
       39.96419999999994
      ],
      [
       116.35049999999997,
       39.962999999999944
      ],
      [
       116.34929999999997,
       39.962999999999944
      ],
      [
       116.34929999999997,
       39.96419999999994
      ]
     ]
    ]
   }
  },
  {
   "type": "Feature",
   "id": "LU-00569",
   "properties": {
    "id": "LU-00569",
    "layer": "LAND_USE",
    "land_use_code": "1401",
    "land_use_name_zh": "公园绿地 / 京张活力带",
    "source_type": "agent_generated_design",
    "confidence": "medium",
    "geometry_role": "design_proposal",
    "area_sqm": 13661.6
   },
   "geometry": {
    "type": "Polygon",
    "coordinates": [
     [
      [
       116.34929999999997,
       39.96539999999994
      ],
      [
       116.35049999999997,
       39.96539999999994
      ],
      [
       116.35049999999997,
       39.96419999999994
      ],
      [
       116.34929999999997,
       39.96419999999994
      ],
      [
       116.34929999999997,
       39.96539999999994
      ]
     ]
    ]
   }
  },
  {
   "type": "Feature",
   "id": "LU-00570",
   "properties": {
    "id": "LU-00570",
    "layer": "LAND_USE",
    "land_use_code": "1401",
    "land_use_name_zh": "公园绿地 / 京张活力带",
    "source_type": "agent_generated_design",
    "confidence": "medium",
    "geometry_role": "design_proposal",
    "area_sqm": 13661.3
   },
   "geometry": {
    "type": "Polygon",
    "coordinates": [
     [
      [
       116.34929999999997,
       39.966599999999936
      ],
      [
       116.35049999999997,
       39.966599999999936
      ],
      [
       116.35049999999997,
       39.96539999999994
      ],
      [
       116.34929999999997,
       39.96539999999994
      ],
      [
       116.34929999999997,
       39.966599999999936
      ]
     ]
    ]
   }
  },
  {
   "type": "Feature",
   "id": "LU-00571",
   "properties": {
    "id": "LU-00571",
    "layer": "LAND_USE",
    "land_use_code": "1401",
    "land_use_name_zh": "公园绿地 / 京张活力带",
    "source_type": "agent_generated_design",
    "confidence": "medium",
    "geometry_role": "design_proposal",
    "area_sqm": 13661.1
   },
   "geometry": {
    "type": "Polygon",
    "coordinates": [
     [
      [
       116.34929999999997,
       39.96779999999993
      ],
      [
       116.35049999999997,
       39.96779999999993
      ],
      [
       116.35049999999997,
       39.966599999999936
      ],
      [
       116.34929999999997,
       39.966599999999936
      ],
      [
       116.34929999999997,
       39.96779999999993
      ]
     ]
    ]
   }
  },
  {
   "type": "Feature",
   "id": "LU-00572",
   "properties": {
    "id": "LU-00572",
    "layer": "LAND_USE",
    "land_use_code": "1401",
    "land_use_name_zh": "公园绿地 / 京张活力带",
    "source_type": "agent_generated_design",
    "confidence": "medium",
    "geometry_role": "design_proposal",
    "area_sqm": 13660.9
   },
   "geometry": {
    "type": "Polygon",
    "coordinates": [
     [
      [
       116.34929999999997,
       39.96899999999993
      ],
      [
       116.35049999999997,
       39.96899999999993
      ],
      [
       116.35049999999997,
       39.96779999999993
      ],
      [
       116.34929999999997,
       39.96779999999993
      ],
      [
       116.34929999999997,
       39.96899999999993
      ]
     ]
    ]
   }
  },
  {
   "type": "Feature",
   "id": "LU-00573",
   "properties": {
    "id": "LU-00573",
    "layer": "LAND_USE",
    "land_use_code": "1401",
    "land_use_name_zh": "公园绿地 / 京张活力带",
    "source_type": "agent_generated_design",
    "confidence": "medium",
    "geometry_role": "design_proposal",
    "area_sqm": 13660.6
   },
   "geometry": {
    "type": "Polygon",
    "coordinates": [
     [
      [
       116.34929999999997,
       39.97019999999993
      ],
      [
       116.35049999999997,
       39.97019999999993
      ],
      [
       116.35049999999997,
       39.96899999999993
      ],
      [
       116.34929999999997,
       39.96899999999993
      ],
      [
       116.34929999999997,
       39.97019999999993
      ]
     ]
    ]
   }
  },
  {
   "type": "Feature",
   "id": "LU-00574",
   "properties": {
    "id": "LU-00574",
    "layer": "LAND_USE",
    "land_use_code": "1401",
    "land_use_name_zh": "公园绿地 / 京张活力带",
    "source_type": "agent_generated_design",
    "confidence": "medium",
    "geometry_role": "design_proposal",
    "area_sqm": 13660.4
   },
   "geometry": {
    "type": "Polygon",
    "coordinates": [
     [
      [
       116.34929999999997,
       39.971399999999925
      ],
      [
       116.35049999999997,
       39.971399999999925
      ],
      [
       116.35049999999997,
       39.97019999999993
      ],
      [
       116.34929999999997,
       39.97019999999993
      ],
      [
       116.34929999999997,
       39.971399999999925
      ]
     ]
    ]
   }
  },
  {
   "type": "Feature",
   "id": "LU-00575",
   "properties": {
    "id": "LU-00575",
    "layer": "LAND_USE",
    "land_use_code": "1401",
    "land_use_name_zh": "公园绿地 / 京张活力带",
    "source_type": "agent_generated_design",
    "confidence": "medium",
    "geometry_role": "design_proposal",
    "area_sqm": 13660.2
   },
   "geometry": {
    "type": "Polygon",
    "coordinates": [
     [
      [
       116.34929999999997,
       39.97259999999992
      ],
      [
       116.35049999999997,
       39.97259999999992
      ],
      [
       116.35049999999997,
       39.971399999999925
      ],
      [
       116.34929999999997,
       39.971399999999925
      ],
      [
       116.34929999999997,
       39.97259999999992
      ]
     ]
    ]
   }
  },
  {
   "type": "Feature",
   "id": "LU-00576",
   "properties": {
    "id": "LU-00576",
    "layer": "LAND_USE",
    "land_use_code": "1401",
    "land_use_name_zh": "公园绿地 / 京张活力带",
    "source_type": "agent_generated_design",
    "confidence": "medium",
    "geometry_role": "design_proposal",
    "area_sqm": 13659.9
   },
   "geometry": {
    "type": "Polygon",
    "coordinates": [
     [
      [
       116.34929999999997,
       39.97379999999992
      ],
      [
       116.35049999999997,
       39.97379999999992
      ],
      [
       116.35049999999997,
       39.97259999999992
      ],
      [
       116.34929999999997,
       39.97259999999992
      ],
      [
       116.34929999999997,
       39.97379999999992
      ]
     ]
    ]
   }
  },
  {
   "type": "Feature",
   "id": "LU-00577",
   "properties": {
    "id": "LU-00577",
    "layer": "LAND_USE",
    "land_use_code": "0701",
    "land_use_name_zh": "城镇住宅用地",
    "source_type": "agent_generated_design",
    "confidence": "medium",
    "geometry_role": "design_proposal",
    "area_sqm": 13659.7
   },
   "geometry": {
    "type": "Polygon",
    "coordinates": [
     [
      [
       116.34929999999997,
       39.974999999999916
      ],
      [
       116.35049999999997,
       39.974999999999916
      ],
      [
       116.35049999999997,
       39.97379999999992
      ],
      [
       116.34929999999997,
       39.97379999999992
      ],
      [
       116.34929999999997,
       39.974999999999916
      ]
     ]
    ]
   }
  },
  {
   "type": "Feature",
   "id": "LU-00578",
   "properties": {
    "id": "LU-00578",
    "layer": "LAND_USE",
    "land_use_code": "1207",
    "land_use_name_zh": "城镇道路用地",
    "source_type": "agent_generated_design",
    "confidence": "medium",
    "geometry_role": "design_proposal",
    "area_sqm": 13659.5
   },
   "geometry": {
    "type": "Polygon",
    "coordinates": [
     [
      [
       116.34929999999997,
       39.97619999999991
      ],
      [
       116.35049999999997,
       39.97619999999991
      ],
      [
       116.35049999999997,
       39.974999999999916
      ],
      [
       116.34929999999997,
       39.974999999999916
      ],
      [
       116.34929999999997,
       39.97619999999991
      ]
     ]
    ]
   }
  },
  {
   "type": "Feature",
   "id": "LU-00579",
   "properties": {
    "id": "LU-00579",
    "layer": "LAND_USE",
    "land_use_code": "0701",
    "land_use_name_zh": "城镇住宅用地",
    "source_type": "agent_generated_design",
    "confidence": "medium",
    "geometry_role": "design_proposal",
    "area_sqm": 13659.2
   },
   "geometry": {
    "type": "Polygon",
    "coordinates": [
     [
      [
       116.34929999999997,
       39.97739999999991
      ],
      [
       116.35049999999997,
       39.97739999999991
      ],
      [
       116.35049999999997,
       39.97619999999991
      ],
      [
       116.34929999999997,
       39.97619999999991
      ],
      [
       116.34929999999997,
       39.97739999999991
      ]
     ]
    ]
   }
  },
  {
   "type": "Feature",
   "id": "LU-00580",
   "properties": {
    "id": "LU-00580",
    "layer": "LAND_USE",
    "land_use_code": "0901",
    "land_use_name_zh": "商业用地",
    "source_type": "agent_generated_design",
    "confidence": "medium",
    "geometry_role": "design_proposal",
    "area_sqm": 13659.0
   },
   "geometry": {
    "type": "Polygon",
    "coordinates": [
     [
      [
       116.34929999999997,
       39.97859999999991
      ],
      [
       116.35049999999997,
       39.97859999999991
      ],
      [
       116.35049999999997,
       39.97739999999991
      ],
      [
       116.34929999999997,
       39.97739999999991
      ],
      [
       116.34929999999997,
       39.97859999999991
      ]
     ]
    ]
   }
  },
  {
   "type": "Feature",
   "id": "LU-00581",
   "properties": {
    "id": "LU-00581",
    "layer": "LAND_USE",
    "land_use_code": "1207",
    "land_use_name_zh": "城镇道路用地",
    "source_type": "agent_generated_design",
    "confidence": "medium",
    "geometry_role": "design_proposal",
    "area_sqm": 13658.7
   },
   "geometry": {
    "type": "Polygon",
    "coordinates": [
     [
      [
       116.34929999999997,
       39.979799999999905
      ],
      [
       116.35049999999997,
       39.979799999999905
      ],
      [
       116.35049999999997,
       39.97859999999991
      ],
      [
       116.34929999999997,
       39.97859999999991
      ],
      [
       116.34929999999997,
       39.979799999999905
      ]
     ]
    ]
   }
  },
  {
   "type": "Feature",
   "id": "LU-00582",
   "properties": {
    "id": "LU-00582",
    "layer": "LAND_USE",
    "land_use_code": "0801",
    "land_use_name_zh": "机关团体用地",
    "source_type": "agent_generated_design",
    "confidence": "medium",
    "geometry_role": "design_proposal",
    "area_sqm": 13658.5
   },
   "geometry": {
    "type": "Polygon",
    "coordinates": [
     [
      [
       116.34929999999997,
       39.9809999999999
      ],
      [
       116.35049999999997,
       39.9809999999999
      ],
      [
       116.35049999999997,
       39.979799999999905
      ],
      [
       116.34929999999997,
       39.979799999999905
      ],
      [
       116.34929999999997,
       39.9809999999999
      ]
     ]
    ]
   }
  },
  {
   "type": "Feature",
   "id": "LU-00583",
   "properties": {
    "id": "LU-00583",
    "layer": "LAND_USE",
    "land_use_code": "0701",
    "land_use_name_zh": "城镇住宅用地",
    "source_type": "agent_generated_design",
    "confidence": "medium",
    "geometry_role": "design_proposal",
    "area_sqm": 13658.3
   },
   "geometry": {
    "type": "Polygon",
    "coordinates": [
     [
      [
       116.34929999999997,
       39.9821999999999
      ],
      [
       116.35049999999997,
       39.9821999999999
      ],
      [
       116.35049999999997,
       39.9809999999999
      ],
      [
       116.34929999999997,
       39.9809999999999
      ],
      [
       116.34929999999997,
       39.9821999999999
      ]
     ]
    ]
   }
  },
  {
   "type": "Feature",
   "id": "LU-00584",
   "properties": {
    "id": "LU-00584",
    "layer": "LAND_USE",
    "land_use_code": "0701",
    "land_use_name_zh": "城镇住宅用地",
    "source_type": "agent_generated_design",
    "confidence": "medium",
    "geometry_role": "design_proposal",
    "area_sqm": 13658.0
   },
   "geometry": {
    "type": "Polygon",
    "coordinates": [
     [
      [
       116.34929999999997,
       39.9833999999999
      ],
      [
       116.35049999999997,
       39.9833999999999
      ],
      [
       116.35049999999997,
       39.9821999999999
      ],
      [
       116.34929999999997,
       39.9821999999999
      ],
      [
       116.34929999999997,
       39.9833999999999
      ]
     ]
    ]
   }
  },
  {
   "type": "Feature",
   "id": "LU-00585",
   "properties": {
    "id": "LU-00585",
    "layer": "LAND_USE",
    "land_use_code": "0701",
    "land_use_name_zh": "城镇住宅用地",
    "source_type": "agent_generated_design",
    "confidence": "medium",
    "geometry_role": "design_proposal",
    "area_sqm": 13657.8
   },
   "geometry": {
    "type": "Polygon",
    "coordinates": [
     [
      [
       116.34929999999997,
       39.984599999999894
      ],
      [
       116.35049999999997,
       39.984599999999894
      ],
      [
       116.35049999999997,
       39.9833999999999
      ],
      [
       116.34929999999997,
       39.9833999999999
      ],
      [
       116.34929999999997,
       39.984599999999894
      ]
     ]
    ]
   }
  },
  {
   "type": "Feature",
   "id": "LU-00586",
   "properties": {
    "id": "LU-00586",
    "layer": "LAND_USE",
    "land_use_code": "0701",
    "land_use_name_zh": "城镇住宅用地",
    "source_type": "agent_generated_design",
    "confidence": "medium",
    "geometry_role": "design_proposal",
    "area_sqm": 13657.6
   },
   "geometry": {
    "type": "Polygon",
    "coordinates": [
     [
      [
       116.34929999999997,
       39.98579999999989
      ],
      [
       116.35049999999997,
       39.98579999999989
      ],
      [
       116.35049999999997,
       39.984599999999894
      ],
      [
       116.34929999999997,
       39.984599999999894
      ],
      [
       116.34929999999997,
       39.98579999999989
      ]
     ]
    ]
   }
  },
  {
   "type": "Feature",
   "id": "LU-00587",
   "properties": {
    "id": "LU-00587",
    "layer": "LAND_USE",
    "land_use_code": "0701",
    "land_use_name_zh": "城镇住宅用地",
    "source_type": "agent_generated_design",
    "confidence": "medium",
    "geometry_role": "design_proposal",
    "area_sqm": 13657.3
   },
   "geometry": {
    "type": "Polygon",
    "coordinates": [
     [
      [
       116.34929999999997,
       39.98699999999989
      ],
      [
       116.35049999999997,
       39.98699999999989
      ],
      [
       116.35049999999997,
       39.98579999999989
      ],
      [
       116.34929999999997,
       39.98579999999989
      ],
      [
       116.34929999999997,
       39.98699999999989
      ]
     ]
    ]
   }
  },
  {
   "type": "Feature",
   "id": "LU-00588",
   "properties": {
    "id": "LU-00588",
    "layer": "LAND_USE",
    "land_use_code": "0702",
    "land_use_name_zh": "城镇社区服务设施用地",
    "source_type": "agent_generated_design",
    "confidence": "medium",
    "geometry_role": "design_proposal",
    "area_sqm": 13657.1
   },
   "geometry": {
    "type": "Polygon",
    "coordinates": [
     [
      [
       116.34929999999997,
       39.988199999999885
      ],
      [
       116.35049999999997,
       39.988199999999885
      ],
      [
       116.35049999999997,
       39.98699999999989
      ],
      [
       116.34929999999997,
       39.98699999999989
      ],
      [
       116.34929999999997,
       39.988199999999885
      ]
     ]
    ]
   }
  },
  {
   "type": "Feature",
   "id": "LU-00589",
   "properties": {
    "id": "LU-00589",
    "layer": "LAND_USE",
    "land_use_code": "0702",
    "land_use_name_zh": "城镇社区服务设施用地",
    "source_type": "agent_generated_design",
    "confidence": "medium",
    "geometry_role": "design_proposal",
    "area_sqm": 13656.9
   },
   "geometry": {
    "type": "Polygon",
    "coordinates": [
     [
      [
       116.34929999999997,
       39.98939999999988
      ],
      [
       116.35049999999997,
       39.98939999999988
      ],
      [
       116.35049999999997,
       39.988199999999885
      ],
      [
       116.34929999999997,
       39.988199999999885
      ],
      [
       116.34929999999997,
       39.98939999999988
      ]
     ]
    ]
   }
  },
  {
   "type": "Feature",
   "id": "LU-00590",
   "properties": {
    "id": "LU-00590",
    "layer": "LAND_USE",
    "land_use_code": "0702",
    "land_use_name_zh": "城镇社区服务设施用地",
    "source_type": "agent_generated_design",
    "confidence": "medium",
    "geometry_role": "design_proposal",
    "area_sqm": 13656.6
   },
   "geometry": {
    "type": "Polygon",
    "coordinates": [
     [
      [
       116.34929999999997,
       39.99059999999988
      ],
      [
       116.35049999999997,
       39.99059999999988
      ],
      [
       116.35049999999997,
       39.98939999999988
      ],
      [
       116.34929999999997,
       39.98939999999988
      ],
      [
       116.34929999999997,
       39.99059999999988
      ]
     ]
    ]
   }
  },
  {
   "type": "Feature",
   "id": "LU-00591",
   "properties": {
    "id": "LU-00591",
    "layer": "LAND_USE",
    "land_use_code": "0804",
    "land_use_name_zh": "教育科研用地",
    "source_type": "agent_generated_design",
    "confidence": "medium",
    "geometry_role": "design_proposal",
    "area_sqm": 13656.4
   },
   "geometry": {
    "type": "Polygon",
    "coordinates": [
     [
      [
       116.34929999999997,
       39.99179999999988
      ],
      [
       116.35049999999997,
       39.99179999999988
      ],
      [
       116.35049999999997,
       39.99059999999988
      ],
      [
       116.34929999999997,
       39.99059999999988
      ],
      [
       116.34929999999997,
       39.99179999999988
      ]
     ]
    ]
   }
  },
  {
   "type": "Feature",
   "id": "LU-00592",
   "properties": {
    "id": "LU-00592",
    "layer": "LAND_USE",
    "land_use_code": "0804",
    "land_use_name_zh": "教育科研用地",
    "source_type": "agent_generated_design",
    "confidence": "medium",
    "geometry_role": "design_proposal",
    "area_sqm": 13656.1
   },
   "geometry": {
    "type": "Polygon",
    "coordinates": [
     [
      [
       116.34929999999997,
       39.992999999999874
      ],
      [
       116.35049999999997,
       39.992999999999874
      ],
      [
       116.35049999999997,
       39.99179999999988
      ],
      [
       116.34929999999997,
       39.99179999999988
      ],
      [
       116.34929999999997,
       39.992999999999874
      ]
     ]
    ]
   }
  },
  {
   "type": "Feature",
   "id": "LU-00593",
   "properties": {
    "id": "LU-00593",
    "layer": "LAND_USE",
    "land_use_code": "0701",
    "land_use_name_zh": "城镇住宅用地",
    "source_type": "agent_generated_design",
    "confidence": "medium",
    "geometry_role": "design_proposal",
    "area_sqm": 13655.9
   },
   "geometry": {
    "type": "Polygon",
    "coordinates": [
     [
      [
       116.34929999999997,
       39.99419999999987
      ],
      [
       116.35049999999997,
       39.99419999999987
      ],
      [
       116.35049999999997,
       39.992999999999874
      ],
      [
       116.34929999999997,
       39.992999999999874
      ],
      [
       116.34929999999997,
       39.99419999999987
      ]
     ]
    ]
   }
  },
  {
   "type": "Feature",
   "id": "LU-00594",
   "properties": {
    "id": "LU-00594",
    "layer": "LAND_USE",
    "land_use_code": "0701",
    "land_use_name_zh": "城镇住宅用地",
    "source_type": "agent_generated_design",
    "confidence": "medium",
    "geometry_role": "design_proposal",
    "area_sqm": 13655.7
   },
   "geometry": {
    "type": "Polygon",
    "coordinates": [
     [
      [
       116.34929999999997,
       39.99539999999987
      ],
      [
       116.35049999999997,
       39.99539999999987
      ],
      [
       116.35049999999997,
       39.99419999999987
      ],
      [
       116.34929999999997,
       39.99419999999987
      ],
      [
       116.34929999999997,
       39.99539999999987
      ]
     ]
    ]
   }
  },
  {
   "type": "Feature",
   "id": "LU-00595",
   "properties": {
    "id": "LU-00595",
    "layer": "LAND_USE",
    "land_use_code": "0901",
    "land_use_name_zh": "商业用地",
    "source_type": "agent_generated_design",
    "confidence": "medium",
    "geometry_role": "design_proposal",
    "area_sqm": 13655.4
   },
   "geometry": {
    "type": "Polygon",
    "coordinates": [
     [
      [
       116.34929999999997,
       39.996599999999866
      ],
      [
       116.35049999999997,
       39.996599999999866
      ],
      [
       116.35049999999997,
       39.99539999999987
      ],
      [
       116.34929999999997,
       39.99539999999987
      ],
      [
       116.34929999999997,
       39.996599999999866
      ]
     ]
    ]
   }
  },
  {
   "type": "Feature",
   "id": "LU-00596",
   "properties": {
    "id": "LU-00596",
    "layer": "LAND_USE",
    "land_use_code": "0801",
    "land_use_name_zh": "机关团体用地",
    "source_type": "agent_generated_design",
    "confidence": "medium",
    "geometry_role": "design_proposal",
    "area_sqm": 13655.2
   },
   "geometry": {
    "type": "Polygon",
    "coordinates": [
     [
      [
       116.34929999999997,
       39.99779999999986
      ],
      [
       116.35049999999997,
       39.99779999999986
      ],
      [
       116.35049999999997,
       39.996599999999866
      ],
      [
       116.34929999999997,
       39.996599999999866
      ],
      [
       116.34929999999997,
       39.99779999999986
      ]
     ]
    ]
   }
  },
  {
   "type": "Feature",
   "id": "LU-00597",
   "properties": {
    "id": "LU-00597",
    "layer": "LAND_USE",
    "land_use_code": "0701",
    "land_use_name_zh": "城镇住宅用地",
    "source_type": "agent_generated_design",
    "confidence": "medium",
    "geometry_role": "design_proposal",
    "area_sqm": 13655.0
   },
   "geometry": {
    "type": "Polygon",
    "coordinates": [
     [
      [
       116.34929999999997,
       39.99899999999986
      ],
      [
       116.35049999999997,
       39.99899999999986
      ],
      [
       116.35049999999997,
       39.99779999999986
      ],
      [
       116.34929999999997,
       39.99779999999986
      ],
      [
       116.34929999999997,
       39.99899999999986
      ]
     ]
    ]
   }
  },
  {
   "type": "Feature",
   "id": "LU-00598",
   "properties": {
    "id": "LU-00598",
    "layer": "LAND_USE",
    "land_use_code": "1207",
    "land_use_name_zh": "城镇道路用地",
    "source_type": "agent_generated_design",
    "confidence": "medium",
    "geometry_role": "design_proposal",
    "area_sqm": 13654.7
   },
   "geometry": {
    "type": "Polygon",
    "coordinates": [
     [
      [
       116.34929999999997,
       40.00019999999986
      ],
      [
       116.35049999999997,
       40.00019999999986
      ],
      [
       116.35049999999997,
       39.99899999999986
      ],
      [
       116.34929999999997,
       39.99899999999986
      ],
      [
       116.34929999999997,
       40.00019999999986
      ]
     ]
    ]
   }
  },
  {
   "type": "Feature",
   "id": "LU-00599",
   "properties": {
    "id": "LU-00599",
    "layer": "LAND_USE",
    "land_use_code": "0701",
    "land_use_name_zh": "城镇住宅用地",
    "source_type": "agent_generated_design",
    "confidence": "medium",
    "geometry_role": "design_proposal",
    "area_sqm": 13654.5
   },
   "geometry": {
    "type": "Polygon",
    "coordinates": [
     [
      [
       116.34929999999997,
       40.001399999999855
      ],
      [
       116.35049999999997,
       40.001399999999855
      ],
      [
       116.35049999999997,
       40.00019999999986
      ],
      [
       116.34929999999997,
       40.00019999999986
      ],
      [
       116.34929999999997,
       40.001399999999855
      ]
     ]
    ]
   }
  },
  {
   "type": "Feature",
   "id": "LU-00600",
   "properties": {
    "id": "LU-00600",
    "layer": "LAND_USE",
    "land_use_code": "0901",
    "land_use_name_zh": "商业用地",
    "source_type": "agent_generated_design",
    "confidence": "medium",
    "geometry_role": "design_proposal",
    "area_sqm": 13654.3
   },
   "geometry": {
    "type": "Polygon",
    "coordinates": [
     [
      [
       116.34929999999997,
       40.00259999999985
      ],
      [
       116.35049999999997,
       40.00259999999985
      ],
      [
       116.35049999999997,
       40.001399999999855
      ],
      [
       116.34929999999997,
       40.001399999999855
      ],
      [
       116.34929999999997,
       40.00259999999985
      ]
     ]
    ]
   }
  },
  {
   "type": "Feature",
   "id": "LU-00601",
   "properties": {
    "id": "LU-00601",
    "layer": "LAND_USE",
    "land_use_code": "1207",
    "land_use_name_zh": "城镇道路用地",
    "source_type": "agent_generated_design",
    "confidence": "medium",
    "geometry_role": "design_proposal",
    "area_sqm": 13654.0
   },
   "geometry": {
    "type": "Polygon",
    "coordinates": [
     [
      [
       116.34929999999997,
       40.00379999999985
      ],
      [
       116.35049999999997,
       40.00379999999985
      ],
      [
       116.35049999999997,
       40.00259999999985
      ],
      [
       116.34929999999997,
       40.00259999999985
      ],
      [
       116.34929999999997,
       40.00379999999985
      ]
     ]
    ]
   }
  },
  {
   "type": "Feature",
   "id": "LU-00602",
   "properties": {
    "id": "LU-00602",
    "layer": "LAND_USE",
    "land_use_code": "0701",
    "land_use_name_zh": "城镇住宅用地",
    "source_type": "agent_generated_design",
    "confidence": "medium",
    "geometry_role": "design_proposal",
    "area_sqm": 13653.8
   },
   "geometry": {
    "type": "Polygon",
    "coordinates": [
     [
      [
       116.34929999999997,
       40.004999999999846
      ],
      [
       116.35049999999997,
       40.004999999999846
      ],
      [
       116.35049999999997,
       40.00379999999985
      ],
      [
       116.34929999999997,
       40.00379999999985
      ],
      [
       116.34929999999997,
       40.004999999999846
      ]
     ]
    ]
   }
  },
  {
   "type": "Feature",
   "id": "LU-00603",
   "properties": {
    "id": "LU-00603",
    "layer": "LAND_USE",
    "land_use_code": "0801",
    "land_use_name_zh": "机关团体用地",
    "source_type": "agent_generated_design",
    "confidence": "medium",
    "geometry_role": "design_proposal",
    "area_sqm": 13653.5
   },
   "geometry": {
    "type": "Polygon",
    "coordinates": [
     [
      [
       116.34929999999997,
       40.00619999999984
      ],
      [
       116.35049999999997,
       40.00619999999984
      ],
      [
       116.35049999999997,
       40.004999999999846
      ],
      [
       116.34929999999997,
       40.004999999999846
      ],
      [
       116.34929999999997,
       40.00619999999984
      ]
     ]
    ]
   }
  },
  {
   "type": "Feature",
   "id": "LU-00604",
   "properties": {
    "id": "LU-00604",
    "layer": "LAND_USE",
    "land_use_code": "0701",
    "land_use_name_zh": "城镇住宅用地",
    "source_type": "agent_generated_design",
    "confidence": "medium",
    "geometry_role": "design_proposal",
    "area_sqm": 13653.3
   },
   "geometry": {
    "type": "Polygon",
    "coordinates": [
     [
      [
       116.34929999999997,
       40.00739999999984
      ],
      [
       116.35049999999997,
       40.00739999999984
      ],
      [
       116.35049999999997,
       40.00619999999984
      ],
      [
       116.34929999999997,
       40.00619999999984
      ],
      [
       116.34929999999997,
       40.00739999999984
      ]
     ]
    ]
   }
  },
  {
   "type": "Feature",
   "id": "LU-00605",
   "properties": {
    "id": "LU-00605",
    "layer": "LAND_USE",
    "land_use_code": "1001",
    "land_use_name_zh": "工业用地 / AI 自主创新产业",
    "source_type": "agent_generated_design",
    "confidence": "medium",
    "geometry_role": "design_proposal",
    "area_sqm": 13653.1
   },
   "geometry": {
    "type": "Polygon",
    "coordinates": [
     [
      [
       116.34929999999997,
       40.00859999999984
      ],
      [
       116.35049999999997,
       40.00859999999984
      ],
      [
       116.35049999999997,
       40.00739999999984
      ],
      [
       116.34929999999997,
       40.00739999999984
      ],
      [
       116.34929999999997,
       40.00859999999984
      ]
     ]
    ]
   }
  },
  {
   "type": "Feature",
   "id": "LU-00606",
   "properties": {
    "id": "LU-00606",
    "layer": "LAND_USE",
    "land_use_code": "1001",
    "land_use_name_zh": "工业用地 / AI 自主创新产业",
    "source_type": "agent_generated_design",
    "confidence": "medium",
    "geometry_role": "design_proposal",
    "area_sqm": 13652.8
   },
   "geometry": {
    "type": "Polygon",
    "coordinates": [
     [
      [
       116.34929999999997,
       40.009799999999835
      ],
      [
       116.35049999999997,
       40.009799999999835
      ],
      [
       116.35049999999997,
       40.00859999999984
      ],
      [
       116.34929999999997,
       40.00859999999984
      ],
      [
       116.34929999999997,
       40.009799999999835
      ]
     ]
    ]
   }
  },
  {
   "type": "Feature",
   "id": "LU-00607",
   "properties": {
    "id": "LU-00607",
    "layer": "LAND_USE",
    "land_use_code": "1001",
    "land_use_name_zh": "工业用地 / AI 自主创新产业",
    "source_type": "agent_generated_design",
    "confidence": "medium",
    "geometry_role": "design_proposal",
    "area_sqm": 13652.6
   },
   "geometry": {
    "type": "Polygon",
    "coordinates": [
     [
      [
       116.34929999999997,
       40.01099999999983
      ],
      [
       116.35049999999997,
       40.01099999999983
      ],
      [
       116.35049999999997,
       40.009799999999835
      ],
      [
       116.34929999999997,
       40.009799999999835
      ],
      [
       116.34929999999997,
       40.01099999999983
      ]
     ]
    ]
   }
  },
  {
   "type": "Feature",
   "id": "LU-00608",
   "properties": {
    "id": "LU-00608",
    "layer": "LAND_USE",
    "land_use_code": "1001",
    "land_use_name_zh": "工业用地 / AI 自主创新产业",
    "source_type": "agent_generated_design",
    "confidence": "medium",
    "geometry_role": "design_proposal",
    "area_sqm": 13652.4
   },
   "geometry": {
    "type": "Polygon",
    "coordinates": [
     [
      [
       116.34929999999997,
       40.01219999999983
      ],
      [
       116.35049999999997,
       40.01219999999983
      ],
      [
       116.35049999999997,
       40.01099999999983
      ],
      [
       116.34929999999997,
       40.01099999999983
      ],
      [
       116.34929999999997,
       40.01219999999983
      ]
     ]
    ]
   }
  },
  {
   "type": "Feature",
   "id": "LU-00609",
   "properties": {
    "id": "LU-00609",
    "layer": "LAND_USE",
    "land_use_code": "1001",
    "land_use_name_zh": "工业用地 / AI 自主创新产业",
    "source_type": "agent_generated_design",
    "confidence": "medium",
    "geometry_role": "design_proposal",
    "area_sqm": 13652.1
   },
   "geometry": {
    "type": "Polygon",
    "coordinates": [
     [
      [
       116.34929999999997,
       40.01339999999983
      ],
      [
       116.35049999999997,
       40.01339999999983
      ],
      [
       116.35049999999997,
       40.01219999999983
      ],
      [
       116.34929999999997,
       40.01219999999983
      ],
      [
       116.34929999999997,
       40.01339999999983
      ]
     ]
    ]
   }
  },
  {
   "type": "Feature",
   "id": "LU-00610",
   "properties": {
    "id": "LU-00610",
    "layer": "LAND_USE",
    "land_use_code": "1001",
    "land_use_name_zh": "工业用地 / AI 自主创新产业",
    "source_type": "agent_generated_design",
    "confidence": "medium",
    "geometry_role": "design_proposal",
    "area_sqm": 13651.9
   },
   "geometry": {
    "type": "Polygon",
    "coordinates": [
     [
      [
       116.34929999999997,
       40.014599999999824
      ],
      [
       116.35049999999997,
       40.014599999999824
      ],
      [
       116.35049999999997,
       40.01339999999983
      ],
      [
       116.34929999999997,
       40.01339999999983
      ],
      [
       116.34929999999997,
       40.014599999999824
      ]
     ]
    ]
   }
  },
  {
   "type": "Feature",
   "id": "LU-00611",
   "properties": {
    "id": "LU-00611",
    "layer": "LAND_USE",
    "land_use_code": "1001",
    "land_use_name_zh": "工业用地 / AI 自主创新产业",
    "source_type": "agent_generated_design",
    "confidence": "medium",
    "geometry_role": "design_proposal",
    "area_sqm": 13651.7
   },
   "geometry": {
    "type": "Polygon",
    "coordinates": [
     [
      [
       116.34929999999997,
       40.01579999999982
      ],
      [
       116.35049999999997,
       40.01579999999982
      ],
      [
       116.35049999999997,
       40.014599999999824
      ],
      [
       116.34929999999997,
       40.014599999999824
      ],
      [
       116.34929999999997,
       40.01579999999982
      ]
     ]
    ]
   }
  },
  {
   "type": "Feature",
   "id": "LU-00612",
   "properties": {
    "id": "LU-00612",
    "layer": "LAND_USE",
    "land_use_code": "1001",
    "land_use_name_zh": "工业用地 / AI 自主创新产业",
    "source_type": "agent_generated_design",
    "confidence": "medium",
    "geometry_role": "design_proposal",
    "area_sqm": 13651.4
   },
   "geometry": {
    "type": "Polygon",
    "coordinates": [
     [
      [
       116.34929999999997,
       40.01699999999982
      ],
      [
       116.35049999999997,
       40.01699999999982
      ],
      [
       116.35049999999997,
       40.01579999999982
      ],
      [
       116.34929999999997,
       40.01579999999982
      ],
      [
       116.34929999999997,
       40.01699999999982
      ]
     ]
    ]
   }
  },
  {
   "type": "Feature",
   "id": "LU-00613",
   "properties": {
    "id": "LU-00613",
    "layer": "LAND_USE",
    "land_use_code": "1001",
    "land_use_name_zh": "工业用地 / AI 自主创新产业",
    "source_type": "agent_generated_design",
    "confidence": "medium",
    "geometry_role": "design_proposal",
    "area_sqm": 13651.2
   },
   "geometry": {
    "type": "Polygon",
    "coordinates": [
     [
      [
       116.34929999999997,
       40.018199999999815
      ],
      [
       116.35049999999997,
       40.018199999999815
      ],
      [
       116.35049999999997,
       40.01699999999982
      ],
      [
       116.34929999999997,
       40.01699999999982
      ],
      [
       116.34929999999997,
       40.018199999999815
      ]
     ]
    ]
   }
  },
  {
   "type": "Feature",
   "id": "LU-00614",
   "properties": {
    "id": "LU-00614",
    "layer": "LAND_USE",
    "land_use_code": "1001",
    "land_use_name_zh": "工业用地 / AI 自主创新产业",
    "source_type": "agent_generated_design",
    "confidence": "medium",
    "geometry_role": "design_proposal",
    "area_sqm": 13650.9
   },
   "geometry": {
    "type": "Polygon",
    "coordinates": [
     [
      [
       116.34929999999997,
       40.01939999999981
      ],
      [
       116.35049999999997,
       40.01939999999981
      ],
      [
       116.35049999999997,
       40.018199999999815
      ],
      [
       116.34929999999997,
       40.018199999999815
      ],
      [
       116.34929999999997,
       40.01939999999981
      ]
     ]
    ]
   }
  },
  {
   "type": "Feature",
   "id": "LU-00615",
   "properties": {
    "id": "LU-00615",
    "layer": "LAND_USE",
    "land_use_code": "1001",
    "land_use_name_zh": "工业用地 / AI 自主创新产业",
    "source_type": "agent_generated_design",
    "confidence": "medium",
    "geometry_role": "design_proposal",
    "area_sqm": 13650.7
   },
   "geometry": {
    "type": "Polygon",
    "coordinates": [
     [
      [
       116.34929999999997,
       40.02059999999981
      ],
      [
       116.35049999999997,
       40.02059999999981
      ],
      [
       116.35049999999997,
       40.01939999999981
      ],
      [
       116.34929999999997,
       40.01939999999981
      ],
      [
       116.34929999999997,
       40.02059999999981
      ]
     ]
    ]
   }
  },
  {
   "type": "Feature",
   "id": "LU-00616",
   "properties": {
    "id": "LU-00616",
    "layer": "LAND_USE",
    "land_use_code": "1001",
    "land_use_name_zh": "工业用地 / AI 自主创新产业",
    "source_type": "agent_generated_design",
    "confidence": "medium",
    "geometry_role": "design_proposal",
    "area_sqm": 13650.5
   },
   "geometry": {
    "type": "Polygon",
    "coordinates": [
     [
      [
       116.34929999999997,
       40.02179999999981
      ],
      [
       116.35049999999997,
       40.02179999999981
      ],
      [
       116.35049999999997,
       40.02059999999981
      ],
      [
       116.34929999999997,
       40.02059999999981
      ],
      [
       116.34929999999997,
       40.02179999999981
      ]
     ]
    ]
   }
  },
  {
   "type": "Feature",
   "id": "LU-00617",
   "properties": {
    "id": "LU-00617",
    "layer": "LAND_USE",
    "land_use_code": "1001",
    "land_use_name_zh": "工业用地 / AI 自主创新产业",
    "source_type": "agent_generated_design",
    "confidence": "medium",
    "geometry_role": "design_proposal",
    "area_sqm": 13650.2
   },
   "geometry": {
    "type": "Polygon",
    "coordinates": [
     [
      [
       116.34929999999997,
       40.022999999999804
      ],
      [
       116.35049999999997,
       40.022999999999804
      ],
      [
       116.35049999999997,
       40.02179999999981
      ],
      [
       116.34929999999997,
       40.02179999999981
      ],
      [
       116.34929999999997,
       40.022999999999804
      ]
     ]
    ]
   }
  },
  {
   "type": "Feature",
   "id": "LU-00618",
   "properties": {
    "id": "LU-00618",
    "layer": "LAND_USE",
    "land_use_code": "1001",
    "land_use_name_zh": "工业用地 / AI 自主创新产业",
    "source_type": "agent_generated_design",
    "confidence": "medium",
    "geometry_role": "design_proposal",
    "area_sqm": 13650.0
   },
   "geometry": {
    "type": "Polygon",
    "coordinates": [
     [
      [
       116.34929999999997,
       40.0241999999998
      ],
      [
       116.35049999999997,
       40.0241999999998
      ],
      [
       116.35049999999997,
       40.022999999999804
      ],
      [
       116.34929999999997,
       40.022999999999804
      ],
      [
       116.34929999999997,
       40.0241999999998
      ]
     ]
    ]
   }
  },
  {
   "type": "Feature",
   "id": "LU-00619",
   "properties": {
    "id": "LU-00619",
    "layer": "LAND_USE",
    "land_use_code": "1001",
    "land_use_name_zh": "工业用地 / AI 自主创新产业",
    "source_type": "agent_generated_design",
    "confidence": "medium",
    "geometry_role": "design_proposal",
    "area_sqm": 13649.8
   },
   "geometry": {
    "type": "Polygon",
    "coordinates": [
     [
      [
       116.34929999999997,
       40.0253999999998
      ],
      [
       116.35049999999997,
       40.0253999999998
      ],
      [
       116.35049999999997,
       40.0241999999998
      ],
      [
       116.34929999999997,
       40.0241999999998
      ],
      [
       116.34929999999997,
       40.0253999999998
      ]
     ]
    ]
   }
  },
  {
   "type": "Feature",
   "id": "LU-00620",
   "properties": {
    "id": "LU-00620",
    "layer": "LAND_USE",
    "land_use_code": "1001",
    "land_use_name_zh": "工业用地 / AI 自主创新产业",
    "source_type": "agent_generated_design",
    "confidence": "medium",
    "geometry_role": "design_proposal",
    "area_sqm": 12512.1
   },
   "geometry": {
    "type": "Polygon",
    "coordinates": [
     [
      [
       116.35049999999997,
       40.0253999999998
      ],
      [
       116.34929999999997,
       40.0253999999998
      ],
      [
       116.34929999999997,
       40.0265
      ],
      [
       116.35049999999997,
       40.0265
      ],
      [
       116.35049999999997,
       40.0253999999998
      ]
     ]
    ]
   }
  },
  {
   "type": "Feature",
   "id": "LU-00621",
   "properties": {
    "id": "LU-00621",
    "layer": "LAND_USE",
    "land_use_code": "1207",
    "land_use_name_zh": "城镇道路用地",
    "source_type": "agent_generated_design",
    "confidence": "medium",
    "geometry_role": "design_proposal",
    "area_sqm": 13666.5
   },
   "geometry": {
    "type": "Polygon",
    "coordinates": [
     [
      [
       116.35049999999997,
       39.939
      ],
      [
       116.35049999999997,
       39.9402
      ],
      [
       116.35169999999997,
       39.9402
      ],
      [
       116.35169999999997,
       39.939
      ],
      [
       116.35049999999997,
       39.939
      ]
     ]
    ]
   }
  },
  {
   "type": "Feature",
   "id": "LU-00622",
   "properties": {
    "id": "LU-00622",
    "layer": "LAND_USE",
    "land_use_code": "0901",
    "land_use_name_zh": "商业用地",
    "source_type": "agent_generated_design",
    "confidence": "medium",
    "geometry_role": "design_proposal",
    "area_sqm": 13666.3
   },
   "geometry": {
    "type": "Polygon",
    "coordinates": [
     [
      [
       116.35049999999997,
       39.941399999999994
      ],
      [
       116.35169999999997,
       39.941399999999994
      ],
      [
       116.35169999999997,
       39.9402
      ],
      [
       116.35049999999997,
       39.9402
      ],
      [
       116.35049999999997,
       39.941399999999994
      ]
     ]
    ]
   }
  },
  {
   "type": "Feature",
   "id": "LU-00623",
   "properties": {
    "id": "LU-00623",
    "layer": "LAND_USE",
    "land_use_code": "0701",
    "land_use_name_zh": "城镇住宅用地",
    "source_type": "agent_generated_design",
    "confidence": "medium",
    "geometry_role": "design_proposal",
    "area_sqm": 13666.1
   },
   "geometry": {
    "type": "Polygon",
    "coordinates": [
     [
      [
       116.35049999999997,
       39.94259999999999
      ],
      [
       116.35169999999997,
       39.94259999999999
      ],
      [
       116.35169999999997,
       39.941399999999994
      ],
      [
       116.35049999999997,
       39.941399999999994
      ],
      [
       116.35049999999997,
       39.94259999999999
      ]
     ]
    ]
   }
  },
  {
   "type": "Feature",
   "id": "LU-00624",
   "properties": {
    "id": "LU-00624",
    "layer": "LAND_USE",
    "land_use_code": "1207",
    "land_use_name_zh": "城镇道路用地",
    "source_type": "agent_generated_design",
    "confidence": "medium",
    "geometry_role": "design_proposal",
    "area_sqm": 13665.8
   },
   "geometry": {
    "type": "Polygon",
    "coordinates": [
     [
      [
       116.35049999999997,
       39.94379999999999
      ],
      [
       116.35169999999997,
       39.94379999999999
      ],
      [
       116.35169999999997,
       39.94259999999999
      ],
      [
       116.35049999999997,
       39.94259999999999
      ],
      [
       116.35049999999997,
       39.94379999999999
      ]
     ]
    ]
   }
  },
  {
   "type": "Feature",
   "id": "LU-00625",
   "properties": {
    "id": "LU-00625",
    "layer": "LAND_USE",
    "land_use_code": "0902",
    "land_use_name_zh": "商务金融用地 / AI 总部",
    "source_type": "agent_generated_design",
    "confidence": "medium",
    "geometry_role": "design_proposal",
    "area_sqm": 13665.6
   },
   "geometry": {
    "type": "Polygon",
    "coordinates": [
     [
      [
       116.35049999999997,
       39.944999999999986
      ],
      [
       116.35169999999997,
       39.944999999999986
      ],
      [
       116.35169999999997,
       39.94379999999999
      ],
      [
       116.35049999999997,
       39.94379999999999
      ],
      [
       116.35049999999997,
       39.944999999999986
      ]
     ]
    ]
   }
  },
  {
   "type": "Feature",
   "id": "LU-00626",
   "properties": {
    "id": "LU-00626",
    "layer": "LAND_USE",
    "land_use_code": "0902",
    "land_use_name_zh": "商务金融用地 / AI 总部",
    "source_type": "agent_generated_design",
    "confidence": "medium",
    "geometry_role": "design_proposal",
    "area_sqm": 13665.3
   },
   "geometry": {
    "type": "Polygon",
    "coordinates": [
     [
      [
       116.35049999999997,
       39.94619999999998
      ],
      [
       116.35169999999997,
       39.94619999999998
      ],
      [
       116.35169999999997,
       39.944999999999986
      ],
      [
       116.35049999999997,
       39.944999999999986
      ],
      [
       116.35049999999997,
       39.94619999999998
      ]
     ]
    ]
   }
  },
  {
   "type": "Feature",
   "id": "LU-00627",
   "properties": {
    "id": "LU-00627",
    "layer": "LAND_USE",
    "land_use_code": "0902",
    "land_use_name_zh": "商务金融用地 / AI 总部",
    "source_type": "agent_generated_design",
    "confidence": "medium",
    "geometry_role": "design_proposal",
    "area_sqm": 13665.1
   },
   "geometry": {
    "type": "Polygon",
    "coordinates": [
     [
      [
       116.35049999999997,
       39.94739999999998
      ],
      [
       116.35169999999997,
       39.94739999999998
      ],
      [
       116.35169999999997,
       39.94619999999998
      ],
      [
       116.35049999999997,
       39.94619999999998
      ],
      [
       116.35049999999997,
       39.94739999999998
      ]
     ]
    ]
   }
  },
  {
   "type": "Feature",
   "id": "LU-00628",
   "properties": {
    "id": "LU-00628",
    "layer": "LAND_USE",
    "land_use_code": "0902",
    "land_use_name_zh": "商务金融用地 / AI 总部",
    "source_type": "agent_generated_design",
    "confidence": "medium",
    "geometry_role": "design_proposal",
    "area_sqm": 13664.9
   },
   "geometry": {
    "type": "Polygon",
    "coordinates": [
     [
      [
       116.35049999999997,
       39.94859999999998
      ],
      [
       116.35169999999997,
       39.94859999999998
      ],
      [
       116.35169999999997,
       39.94739999999998
      ],
      [
       116.35049999999997,
       39.94739999999998
      ],
      [
       116.35049999999997,
       39.94859999999998
      ]
     ]
    ]
   }
  },
  {
   "type": "Feature",
   "id": "LU-00629",
   "properties": {
    "id": "LU-00629",
    "layer": "LAND_USE",
    "land_use_code": "0902",
    "land_use_name_zh": "商务金融用地 / AI 总部",
    "source_type": "agent_generated_design",
    "confidence": "medium",
    "geometry_role": "design_proposal",
    "area_sqm": 13664.6
   },
   "geometry": {
    "type": "Polygon",
    "coordinates": [
     [
      [
       116.35049999999997,
       39.949799999999975
      ],
      [
       116.35169999999997,
       39.949799999999975
      ],
      [
       116.35169999999997,
       39.94859999999998
      ],
      [
       116.35049999999997,
       39.94859999999998
      ],
      [
       116.35049999999997,
       39.949799999999975
      ]
     ]
    ]
   }
  },
  {
   "type": "Feature",
   "id": "LU-00630",
   "properties": {
    "id": "LU-00630",
    "layer": "LAND_USE",
    "land_use_code": "0701",
    "land_use_name_zh": "城镇住宅用地",
    "source_type": "agent_generated_design",
    "confidence": "medium",
    "geometry_role": "design_proposal",
    "area_sqm": 13664.4
   },
   "geometry": {
    "type": "Polygon",
    "coordinates": [
     [
      [
       116.35049999999997,
       39.95099999999997
      ],
      [
       116.35169999999997,
       39.95099999999997
      ],
      [
       116.35169999999997,
       39.949799999999975
      ],
      [
       116.35049999999997,
       39.949799999999975
      ],
      [
       116.35049999999997,
       39.95099999999997
      ]
     ]
    ]
   }
  },
  {
   "type": "Feature",
   "id": "LU-00631",
   "properties": {
    "id": "LU-00631",
    "layer": "LAND_USE",
    "land_use_code": "1207",
    "land_use_name_zh": "城镇道路用地",
    "source_type": "agent_generated_design",
    "confidence": "medium",
    "geometry_role": "design_proposal",
    "area_sqm": 13664.2
   },
   "geometry": {
    "type": "Polygon",
    "coordinates": [
     [
      [
       116.35049999999997,
       39.95219999999997
      ],
      [
       116.35169999999997,
       39.95219999999997
      ],
      [
       116.35169999999997,
       39.95099999999997
      ],
      [
       116.35049999999997,
       39.95099999999997
      ],
      [
       116.35049999999997,
       39.95219999999997
      ]
     ]
    ]
   }
  },
  {
   "type": "Feature",
   "id": "LU-00632",
   "properties": {
    "id": "LU-00632",
    "layer": "LAND_USE",
    "land_use_code": "0901",
    "land_use_name_zh": "商业用地",
    "source_type": "agent_generated_design",
    "confidence": "medium",
    "geometry_role": "design_proposal",
    "area_sqm": 13663.9
   },
   "geometry": {
    "type": "Polygon",
    "coordinates": [
     [
      [
       116.35049999999997,
       39.95339999999997
      ],
      [
       116.35169999999997,
       39.95339999999997
      ],
      [
       116.35169999999997,
       39.95219999999997
      ],
      [
       116.35049999999997,
       39.95219999999997
      ],
      [
       116.35049999999997,
       39.95339999999997
      ]
     ]
    ]
   }
  },
  {
   "type": "Feature",
   "id": "LU-00633",
   "properties": {
    "id": "LU-00633",
    "layer": "LAND_USE",
    "land_use_code": "0801",
    "land_use_name_zh": "机关团体用地",
    "source_type": "agent_generated_design",
    "confidence": "medium",
    "geometry_role": "design_proposal",
    "area_sqm": 13663.7
   },
   "geometry": {
    "type": "Polygon",
    "coordinates": [
     [
      [
       116.35049999999997,
       39.954599999999964
      ],
      [
       116.35169999999997,
       39.954599999999964
      ],
      [
       116.35169999999997,
       39.95339999999997
      ],
      [
       116.35049999999997,
       39.95339999999997
      ],
      [
       116.35049999999997,
       39.954599999999964
      ]
     ]
    ]
   }
  },
  {
   "type": "Feature",
   "id": "LU-00634",
   "properties": {
    "id": "LU-00634",
    "layer": "LAND_USE",
    "land_use_code": "1207",
    "land_use_name_zh": "城镇道路用地",
    "source_type": "agent_generated_design",
    "confidence": "medium",
    "geometry_role": "design_proposal",
    "area_sqm": 13663.5
   },
   "geometry": {
    "type": "Polygon",
    "coordinates": [
     [
      [
       116.35049999999997,
       39.95579999999996
      ],
      [
       116.35169999999997,
       39.95579999999996
      ],
      [
       116.35169999999997,
       39.954599999999964
      ],
      [
       116.35049999999997,
       39.954599999999964
      ],
      [
       116.35049999999997,
       39.95579999999996
      ]
     ]
    ]
   }
  },
  {
   "type": "Feature",
   "id": "LU-00635",
   "properties": {
    "id": "LU-00635",
    "layer": "LAND_USE",
    "land_use_code": "0701",
    "land_use_name_zh": "城镇住宅用地",
    "source_type": "agent_generated_design",
    "confidence": "medium",
    "geometry_role": "design_proposal",
    "area_sqm": 13663.2
   },
   "geometry": {
    "type": "Polygon",
    "coordinates": [
     [
      [
       116.35049999999997,
       39.95699999999996
      ],
      [
       116.35169999999997,
       39.95699999999996
      ],
      [
       116.35169999999997,
       39.95579999999996
      ],
      [
       116.35049999999997,
       39.95579999999996
      ],
      [
       116.35049999999997,
       39.95699999999996
      ]
     ]
    ]
   }
  },
  {
   "type": "Feature",
   "id": "LU-00636",
   "properties": {
    "id": "LU-00636",
    "layer": "LAND_USE",
    "land_use_code": "1403",
    "land_use_name_zh": "广场用地 / 公共空间",
    "source_type": "agent_generated_design",
    "confidence": "medium",
    "geometry_role": "design_proposal",
    "area_sqm": 13663.0
   },
   "geometry": {
    "type": "Polygon",
    "coordinates": [
     [
      [
       116.35049999999997,
       39.958199999999955
      ],
      [
       116.35169999999997,
       39.958199999999955
      ],
      [
       116.35169999999997,
       39.95699999999996
      ],
      [
       116.35049999999997,
       39.95699999999996
      ],
      [
       116.35049999999997,
       39.958199999999955
      ]
     ]
    ]
   }
  },
  {
   "type": "Feature",
   "id": "LU-00637",
   "properties": {
    "id": "LU-00637",
    "layer": "LAND_USE",
    "land_use_code": "0901",
    "land_use_name_zh": "商业用地",
    "source_type": "agent_generated_design",
    "confidence": "medium",
    "geometry_role": "design_proposal",
    "area_sqm": 13662.8
   },
   "geometry": {
    "type": "Polygon",
    "coordinates": [
     [
      [
       116.35049999999997,
       39.95939999999995
      ],
      [
       116.35169999999997,
       39.95939999999995
      ],
      [
       116.35169999999997,
       39.958199999999955
      ],
      [
       116.35049999999997,
       39.958199999999955
      ],
      [
       116.35049999999997,
       39.95939999999995
      ]
     ]
    ]
   }
  },
  {
   "type": "Feature",
   "id": "LU-00638",
   "properties": {
    "id": "LU-00638",
    "layer": "LAND_USE",
    "land_use_code": "0701",
    "land_use_name_zh": "城镇住宅用地",
    "source_type": "agent_generated_design",
    "confidence": "medium",
    "geometry_role": "design_proposal",
    "area_sqm": 13662.5
   },
   "geometry": {
    "type": "Polygon",
    "coordinates": [
     [
      [
       116.35049999999997,
       39.96059999999995
      ],
      [
       116.35169999999997,
       39.96059999999995
      ],
      [
       116.35169999999997,
       39.95939999999995
      ],
      [
       116.35049999999997,
       39.95939999999995
      ],
      [
       116.35049999999997,
       39.96059999999995
      ]
     ]
    ]
   }
  },
  {
   "type": "Feature",
   "id": "LU-00639",
   "properties": {
    "id": "LU-00639",
    "layer": "LAND_USE",
    "land_use_code": "1401",
    "land_use_name_zh": "公园绿地 / 京张活力带",
    "source_type": "agent_generated_design",
    "confidence": "medium",
    "geometry_role": "design_proposal",
    "area_sqm": 13662.3
   },
   "geometry": {
    "type": "Polygon",
    "coordinates": [
     [
      [
       116.35049999999997,
       39.96179999999995
      ],
      [
       116.35169999999997,
       39.96179999999995
      ],
      [
       116.35169999999997,
       39.96059999999995
      ],
      [
       116.35049999999997,
       39.96059999999995
      ],
      [
       116.35049999999997,
       39.96179999999995
      ]
     ]
    ]
   }
  },
  {
   "type": "Feature",
   "id": "LU-00640",
   "properties": {
    "id": "LU-00640",
    "layer": "LAND_USE",
    "land_use_code": "1401",
    "land_use_name_zh": "公园绿地 / 京张活力带",
    "source_type": "agent_generated_design",
    "confidence": "medium",
    "geometry_role": "design_proposal",
    "area_sqm": 13662.0
   },
   "geometry": {
    "type": "Polygon",
    "coordinates": [
     [
      [
       116.35049999999997,
       39.962999999999944
      ],
      [
       116.35169999999997,
       39.962999999999944
      ],
      [
       116.35169999999997,
       39.96179999999995
      ],
      [
       116.35049999999997,
       39.96179999999995
      ],
      [
       116.35049999999997,
       39.962999999999944
      ]
     ]
    ]
   }
  },
  {
   "type": "Feature",
   "id": "LU-00641",
   "properties": {
    "id": "LU-00641",
    "layer": "LAND_USE",
    "land_use_code": "1401",
    "land_use_name_zh": "公园绿地 / 京张活力带",
    "source_type": "agent_generated_design",
    "confidence": "medium",
    "geometry_role": "design_proposal",
    "area_sqm": 13661.8
   },
   "geometry": {
    "type": "Polygon",
    "coordinates": [
     [
      [
       116.35049999999997,
       39.96419999999994
      ],
      [
       116.35169999999997,
       39.96419999999994
      ],
      [
       116.35169999999997,
       39.962999999999944
      ],
      [
       116.35049999999997,
       39.962999999999944
      ],
      [
       116.35049999999997,
       39.96419999999994
      ]
     ]
    ]
   }
  },
  {
   "type": "Feature",
   "id": "LU-00642",
   "properties": {
    "id": "LU-00642",
    "layer": "LAND_USE",
    "land_use_code": "1401",
    "land_use_name_zh": "公园绿地 / 京张活力带",
    "source_type": "agent_generated_design",
    "confidence": "medium",
    "geometry_role": "design_proposal",
    "area_sqm": 13661.6
   },
   "geometry": {
    "type": "Polygon",
    "coordinates": [
     [
      [
       116.35049999999997,
       39.96539999999994
      ],
      [
       116.35169999999997,
       39.96539999999994
      ],
      [
       116.35169999999997,
       39.96419999999994
      ],
      [
       116.35049999999997,
       39.96419999999994
      ],
      [
       116.35049999999997,
       39.96539999999994
      ]
     ]
    ]
   }
  },
  {
   "type": "Feature",
   "id": "LU-00643",
   "properties": {
    "id": "LU-00643",
    "layer": "LAND_USE",
    "land_use_code": "1401",
    "land_use_name_zh": "公园绿地 / 京张活力带",
    "source_type": "agent_generated_design",
    "confidence": "medium",
    "geometry_role": "design_proposal",
    "area_sqm": 13661.3
   },
   "geometry": {
    "type": "Polygon",
    "coordinates": [
     [
      [
       116.35049999999997,
       39.966599999999936
      ],
      [
       116.35169999999997,
       39.966599999999936
      ],
      [
       116.35169999999997,
       39.96539999999994
      ],
      [
       116.35049999999997,
       39.96539999999994
      ],
      [
       116.35049999999997,
       39.966599999999936
      ]
     ]
    ]
   }
  },
  {
   "type": "Feature",
   "id": "LU-00644",
   "properties": {
    "id": "LU-00644",
    "layer": "LAND_USE",
    "land_use_code": "1401",
    "land_use_name_zh": "公园绿地 / 京张活力带",
    "source_type": "agent_generated_design",
    "confidence": "medium",
    "geometry_role": "design_proposal",
    "area_sqm": 13661.1
   },
   "geometry": {
    "type": "Polygon",
    "coordinates": [
     [
      [
       116.35049999999997,
       39.96779999999993
      ],
      [
       116.35169999999997,
       39.96779999999993
      ],
      [
       116.35169999999997,
       39.966599999999936
      ],
      [
       116.35049999999997,
       39.966599999999936
      ],
      [
       116.35049999999997,
       39.96779999999993
      ]
     ]
    ]
   }
  },
  {
   "type": "Feature",
   "id": "LU-00645",
   "properties": {
    "id": "LU-00645",
    "layer": "LAND_USE",
    "land_use_code": "1401",
    "land_use_name_zh": "公园绿地 / 京张活力带",
    "source_type": "agent_generated_design",
    "confidence": "medium",
    "geometry_role": "design_proposal",
    "area_sqm": 13660.9
   },
   "geometry": {
    "type": "Polygon",
    "coordinates": [
     [
      [
       116.35049999999997,
       39.96899999999993
      ],
      [
       116.35169999999997,
       39.96899999999993
      ],
      [
       116.35169999999997,
       39.96779999999993
      ],
      [
       116.35049999999997,
       39.96779999999993
      ],
      [
       116.35049999999997,
       39.96899999999993
      ]
     ]
    ]
   }
  },
  {
   "type": "Feature",
   "id": "LU-00646",
   "properties": {
    "id": "LU-00646",
    "layer": "LAND_USE",
    "land_use_code": "1401",
    "land_use_name_zh": "公园绿地 / 京张活力带",
    "source_type": "agent_generated_design",
    "confidence": "medium",
    "geometry_role": "design_proposal",
    "area_sqm": 13660.6
   },
   "geometry": {
    "type": "Polygon",
    "coordinates": [
     [
      [
       116.35049999999997,
       39.97019999999993
      ],
      [
       116.35169999999997,
       39.97019999999993
      ],
      [
       116.35169999999997,
       39.96899999999993
      ],
      [
       116.35049999999997,
       39.96899999999993
      ],
      [
       116.35049999999997,
       39.97019999999993
      ]
     ]
    ]
   }
  },
  {
   "type": "Feature",
   "id": "LU-00647",
   "properties": {
    "id": "LU-00647",
    "layer": "LAND_USE",
    "land_use_code": "1401",
    "land_use_name_zh": "公园绿地 / 京张活力带",
    "source_type": "agent_generated_design",
    "confidence": "medium",
    "geometry_role": "design_proposal",
    "area_sqm": 13660.4
   },
   "geometry": {
    "type": "Polygon",
    "coordinates": [
     [
      [
       116.35049999999997,
       39.971399999999925
      ],
      [
       116.35169999999997,
       39.971399999999925
      ],
      [
       116.35169999999997,
       39.97019999999993
      ],
      [
       116.35049999999997,
       39.97019999999993
      ],
      [
       116.35049999999997,
       39.971399999999925
      ]
     ]
    ]
   }
  },
  {
   "type": "Feature",
   "id": "LU-00648",
   "properties": {
    "id": "LU-00648",
    "layer": "LAND_USE",
    "land_use_code": "1401",
    "land_use_name_zh": "公园绿地 / 京张活力带",
    "source_type": "agent_generated_design",
    "confidence": "medium",
    "geometry_role": "design_proposal",
    "area_sqm": 13660.2
   },
   "geometry": {
    "type": "Polygon",
    "coordinates": [
     [
      [
       116.35049999999997,
       39.97259999999992
      ],
      [
       116.35169999999997,
       39.97259999999992
      ],
      [
       116.35169999999997,
       39.971399999999925
      ],
      [
       116.35049999999997,
       39.971399999999925
      ],
      [
       116.35049999999997,
       39.97259999999992
      ]
     ]
    ]
   }
  },
  {
   "type": "Feature",
   "id": "LU-00649",
   "properties": {
    "id": "LU-00649",
    "layer": "LAND_USE",
    "land_use_code": "1401",
    "land_use_name_zh": "公园绿地 / 京张活力带",
    "source_type": "agent_generated_design",
    "confidence": "medium",
    "geometry_role": "design_proposal",
    "area_sqm": 13659.9
   },
   "geometry": {
    "type": "Polygon",
    "coordinates": [
     [
      [
       116.35049999999997,
       39.97379999999992
      ],
      [
       116.35169999999997,
       39.97379999999992
      ],
      [
       116.35169999999997,
       39.97259999999992
      ],
      [
       116.35049999999997,
       39.97259999999992
      ],
      [
       116.35049999999997,
       39.97379999999992
      ]
     ]
    ]
   }
  },
  {
   "type": "Feature",
   "id": "LU-00650",
   "properties": {
    "id": "LU-00650",
    "layer": "LAND_USE",
    "land_use_code": "0701",
    "land_use_name_zh": "城镇住宅用地",
    "source_type": "agent_generated_design",
    "confidence": "medium",
    "geometry_role": "design_proposal",
    "area_sqm": 13659.7
   },
   "geometry": {
    "type": "Polygon",
    "coordinates": [
     [
      [
       116.35049999999997,
       39.974999999999916
      ],
      [
       116.35169999999997,
       39.974999999999916
      ],
      [
       116.35169999999997,
       39.97379999999992
      ],
      [
       116.35049999999997,
       39.97379999999992
      ],
      [
       116.35049999999997,
       39.974999999999916
      ]
     ]
    ]
   }
  },
  {
   "type": "Feature",
   "id": "LU-00651",
   "properties": {
    "id": "LU-00651",
    "layer": "LAND_USE",
    "land_use_code": "1207",
    "land_use_name_zh": "城镇道路用地",
    "source_type": "agent_generated_design",
    "confidence": "medium",
    "geometry_role": "design_proposal",
    "area_sqm": 13659.4
   },
   "geometry": {
    "type": "Polygon",
    "coordinates": [
     [
      [
       116.35049999999997,
       39.97619999999991
      ],
      [
       116.35169999999997,
       39.97619999999991
      ],
      [
       116.35169999999997,
       39.974999999999916
      ],
      [
       116.35049999999997,
       39.974999999999916
      ],
      [
       116.35049999999997,
       39.97619999999991
      ]
     ]
    ]
   }
  },
  {
   "type": "Feature",
   "id": "LU-00652",
   "properties": {
    "id": "LU-00652",
    "layer": "LAND_USE",
    "land_use_code": "0901",
    "land_use_name_zh": "商业用地",
    "source_type": "agent_generated_design",
    "confidence": "medium",
    "geometry_role": "design_proposal",
    "area_sqm": 13659.2
   },
   "geometry": {
    "type": "Polygon",
    "coordinates": [
     [
      [
       116.35049999999997,
       39.97739999999991
      ],
      [
       116.35169999999997,
       39.97739999999991
      ],
      [
       116.35169999999997,
       39.97619999999991
      ],
      [
       116.35049999999997,
       39.97619999999991
      ],
      [
       116.35049999999997,
       39.97739999999991
      ]
     ]
    ]
   }
  },
  {
   "type": "Feature",
   "id": "LU-00653",
   "properties": {
    "id": "LU-00653",
    "layer": "LAND_USE",
    "land_use_code": "0701",
    "land_use_name_zh": "城镇住宅用地",
    "source_type": "agent_generated_design",
    "confidence": "medium",
    "geometry_role": "design_proposal",
    "area_sqm": 13659.0
   },
   "geometry": {
    "type": "Polygon",
    "coordinates": [
     [
      [
       116.35049999999997,
       39.97859999999991
      ],
      [
       116.35169999999997,
       39.97859999999991
      ],
      [
       116.35169999999997,
       39.97739999999991
      ],
      [
       116.35049999999997,
       39.97739999999991
      ],
      [
       116.35049999999997,
       39.97859999999991
      ]
     ]
    ]
   }
  },
  {
   "type": "Feature",
   "id": "LU-00654",
   "properties": {
    "id": "LU-00654",
    "layer": "LAND_USE",
    "land_use_code": "1207",
    "land_use_name_zh": "城镇道路用地",
    "source_type": "agent_generated_design",
    "confidence": "medium",
    "geometry_role": "design_proposal",
    "area_sqm": 13658.7
   },
   "geometry": {
    "type": "Polygon",
    "coordinates": [
     [
      [
       116.35049999999997,
       39.979799999999905
      ],
      [
       116.35169999999997,
       39.979799999999905
      ],
      [
       116.35169999999997,
       39.97859999999991
      ],
      [
       116.35049999999997,
       39.97859999999991
      ],
      [
       116.35049999999997,
       39.979799999999905
      ]
     ]
    ]
   }
  },
  {
   "type": "Feature",
   "id": "LU-00655",
   "properties": {
    "id": "LU-00655",
    "layer": "LAND_USE",
    "land_use_code": "0701",
    "land_use_name_zh": "城镇住宅用地",
    "source_type": "agent_generated_design",
    "confidence": "medium",
    "geometry_role": "design_proposal",
    "area_sqm": 13658.5
   },
   "geometry": {
    "type": "Polygon",
    "coordinates": [
     [
      [
       116.35049999999997,
       39.9809999999999
      ],
      [
       116.35169999999997,
       39.9809999999999
      ],
      [
       116.35169999999997,
       39.979799999999905
      ],
      [
       116.35049999999997,
       39.979799999999905
      ],
      [
       116.35049999999997,
       39.9809999999999
      ]
     ]
    ]
   }
  },
  {
   "type": "Feature",
   "id": "LU-00656",
   "properties": {
    "id": "LU-00656",
    "layer": "LAND_USE",
    "land_use_code": "0701",
    "land_use_name_zh": "城镇住宅用地",
    "source_type": "agent_generated_design",
    "confidence": "medium",
    "geometry_role": "design_proposal",
    "area_sqm": 13658.3
   },
   "geometry": {
    "type": "Polygon",
    "coordinates": [
     [
      [
       116.35049999999997,
       39.9821999999999
      ],
      [
       116.35169999999997,
       39.9821999999999
      ],
      [
       116.35169999999997,
       39.9809999999999
      ],
      [
       116.35049999999997,
       39.9809999999999
      ],
      [
       116.35049999999997,
       39.9821999999999
      ]
     ]
    ]
   }
  },
  {
   "type": "Feature",
   "id": "LU-00657",
   "properties": {
    "id": "LU-00657",
    "layer": "LAND_USE",
    "land_use_code": "1403",
    "land_use_name_zh": "广场用地 / 公共空间",
    "source_type": "agent_generated_design",
    "confidence": "medium",
    "geometry_role": "design_proposal",
    "area_sqm": 13658.0
   },
   "geometry": {
    "type": "Polygon",
    "coordinates": [
     [
      [
       116.35049999999997,
       39.9833999999999
      ],
      [
       116.35169999999997,
       39.9833999999999
      ],
      [
       116.35169999999997,
       39.9821999999999
      ],
      [
       116.35049999999997,
       39.9821999999999
      ],
      [
       116.35049999999997,
       39.9833999999999
      ]
     ]
    ]
   }
  },
  {
   "type": "Feature",
   "id": "LU-00658",
   "properties": {
    "id": "LU-00658",
    "layer": "LAND_USE",
    "land_use_code": "0701",
    "land_use_name_zh": "城镇住宅用地",
    "source_type": "agent_generated_design",
    "confidence": "medium",
    "geometry_role": "design_proposal",
    "area_sqm": 13657.8
   },
   "geometry": {
    "type": "Polygon",
    "coordinates": [
     [
      [
       116.35049999999997,
       39.984599999999894
      ],
      [
       116.35169999999997,
       39.984599999999894
      ],
      [
       116.35169999999997,
       39.9833999999999
      ],
      [
       116.35049999999997,
       39.9833999999999
      ],
      [
       116.35049999999997,
       39.984599999999894
      ]
     ]
    ]
   }
  },
  {
   "type": "Feature",
   "id": "LU-00659",
   "properties": {
    "id": "LU-00659",
    "layer": "LAND_USE",
    "land_use_code": "0701",
    "land_use_name_zh": "城镇住宅用地",
    "source_type": "agent_generated_design",
    "confidence": "medium",
    "geometry_role": "design_proposal",
    "area_sqm": 13657.6
   },
   "geometry": {
    "type": "Polygon",
    "coordinates": [
     [
      [
       116.35049999999997,
       39.98579999999989
      ],
      [
       116.35169999999997,
       39.98579999999989
      ],
      [
       116.35169999999997,
       39.984599999999894
      ],
      [
       116.35049999999997,
       39.984599999999894
      ],
      [
       116.35049999999997,
       39.98579999999989
      ]
     ]
    ]
   }
  },
  {
   "type": "Feature",
   "id": "LU-00660",
   "properties": {
    "id": "LU-00660",
    "layer": "LAND_USE",
    "land_use_code": "0701",
    "land_use_name_zh": "城镇住宅用地",
    "source_type": "agent_generated_design",
    "confidence": "medium",
    "geometry_role": "design_proposal",
    "area_sqm": 13657.3
   },
   "geometry": {
    "type": "Polygon",
    "coordinates": [
     [
      [
       116.35049999999997,
       39.98699999999989
      ],
      [
       116.35169999999997,
       39.98699999999989
      ],
      [
       116.35169999999997,
       39.98579999999989
      ],
      [
       116.35049999999997,
       39.98579999999989
      ],
      [
       116.35049999999997,
       39.98699999999989
      ]
     ]
    ]
   }
  },
  {
   "type": "Feature",
   "id": "LU-00661",
   "properties": {
    "id": "LU-00661",
    "layer": "LAND_USE",
    "land_use_code": "0702",
    "land_use_name_zh": "城镇社区服务设施用地",
    "source_type": "agent_generated_design",
    "confidence": "medium",
    "geometry_role": "design_proposal",
    "area_sqm": 13657.1
   },
   "geometry": {
    "type": "Polygon",
    "coordinates": [
     [
      [
       116.35049999999997,
       39.988199999999885
      ],
      [
       116.35169999999997,
       39.988199999999885
      ],
      [
       116.35169999999997,
       39.98699999999989
      ],
      [
       116.35049999999997,
       39.98699999999989
      ],
      [
       116.35049999999997,
       39.988199999999885
      ]
     ]
    ]
   }
  },
  {
   "type": "Feature",
   "id": "LU-00662",
   "properties": {
    "id": "LU-00662",
    "layer": "LAND_USE",
    "land_use_code": "0702",
    "land_use_name_zh": "城镇社区服务设施用地",
    "source_type": "agent_generated_design",
    "confidence": "medium",
    "geometry_role": "design_proposal",
    "area_sqm": 13656.8
   },
   "geometry": {
    "type": "Polygon",
    "coordinates": [
     [
      [
       116.35049999999997,
       39.98939999999988
      ],
      [
       116.35169999999997,
       39.98939999999988
      ],
      [
       116.35169999999997,
       39.988199999999885
      ],
      [
       116.35049999999997,
       39.988199999999885
      ],
      [
       116.35049999999997,
       39.98939999999988
      ]
     ]
    ]
   }
  },
  {
   "type": "Feature",
   "id": "LU-00663",
   "properties": {
    "id": "LU-00663",
    "layer": "LAND_USE",
    "land_use_code": "0702",
    "land_use_name_zh": "城镇社区服务设施用地",
    "source_type": "agent_generated_design",
    "confidence": "medium",
    "geometry_role": "design_proposal",
    "area_sqm": 13656.6
   },
   "geometry": {
    "type": "Polygon",
    "coordinates": [
     [
      [
       116.35049999999997,
       39.99059999999988
      ],
      [
       116.35169999999997,
       39.99059999999988
      ],
      [
       116.35169999999997,
       39.98939999999988
      ],
      [
       116.35049999999997,
       39.98939999999988
      ],
      [
       116.35049999999997,
       39.99059999999988
      ]
     ]
    ]
   }
  },
  {
   "type": "Feature",
   "id": "LU-00664",
   "properties": {
    "id": "LU-00664",
    "layer": "LAND_USE",
    "land_use_code": "0804",
    "land_use_name_zh": "教育科研用地",
    "source_type": "agent_generated_design",
    "confidence": "medium",
    "geometry_role": "design_proposal",
    "area_sqm": 13656.4
   },
   "geometry": {
    "type": "Polygon",
    "coordinates": [
     [
      [
       116.35049999999997,
       39.99179999999988
      ],
      [
       116.35169999999997,
       39.99179999999988
      ],
      [
       116.35169999999997,
       39.99059999999988
      ],
      [
       116.35049999999997,
       39.99059999999988
      ],
      [
       116.35049999999997,
       39.99179999999988
      ]
     ]
    ]
   }
  },
  {
   "type": "Feature",
   "id": "LU-00665",
   "properties": {
    "id": "LU-00665",
    "layer": "LAND_USE",
    "land_use_code": "0804",
    "land_use_name_zh": "教育科研用地",
    "source_type": "agent_generated_design",
    "confidence": "medium",
    "geometry_role": "design_proposal",
    "area_sqm": 13656.1
   },
   "geometry": {
    "type": "Polygon",
    "coordinates": [
     [
      [
       116.35049999999997,
       39.992999999999874
      ],
      [
       116.35169999999997,
       39.992999999999874
      ],
      [
       116.35169999999997,
       39.99179999999988
      ],
      [
       116.35049999999997,
       39.99179999999988
      ],
      [
       116.35049999999997,
       39.992999999999874
      ]
     ]
    ]
   }
  },
  {
   "type": "Feature",
   "id": "LU-00666",
   "properties": {
    "id": "LU-00666",
    "layer": "LAND_USE",
    "land_use_code": "0701",
    "land_use_name_zh": "城镇住宅用地",
    "source_type": "agent_generated_design",
    "confidence": "medium",
    "geometry_role": "design_proposal",
    "area_sqm": 13655.9
   },
   "geometry": {
    "type": "Polygon",
    "coordinates": [
     [
      [
       116.35049999999997,
       39.99419999999987
      ],
      [
       116.35169999999997,
       39.99419999999987
      ],
      [
       116.35169999999997,
       39.992999999999874
      ],
      [
       116.35049999999997,
       39.992999999999874
      ],
      [
       116.35049999999997,
       39.99419999999987
      ]
     ]
    ]
   }
  },
  {
   "type": "Feature",
   "id": "LU-00667",
   "properties": {
    "id": "LU-00667",
    "layer": "LAND_USE",
    "land_use_code": "0901",
    "land_use_name_zh": "商业用地",
    "source_type": "agent_generated_design",
    "confidence": "medium",
    "geometry_role": "design_proposal",
    "area_sqm": 13655.7
   },
   "geometry": {
    "type": "Polygon",
    "coordinates": [
     [
      [
       116.35049999999997,
       39.99539999999987
      ],
      [
       116.35169999999997,
       39.99539999999987
      ],
      [
       116.35169999999997,
       39.99419999999987
      ],
      [
       116.35049999999997,
       39.99419999999987
      ],
      [
       116.35049999999997,
       39.99539999999987
      ]
     ]
    ]
   }
  },
  {
   "type": "Feature",
   "id": "LU-00668",
   "properties": {
    "id": "LU-00668",
    "layer": "LAND_USE",
    "land_use_code": "0801",
    "land_use_name_zh": "机关团体用地",
    "source_type": "agent_generated_design",
    "confidence": "medium",
    "geometry_role": "design_proposal",
    "area_sqm": 13655.4
   },
   "geometry": {
    "type": "Polygon",
    "coordinates": [
     [
      [
       116.35049999999997,
       39.996599999999866
      ],
      [
       116.35169999999997,
       39.996599999999866
      ],
      [
       116.35169999999997,
       39.99539999999987
      ],
      [
       116.35049999999997,
       39.99539999999987
      ],
      [
       116.35049999999997,
       39.996599999999866
      ]
     ]
    ]
   }
  },
  {
   "type": "Feature",
   "id": "LU-00669",
   "properties": {
    "id": "LU-00669",
    "layer": "LAND_USE",
    "land_use_code": "0701",
    "land_use_name_zh": "城镇住宅用地",
    "source_type": "agent_generated_design",
    "confidence": "medium",
    "geometry_role": "design_proposal",
    "area_sqm": 13655.2
   },
   "geometry": {
    "type": "Polygon",
    "coordinates": [
     [
      [
       116.35049999999997,
       39.99779999999986
      ],
      [
       116.35169999999997,
       39.99779999999986
      ],
      [
       116.35169999999997,
       39.996599999999866
      ],
      [
       116.35049999999997,
       39.996599999999866
      ],
      [
       116.35049999999997,
       39.99779999999986
      ]
     ]
    ]
   }
  },
  {
   "type": "Feature",
   "id": "LU-00670",
   "properties": {
    "id": "LU-00670",
    "layer": "LAND_USE",
    "land_use_code": "0701",
    "land_use_name_zh": "城镇住宅用地",
    "source_type": "agent_generated_design",
    "confidence": "medium",
    "geometry_role": "design_proposal",
    "area_sqm": 13655.0
   },
   "geometry": {
    "type": "Polygon",
    "coordinates": [
     [
      [
       116.35049999999997,
       39.99899999999986
      ],
      [
       116.35169999999997,
       39.99899999999986
      ],
      [
       116.35169999999997,
       39.99779999999986
      ],
      [
       116.35049999999997,
       39.99779999999986
      ],
      [
       116.35049999999997,
       39.99899999999986
      ]
     ]
    ]
   }
  },
  {
   "type": "Feature",
   "id": "LU-00671",
   "properties": {
    "id": "LU-00671",
    "layer": "LAND_USE",
    "land_use_code": "1207",
    "land_use_name_zh": "城镇道路用地",
    "source_type": "agent_generated_design",
    "confidence": "medium",
    "geometry_role": "design_proposal",
    "area_sqm": 13654.7
   },
   "geometry": {
    "type": "Polygon",
    "coordinates": [
     [
      [
       116.35049999999997,
       40.00019999999986
      ],
      [
       116.35169999999997,
       40.00019999999986
      ],
      [
       116.35169999999997,
       39.99899999999986
      ],
      [
       116.35049999999997,
       39.99899999999986
      ],
      [
       116.35049999999997,
       40.00019999999986
      ]
     ]
    ]
   }
  },
  {
   "type": "Feature",
   "id": "LU-00672",
   "properties": {
    "id": "LU-00672",
    "layer": "LAND_USE",
    "land_use_code": "0901",
    "land_use_name_zh": "商业用地",
    "source_type": "agent_generated_design",
    "confidence": "medium",
    "geometry_role": "design_proposal",
    "area_sqm": 13654.5
   },
   "geometry": {
    "type": "Polygon",
    "coordinates": [
     [
      [
       116.35049999999997,
       40.001399999999855
      ],
      [
       116.35169999999997,
       40.001399999999855
      ],
      [
       116.35169999999997,
       40.00019999999986
      ],
      [
       116.35049999999997,
       40.00019999999986
      ],
      [
       116.35049999999997,
       40.001399999999855
      ]
     ]
    ]
   }
  },
  {
   "type": "Feature",
   "id": "LU-00673",
   "properties": {
    "id": "LU-00673",
    "layer": "LAND_USE",
    "land_use_code": "0701",
    "land_use_name_zh": "城镇住宅用地",
    "source_type": "agent_generated_design",
    "confidence": "medium",
    "geometry_role": "design_proposal",
    "area_sqm": 13654.3
   },
   "geometry": {
    "type": "Polygon",
    "coordinates": [
     [
      [
       116.35049999999997,
       40.00259999999985
      ],
      [
       116.35169999999997,
       40.00259999999985
      ],
      [
       116.35169999999997,
       40.001399999999855
      ],
      [
       116.35049999999997,
       40.001399999999855
      ],
      [
       116.35049999999997,
       40.00259999999985
      ]
     ]
    ]
   }
  },
  {
   "type": "Feature",
   "id": "LU-00674",
   "properties": {
    "id": "LU-00674",
    "layer": "LAND_USE",
    "land_use_code": "1207",
    "land_use_name_zh": "城镇道路用地",
    "source_type": "agent_generated_design",
    "confidence": "medium",
    "geometry_role": "design_proposal",
    "area_sqm": 13654.0
   },
   "geometry": {
    "type": "Polygon",
    "coordinates": [
     [
      [
       116.35049999999997,
       40.00379999999985
      ],
      [
       116.35169999999997,
       40.00379999999985
      ],
      [
       116.35169999999997,
       40.00259999999985
      ],
      [
       116.35049999999997,
       40.00259999999985
      ],
      [
       116.35049999999997,
       40.00379999999985
      ]
     ]
    ]
   }
  },
  {
   "type": "Feature",
   "id": "LU-00675",
   "properties": {
    "id": "LU-00675",
    "layer": "LAND_USE",
    "land_use_code": "0801",
    "land_use_name_zh": "机关团体用地",
    "source_type": "agent_generated_design",
    "confidence": "medium",
    "geometry_role": "design_proposal",
    "area_sqm": 13653.8
   },
   "geometry": {
    "type": "Polygon",
    "coordinates": [
     [
      [
       116.35049999999997,
       40.004999999999846
      ],
      [
       116.35169999999997,
       40.004999999999846
      ],
      [
       116.35169999999997,
       40.00379999999985
      ],
      [
       116.35049999999997,
       40.00379999999985
      ],
      [
       116.35049999999997,
       40.004999999999846
      ]
     ]
    ]
   }
  },
  {
   "type": "Feature",
   "id": "LU-00676",
   "properties": {
    "id": "LU-00676",
    "layer": "LAND_USE",
    "land_use_code": "0701",
    "land_use_name_zh": "城镇住宅用地",
    "source_type": "agent_generated_design",
    "confidence": "medium",
    "geometry_role": "design_proposal",
    "area_sqm": 13653.5
   },
   "geometry": {
    "type": "Polygon",
    "coordinates": [
     [
      [
       116.35049999999997,
       40.00619999999984
      ],
      [
       116.35169999999997,
       40.00619999999984
      ],
      [
       116.35169999999997,
       40.004999999999846
      ],
      [
       116.35049999999997,
       40.004999999999846
      ],
      [
       116.35049999999997,
       40.00619999999984
      ]
     ]
    ]
   }
  },
  {
   "type": "Feature",
   "id": "LU-00677",
   "properties": {
    "id": "LU-00677",
    "layer": "LAND_USE",
    "land_use_code": "0901",
    "land_use_name_zh": "商业用地",
    "source_type": "agent_generated_design",
    "confidence": "medium",
    "geometry_role": "design_proposal",
    "area_sqm": 13653.3
   },
   "geometry": {
    "type": "Polygon",
    "coordinates": [
     [
      [
       116.35049999999997,
       40.00739999999984
      ],
      [
       116.35169999999997,
       40.00739999999984
      ],
      [
       116.35169999999997,
       40.00619999999984
      ],
      [
       116.35049999999997,
       40.00619999999984
      ],
      [
       116.35049999999997,
       40.00739999999984
      ]
     ]
    ]
   }
  },
  {
   "type": "Feature",
   "id": "LU-00678",
   "properties": {
    "id": "LU-00678",
    "layer": "LAND_USE",
    "land_use_code": "1001",
    "land_use_name_zh": "工业用地 / AI 自主创新产业",
    "source_type": "agent_generated_design",
    "confidence": "medium",
    "geometry_role": "design_proposal",
    "area_sqm": 13653.1
   },
   "geometry": {
    "type": "Polygon",
    "coordinates": [
     [
      [
       116.35049999999997,
       40.00859999999984
      ],
      [
       116.35169999999997,
       40.00859999999984
      ],
      [
       116.35169999999997,
       40.00739999999984
      ],
      [
       116.35049999999997,
       40.00739999999984
      ],
      [
       116.35049999999997,
       40.00859999999984
      ]
     ]
    ]
   }
  },
  {
   "type": "Feature",
   "id": "LU-00679",
   "properties": {
    "id": "LU-00679",
    "layer": "LAND_USE",
    "land_use_code": "1001",
    "land_use_name_zh": "工业用地 / AI 自主创新产业",
    "source_type": "agent_generated_design",
    "confidence": "medium",
    "geometry_role": "design_proposal",
    "area_sqm": 13652.8
   },
   "geometry": {
    "type": "Polygon",
    "coordinates": [
     [
      [
       116.35049999999997,
       40.009799999999835
      ],
      [
       116.35169999999997,
       40.009799999999835
      ],
      [
       116.35169999999997,
       40.00859999999984
      ],
      [
       116.35049999999997,
       40.00859999999984
      ],
      [
       116.35049999999997,
       40.009799999999835
      ]
     ]
    ]
   }
  },
  {
   "type": "Feature",
   "id": "LU-00680",
   "properties": {
    "id": "LU-00680",
    "layer": "LAND_USE",
    "land_use_code": "1001",
    "land_use_name_zh": "工业用地 / AI 自主创新产业",
    "source_type": "agent_generated_design",
    "confidence": "medium",
    "geometry_role": "design_proposal",
    "area_sqm": 13652.6
   },
   "geometry": {
    "type": "Polygon",
    "coordinates": [
     [
      [
       116.35049999999997,
       40.01099999999983
      ],
      [
       116.35169999999997,
       40.01099999999983
      ],
      [
       116.35169999999997,
       40.009799999999835
      ],
      [
       116.35049999999997,
       40.009799999999835
      ],
      [
       116.35049999999997,
       40.01099999999983
      ]
     ]
    ]
   }
  },
  {
   "type": "Feature",
   "id": "LU-00681",
   "properties": {
    "id": "LU-00681",
    "layer": "LAND_USE",
    "land_use_code": "1001",
    "land_use_name_zh": "工业用地 / AI 自主创新产业",
    "source_type": "agent_generated_design",
    "confidence": "medium",
    "geometry_role": "design_proposal",
    "area_sqm": 13652.4
   },
   "geometry": {
    "type": "Polygon",
    "coordinates": [
     [
      [
       116.35049999999997,
       40.01219999999983
      ],
      [
       116.35169999999997,
       40.01219999999983
      ],
      [
       116.35169999999997,
       40.01099999999983
      ],
      [
       116.35049999999997,
       40.01099999999983
      ],
      [
       116.35049999999997,
       40.01219999999983
      ]
     ]
    ]
   }
  },
  {
   "type": "Feature",
   "id": "LU-00682",
   "properties": {
    "id": "LU-00682",
    "layer": "LAND_USE",
    "land_use_code": "1001",
    "land_use_name_zh": "工业用地 / AI 自主创新产业",
    "source_type": "agent_generated_design",
    "confidence": "medium",
    "geometry_role": "design_proposal",
    "area_sqm": 13652.1
   },
   "geometry": {
    "type": "Polygon",
    "coordinates": [
     [
      [
       116.35049999999997,
       40.01339999999983
      ],
      [
       116.35169999999997,
       40.01339999999983
      ],
      [
       116.35169999999997,
       40.01219999999983
      ],
      [
       116.35049999999997,
       40.01219999999983
      ],
      [
       116.35049999999997,
       40.01339999999983
      ]
     ]
    ]
   }
  },
  {
   "type": "Feature",
   "id": "LU-00683",
   "properties": {
    "id": "LU-00683",
    "layer": "LAND_USE",
    "land_use_code": "1001",
    "land_use_name_zh": "工业用地 / AI 自主创新产业",
    "source_type": "agent_generated_design",
    "confidence": "medium",
    "geometry_role": "design_proposal",
    "area_sqm": 13651.9
   },
   "geometry": {
    "type": "Polygon",
    "coordinates": [
     [
      [
       116.35049999999997,
       40.014599999999824
      ],
      [
       116.35169999999997,
       40.014599999999824
      ],
      [
       116.35169999999997,
       40.01339999999983
      ],
      [
       116.35049999999997,
       40.01339999999983
      ],
      [
       116.35049999999997,
       40.014599999999824
      ]
     ]
    ]
   }
  },
  {
   "type": "Feature",
   "id": "LU-00684",
   "properties": {
    "id": "LU-00684",
    "layer": "LAND_USE",
    "land_use_code": "1001",
    "land_use_name_zh": "工业用地 / AI 自主创新产业",
    "source_type": "agent_generated_design",
    "confidence": "medium",
    "geometry_role": "design_proposal",
    "area_sqm": 13651.7
   },
   "geometry": {
    "type": "Polygon",
    "coordinates": [
     [
      [
       116.35049999999997,
       40.01579999999982
      ],
      [
       116.35169999999997,
       40.01579999999982
      ],
      [
       116.35169999999997,
       40.014599999999824
      ],
      [
       116.35049999999997,
       40.014599999999824
      ],
      [
       116.35049999999997,
       40.01579999999982
      ]
     ]
    ]
   }
  },
  {
   "type": "Feature",
   "id": "LU-00685",
   "properties": {
    "id": "LU-00685",
    "layer": "LAND_USE",
    "land_use_code": "1001",
    "land_use_name_zh": "工业用地 / AI 自主创新产业",
    "source_type": "agent_generated_design",
    "confidence": "medium",
    "geometry_role": "design_proposal",
    "area_sqm": 13651.4
   },
   "geometry": {
    "type": "Polygon",
    "coordinates": [
     [
      [
       116.35049999999997,
       40.01699999999982
      ],
      [
       116.35169999999997,
       40.01699999999982
      ],
      [
       116.35169999999997,
       40.01579999999982
      ],
      [
       116.35049999999997,
       40.01579999999982
      ],
      [
       116.35049999999997,
       40.01699999999982
      ]
     ]
    ]
   }
  },
  {
   "type": "Feature",
   "id": "LU-00686",
   "properties": {
    "id": "LU-00686",
    "layer": "LAND_USE",
    "land_use_code": "1001",
    "land_use_name_zh": "工业用地 / AI 自主创新产业",
    "source_type": "agent_generated_design",
    "confidence": "medium",
    "geometry_role": "design_proposal",
    "area_sqm": 13651.2
   },
   "geometry": {
    "type": "Polygon",
    "coordinates": [
     [
      [
       116.35049999999997,
       40.018199999999815
      ],
      [
       116.35169999999997,
       40.018199999999815
      ],
      [
       116.35169999999997,
       40.01699999999982
      ],
      [
       116.35049999999997,
       40.01699999999982
      ],
      [
       116.35049999999997,
       40.018199999999815
      ]
     ]
    ]
   }
  },
  {
   "type": "Feature",
   "id": "LU-00687",
   "properties": {
    "id": "LU-00687",
    "layer": "LAND_USE",
    "land_use_code": "1001",
    "land_use_name_zh": "工业用地 / AI 自主创新产业",
    "source_type": "agent_generated_design",
    "confidence": "medium",
    "geometry_role": "design_proposal",
    "area_sqm": 13650.9
   },
   "geometry": {
    "type": "Polygon",
    "coordinates": [
     [
      [
       116.35049999999997,
       40.01939999999981
      ],
      [
       116.35169999999997,
       40.01939999999981
      ],
      [
       116.35169999999997,
       40.018199999999815
      ],
      [
       116.35049999999997,
       40.018199999999815
      ],
      [
       116.35049999999997,
       40.01939999999981
      ]
     ]
    ]
   }
  },
  {
   "type": "Feature",
   "id": "LU-00688",
   "properties": {
    "id": "LU-00688",
    "layer": "LAND_USE",
    "land_use_code": "1001",
    "land_use_name_zh": "工业用地 / AI 自主创新产业",
    "source_type": "agent_generated_design",
    "confidence": "medium",
    "geometry_role": "design_proposal",
    "area_sqm": 13650.7
   },
   "geometry": {
    "type": "Polygon",
    "coordinates": [
     [
      [
       116.35049999999997,
       40.02059999999981
      ],
      [
       116.35169999999997,
       40.02059999999981
      ],
      [
       116.35169999999997,
       40.01939999999981
      ],
      [
       116.35049999999997,
       40.01939999999981
      ],
      [
       116.35049999999997,
       40.02059999999981
      ]
     ]
    ]
   }
  },
  {
   "type": "Feature",
   "id": "LU-00689",
   "properties": {
    "id": "LU-00689",
    "layer": "LAND_USE",
    "land_use_code": "1001",
    "land_use_name_zh": "工业用地 / AI 自主创新产业",
    "source_type": "agent_generated_design",
    "confidence": "medium",
    "geometry_role": "design_proposal",
    "area_sqm": 13650.5
   },
   "geometry": {
    "type": "Polygon",
    "coordinates": [
     [
      [
       116.35049999999997,
       40.02179999999981
      ],
      [
       116.35169999999997,
       40.02179999999981
      ],
      [
       116.35169999999997,
       40.02059999999981
      ],
      [
       116.35049999999997,
       40.02059999999981
      ],
      [
       116.35049999999997,
       40.02179999999981
      ]
     ]
    ]
   }
  },
  {
   "type": "Feature",
   "id": "LU-00690",
   "properties": {
    "id": "LU-00690",
    "layer": "LAND_USE",
    "land_use_code": "1001",
    "land_use_name_zh": "工业用地 / AI 自主创新产业",
    "source_type": "agent_generated_design",
    "confidence": "medium",
    "geometry_role": "design_proposal",
    "area_sqm": 13650.2
   },
   "geometry": {
    "type": "Polygon",
    "coordinates": [
     [
      [
       116.35049999999997,
       40.022999999999804
      ],
      [
       116.35169999999997,
       40.022999999999804
      ],
      [
       116.35169999999997,
       40.02179999999981
      ],
      [
       116.35049999999997,
       40.02179999999981
      ],
      [
       116.35049999999997,
       40.022999999999804
      ]
     ]
    ]
   }
  },
  {
   "type": "Feature",
   "id": "LU-00691",
   "properties": {
    "id": "LU-00691",
    "layer": "LAND_USE",
    "land_use_code": "1001",
    "land_use_name_zh": "工业用地 / AI 自主创新产业",
    "source_type": "agent_generated_design",
    "confidence": "medium",
    "geometry_role": "design_proposal",
    "area_sqm": 13650.0
   },
   "geometry": {
    "type": "Polygon",
    "coordinates": [
     [
      [
       116.35049999999997,
       40.0241999999998
      ],
      [
       116.35169999999997,
       40.0241999999998
      ],
      [
       116.35169999999997,
       40.022999999999804
      ],
      [
       116.35049999999997,
       40.022999999999804
      ],
      [
       116.35049999999997,
       40.0241999999998
      ]
     ]
    ]
   }
  },
  {
   "type": "Feature",
   "id": "LU-00692",
   "properties": {
    "id": "LU-00692",
    "layer": "LAND_USE",
    "land_use_code": "1001",
    "land_use_name_zh": "工业用地 / AI 自主创新产业",
    "source_type": "agent_generated_design",
    "confidence": "medium",
    "geometry_role": "design_proposal",
    "area_sqm": 13649.8
   },
   "geometry": {
    "type": "Polygon",
    "coordinates": [
     [
      [
       116.35049999999997,
       40.0253999999998
      ],
      [
       116.35169999999997,
       40.0253999999998
      ],
      [
       116.35169999999997,
       40.0241999999998
      ],
      [
       116.35049999999997,
       40.0241999999998
      ],
      [
       116.35049999999997,
       40.0253999999998
      ]
     ]
    ]
   }
  },
  {
   "type": "Feature",
   "id": "LU-00693",
   "properties": {
    "id": "LU-00693",
    "layer": "LAND_USE",
    "land_use_code": "1001",
    "land_use_name_zh": "工业用地 / AI 自主创新产业",
    "source_type": "agent_generated_design",
    "confidence": "medium",
    "geometry_role": "design_proposal",
    "area_sqm": 12512.1
   },
   "geometry": {
    "type": "Polygon",
    "coordinates": [
     [
      [
       116.35169999999997,
       40.0253999999998
      ],
      [
       116.35049999999997,
       40.0253999999998
      ],
      [
       116.35049999999997,
       40.0265
      ],
      [
       116.35169999999997,
       40.0265
      ],
      [
       116.35169999999997,
       40.0253999999998
      ]
     ]
    ]
   }
  },
  {
   "type": "Feature",
   "id": "LU-00694",
   "properties": {
    "id": "LU-00694",
    "layer": "LAND_USE",
    "land_use_code": "1207",
    "land_use_name_zh": "城镇道路用地",
    "source_type": "agent_generated_design",
    "confidence": "medium",
    "geometry_role": "design_proposal",
    "area_sqm": 13666.5
   },
   "geometry": {
    "type": "Polygon",
    "coordinates": [
     [
      [
       116.35169999999997,
       39.939
      ],
      [
       116.35169999999997,
       39.9402
      ],
      [
       116.35289999999996,
       39.9402
      ],
      [
       116.35289999999996,
       39.939
      ],
      [
       116.35169999999997,
       39.939
      ]
     ]
    ]
   }
  },
  {
   "type": "Feature",
   "id": "LU-00695",
   "properties": {
    "id": "LU-00695",
    "layer": "LAND_USE",
    "land_use_code": "0701",
    "land_use_name_zh": "城镇住宅用地",
    "source_type": "agent_generated_design",
    "confidence": "medium",
    "geometry_role": "design_proposal",
    "area_sqm": 13666.3
   },
   "geometry": {
    "type": "Polygon",
    "coordinates": [
     [
      [
       116.35169999999997,
       39.941399999999994
      ],
      [
       116.35289999999996,
       39.941399999999994
      ],
      [
       116.35289999999996,
       39.9402
      ],
      [
       116.35169999999997,
       39.9402
      ],
      [
       116.35169999999997,
       39.941399999999994
      ]
     ]
    ]
   }
  },
  {
   "type": "Feature",
   "id": "LU-00696",
   "properties": {
    "id": "LU-00696",
    "layer": "LAND_USE",
    "land_use_code": "0701",
    "land_use_name_zh": "城镇住宅用地",
    "source_type": "agent_generated_design",
    "confidence": "medium",
    "geometry_role": "design_proposal",
    "area_sqm": 13666.1
   },
   "geometry": {
    "type": "Polygon",
    "coordinates": [
     [
      [
       116.35169999999997,
       39.94259999999999
      ],
      [
       116.35289999999996,
       39.94259999999999
      ],
      [
       116.35289999999996,
       39.941399999999994
      ],
      [
       116.35169999999997,
       39.941399999999994
      ],
      [
       116.35169999999997,
       39.94259999999999
      ]
     ]
    ]
   }
  },
  {
   "type": "Feature",
   "id": "LU-00697",
   "properties": {
    "id": "LU-00697",
    "layer": "LAND_USE",
    "land_use_code": "1207",
    "land_use_name_zh": "城镇道路用地",
    "source_type": "agent_generated_design",
    "confidence": "medium",
    "geometry_role": "design_proposal",
    "area_sqm": 13665.8
   },
   "geometry": {
    "type": "Polygon",
    "coordinates": [
     [
      [
       116.35169999999997,
       39.94379999999999
      ],
      [
       116.35289999999996,
       39.94379999999999
      ],
      [
       116.35289999999996,
       39.94259999999999
      ],
      [
       116.35169999999997,
       39.94259999999999
      ],
      [
       116.35169999999997,
       39.94379999999999
      ]
     ]
    ]
   }
  },
  {
   "type": "Feature",
   "id": "LU-00698",
   "properties": {
    "id": "LU-00698",
    "layer": "LAND_USE",
    "land_use_code": "0902",
    "land_use_name_zh": "商务金融用地 / AI 总部",
    "source_type": "agent_generated_design",
    "confidence": "medium",
    "geometry_role": "design_proposal",
    "area_sqm": 13665.6
   },
   "geometry": {
    "type": "Polygon",
    "coordinates": [
     [
      [
       116.35169999999997,
       39.944999999999986
      ],
      [
       116.35289999999996,
       39.944999999999986
      ],
      [
       116.35289999999996,
       39.94379999999999
      ],
      [
       116.35169999999997,
       39.94379999999999
      ],
      [
       116.35169999999997,
       39.944999999999986
      ]
     ]
    ]
   }
  },
  {
   "type": "Feature",
   "id": "LU-00699",
   "properties": {
    "id": "LU-00699",
    "layer": "LAND_USE",
    "land_use_code": "0902",
    "land_use_name_zh": "商务金融用地 / AI 总部",
    "source_type": "agent_generated_design",
    "confidence": "medium",
    "geometry_role": "design_proposal",
    "area_sqm": 13665.3
   },
   "geometry": {
    "type": "Polygon",
    "coordinates": [
     [
      [
       116.35169999999997,
       39.94619999999998
      ],
      [
       116.35289999999996,
       39.94619999999998
      ],
      [
       116.35289999999996,
       39.944999999999986
      ],
      [
       116.35169999999997,
       39.944999999999986
      ],
      [
       116.35169999999997,
       39.94619999999998
      ]
     ]
    ]
   }
  },
  {
   "type": "Feature",
   "id": "LU-00700",
   "properties": {
    "id": "LU-00700",
    "layer": "LAND_USE",
    "land_use_code": "0902",
    "land_use_name_zh": "商务金融用地 / AI 总部",
    "source_type": "agent_generated_design",
    "confidence": "medium",
    "geometry_role": "design_proposal",
    "area_sqm": 13665.1
   },
   "geometry": {
    "type": "Polygon",
    "coordinates": [
     [
      [
       116.35169999999997,
       39.94739999999998
      ],
      [
       116.35289999999996,
       39.94739999999998
      ],
      [
       116.35289999999996,
       39.94619999999998
      ],
      [
       116.35169999999997,
       39.94619999999998
      ],
      [
       116.35169999999997,
       39.94739999999998
      ]
     ]
    ]
   }
  },
  {
   "type": "Feature",
   "id": "LU-00701",
   "properties": {
    "id": "LU-00701",
    "layer": "LAND_USE",
    "land_use_code": "0902",
    "land_use_name_zh": "商务金融用地 / AI 总部",
    "source_type": "agent_generated_design",
    "confidence": "medium",
    "geometry_role": "design_proposal",
    "area_sqm": 13664.9
   },
   "geometry": {
    "type": "Polygon",
    "coordinates": [
     [
      [
       116.35169999999997,
       39.94859999999998
      ],
      [
       116.35289999999996,
       39.94859999999998
      ],
      [
       116.35289999999996,
       39.94739999999998
      ],
      [
       116.35169999999997,
       39.94739999999998
      ],
      [
       116.35169999999997,
       39.94859999999998
      ]
     ]
    ]
   }
  },
  {
   "type": "Feature",
   "id": "LU-00702",
   "properties": {
    "id": "LU-00702",
    "layer": "LAND_USE",
    "land_use_code": "0902",
    "land_use_name_zh": "商务金融用地 / AI 总部",
    "source_type": "agent_generated_design",
    "confidence": "medium",
    "geometry_role": "design_proposal",
    "area_sqm": 13664.6
   },
   "geometry": {
    "type": "Polygon",
    "coordinates": [
     [
      [
       116.35169999999997,
       39.949799999999975
      ],
      [
       116.35289999999996,
       39.949799999999975
      ],
      [
       116.35289999999996,
       39.94859999999998
      ],
      [
       116.35169999999997,
       39.94859999999998
      ],
      [
       116.35169999999997,
       39.949799999999975
      ]
     ]
    ]
   }
  },
  {
   "type": "Feature",
   "id": "LU-00703",
   "properties": {
    "id": "LU-00703",
    "layer": "LAND_USE",
    "land_use_code": "0701",
    "land_use_name_zh": "城镇住宅用地",
    "source_type": "agent_generated_design",
    "confidence": "medium",
    "geometry_role": "design_proposal",
    "area_sqm": 13664.4
   },
   "geometry": {
    "type": "Polygon",
    "coordinates": [
     [
      [
       116.35169999999997,
       39.95099999999997
      ],
      [
       116.35289999999996,
       39.95099999999997
      ],
      [
       116.35289999999996,
       39.949799999999975
      ],
      [
       116.35169999999997,
       39.949799999999975
      ],
      [
       116.35169999999997,
       39.95099999999997
      ]
     ]
    ]
   }
  },
  {
   "type": "Feature",
   "id": "LU-00704",
   "properties": {
    "id": "LU-00704",
    "layer": "LAND_USE",
    "land_use_code": "1207",
    "land_use_name_zh": "城镇道路用地",
    "source_type": "agent_generated_design",
    "confidence": "medium",
    "geometry_role": "design_proposal",
    "area_sqm": 13664.2
   },
   "geometry": {
    "type": "Polygon",
    "coordinates": [
     [
      [
       116.35169999999997,
       39.95219999999997
      ],
      [
       116.35289999999996,
       39.95219999999997
      ],
      [
       116.35289999999996,
       39.95099999999997
      ],
      [
       116.35169999999997,
       39.95099999999997
      ],
      [
       116.35169999999997,
       39.95219999999997
      ]
     ]
    ]
   }
  },
  {
   "type": "Feature",
   "id": "LU-00705",
   "properties": {
    "id": "LU-00705",
    "layer": "LAND_USE",
    "land_use_code": "0801",
    "land_use_name_zh": "机关团体用地",
    "source_type": "agent_generated_design",
    "confidence": "medium",
    "geometry_role": "design_proposal",
    "area_sqm": 13663.9
   },
   "geometry": {
    "type": "Polygon",
    "coordinates": [
     [
      [
       116.35169999999997,
       39.95339999999997
      ],
      [
       116.35289999999996,
       39.95339999999997
      ],
      [
       116.35289999999996,
       39.95219999999997
      ],
      [
       116.35169999999997,
       39.95219999999997
      ],
      [
       116.35169999999997,
       39.95339999999997
      ]
     ]
    ]
   }
  },
  {
   "type": "Feature",
   "id": "LU-00706",
   "properties": {
    "id": "LU-00706",
    "layer": "LAND_USE",
    "land_use_code": "0701",
    "land_use_name_zh": "城镇住宅用地",
    "source_type": "agent_generated_design",
    "confidence": "medium",
    "geometry_role": "design_proposal",
    "area_sqm": 13663.7
   },
   "geometry": {
    "type": "Polygon",
    "coordinates": [
     [
      [
       116.35169999999997,
       39.954599999999964
      ],
      [
       116.35289999999996,
       39.954599999999964
      ],
      [
       116.35289999999996,
       39.95339999999997
      ],
      [
       116.35169999999997,
       39.95339999999997
      ],
      [
       116.35169999999997,
       39.954599999999964
      ]
     ]
    ]
   }
  },
  {
   "type": "Feature",
   "id": "LU-00707",
   "properties": {
    "id": "LU-00707",
    "layer": "LAND_USE",
    "land_use_code": "1207",
    "land_use_name_zh": "城镇道路用地",
    "source_type": "agent_generated_design",
    "confidence": "medium",
    "geometry_role": "design_proposal",
    "area_sqm": 13663.5
   },
   "geometry": {
    "type": "Polygon",
    "coordinates": [
     [
      [
       116.35169999999997,
       39.95579999999996
      ],
      [
       116.35289999999996,
       39.95579999999996
      ],
      [
       116.35289999999996,
       39.954599999999964
      ],
      [
       116.35169999999997,
       39.954599999999964
      ],
      [
       116.35169999999997,
       39.95579999999996
      ]
     ]
    ]
   }
  },
  {
   "type": "Feature",
   "id": "LU-00708",
   "properties": {
    "id": "LU-00708",
    "layer": "LAND_USE",
    "land_use_code": "0701",
    "land_use_name_zh": "城镇住宅用地",
    "source_type": "agent_generated_design",
    "confidence": "medium",
    "geometry_role": "design_proposal",
    "area_sqm": 13663.2
   },
   "geometry": {
    "type": "Polygon",
    "coordinates": [
     [
      [
       116.35169999999997,
       39.95699999999996
      ],
      [
       116.35289999999996,
       39.95699999999996
      ],
      [
       116.35289999999996,
       39.95579999999996
      ],
      [
       116.35169999999997,
       39.95579999999996
      ],
      [
       116.35169999999997,
       39.95699999999996
      ]
     ]
    ]
   }
  },
  {
   "type": "Feature",
   "id": "LU-00709",
   "properties": {
    "id": "LU-00709",
    "layer": "LAND_USE",
    "land_use_code": "1403",
    "land_use_name_zh": "广场用地 / 公共空间",
    "source_type": "agent_generated_design",
    "confidence": "medium",
    "geometry_role": "design_proposal",
    "area_sqm": 13663.0
   },
   "geometry": {
    "type": "Polygon",
    "coordinates": [
     [
      [
       116.35169999999997,
       39.958199999999955
      ],
      [
       116.35289999999996,
       39.958199999999955
      ],
      [
       116.35289999999996,
       39.95699999999996
      ],
      [
       116.35169999999997,
       39.95699999999996
      ],
      [
       116.35169999999997,
       39.958199999999955
      ]
     ]
    ]
   }
  },
  {
   "type": "Feature",
   "id": "LU-00710",
   "properties": {
    "id": "LU-00710",
    "layer": "LAND_USE",
    "land_use_code": "0701",
    "land_use_name_zh": "城镇住宅用地",
    "source_type": "agent_generated_design",
    "confidence": "medium",
    "geometry_role": "design_proposal",
    "area_sqm": 13662.7
   },
   "geometry": {
    "type": "Polygon",
    "coordinates": [
     [
      [
       116.35169999999997,
       39.95939999999995
      ],
      [
       116.35289999999996,
       39.95939999999995
      ],
      [
       116.35289999999996,
       39.958199999999955
      ],
      [
       116.35169999999997,
       39.958199999999955
      ],
      [
       116.35169999999997,
       39.95939999999995
      ]
     ]
    ]
   }
  },
  {
   "type": "Feature",
   "id": "LU-00711",
   "properties": {
    "id": "LU-00711",
    "layer": "LAND_USE",
    "land_use_code": "0701",
    "land_use_name_zh": "城镇住宅用地",
    "source_type": "agent_generated_design",
    "confidence": "medium",
    "geometry_role": "design_proposal",
    "area_sqm": 13662.5
   },
   "geometry": {
    "type": "Polygon",
    "coordinates": [
     [
      [
       116.35169999999997,
       39.96059999999995
      ],
      [
       116.35289999999996,
       39.96059999999995
      ],
      [
       116.35289999999996,
       39.95939999999995
      ],
      [
       116.35169999999997,
       39.95939999999995
      ],
      [
       116.35169999999997,
       39.96059999999995
      ]
     ]
    ]
   }
  },
  {
   "type": "Feature",
   "id": "LU-00712",
   "properties": {
    "id": "LU-00712",
    "layer": "LAND_USE",
    "land_use_code": "1401",
    "land_use_name_zh": "公园绿地 / 京张活力带",
    "source_type": "agent_generated_design",
    "confidence": "medium",
    "geometry_role": "design_proposal",
    "area_sqm": 13662.3
   },
   "geometry": {
    "type": "Polygon",
    "coordinates": [
     [
      [
       116.35169999999997,
       39.96179999999995
      ],
      [
       116.35289999999996,
       39.96179999999995
      ],
      [
       116.35289999999996,
       39.96059999999995
      ],
      [
       116.35169999999997,
       39.96059999999995
      ],
      [
       116.35169999999997,
       39.96179999999995
      ]
     ]
    ]
   }
  },
  {
   "type": "Feature",
   "id": "LU-00713",
   "properties": {
    "id": "LU-00713",
    "layer": "LAND_USE",
    "land_use_code": "1401",
    "land_use_name_zh": "公园绿地 / 京张活力带",
    "source_type": "agent_generated_design",
    "confidence": "medium",
    "geometry_role": "design_proposal",
    "area_sqm": 13662.0
   },
   "geometry": {
    "type": "Polygon",
    "coordinates": [
     [
      [
       116.35169999999997,
       39.962999999999944
      ],
      [
       116.35289999999996,
       39.962999999999944
      ],
      [
       116.35289999999996,
       39.96179999999995
      ],
      [
       116.35169999999997,
       39.96179999999995
      ],
      [
       116.35169999999997,
       39.962999999999944
      ]
     ]
    ]
   }
  },
  {
   "type": "Feature",
   "id": "LU-00714",
   "properties": {
    "id": "LU-00714",
    "layer": "LAND_USE",
    "land_use_code": "1401",
    "land_use_name_zh": "公园绿地 / 京张活力带",
    "source_type": "agent_generated_design",
    "confidence": "medium",
    "geometry_role": "design_proposal",
    "area_sqm": 13661.8
   },
   "geometry": {
    "type": "Polygon",
    "coordinates": [
     [
      [
       116.35169999999997,
       39.96419999999994
      ],
      [
       116.35289999999996,
       39.96419999999994
      ],
      [
       116.35289999999996,
       39.962999999999944
      ],
      [
       116.35169999999997,
       39.962999999999944
      ],
      [
       116.35169999999997,
       39.96419999999994
      ]
     ]
    ]
   }
  },
  {
   "type": "Feature",
   "id": "LU-00715",
   "properties": {
    "id": "LU-00715",
    "layer": "LAND_USE",
    "land_use_code": "1401",
    "land_use_name_zh": "公园绿地 / 京张活力带",
    "source_type": "agent_generated_design",
    "confidence": "medium",
    "geometry_role": "design_proposal",
    "area_sqm": 13661.6
   },
   "geometry": {
    "type": "Polygon",
    "coordinates": [
     [
      [
       116.35169999999997,
       39.96539999999994
      ],
      [
       116.35289999999996,
       39.96539999999994
      ],
      [
       116.35289999999996,
       39.96419999999994
      ],
      [
       116.35169999999997,
       39.96419999999994
      ],
      [
       116.35169999999997,
       39.96539999999994
      ]
     ]
    ]
   }
  },
  {
   "type": "Feature",
   "id": "LU-00716",
   "properties": {
    "id": "LU-00716",
    "layer": "LAND_USE",
    "land_use_code": "1401",
    "land_use_name_zh": "公园绿地 / 京张活力带",
    "source_type": "agent_generated_design",
    "confidence": "medium",
    "geometry_role": "design_proposal",
    "area_sqm": 13661.3
   },
   "geometry": {
    "type": "Polygon",
    "coordinates": [
     [
      [
       116.35169999999997,
       39.966599999999936
      ],
      [
       116.35289999999996,
       39.966599999999936
      ],
      [
       116.35289999999996,
       39.96539999999994
      ],
      [
       116.35169999999997,
       39.96539999999994
      ],
      [
       116.35169999999997,
       39.966599999999936
      ]
     ]
    ]
   }
  },
  {
   "type": "Feature",
   "id": "LU-00717",
   "properties": {
    "id": "LU-00717",
    "layer": "LAND_USE",
    "land_use_code": "1401",
    "land_use_name_zh": "公园绿地 / 京张活力带",
    "source_type": "agent_generated_design",
    "confidence": "medium",
    "geometry_role": "design_proposal",
    "area_sqm": 13661.1
   },
   "geometry": {
    "type": "Polygon",
    "coordinates": [
     [
      [
       116.35169999999997,
       39.96779999999993
      ],
      [
       116.35289999999996,
       39.96779999999993
      ],
      [
       116.35289999999996,
       39.966599999999936
      ],
      [
       116.35169999999997,
       39.966599999999936
      ],
      [
       116.35169999999997,
       39.96779999999993
      ]
     ]
    ]
   }
  },
  {
   "type": "Feature",
   "id": "LU-00718",
   "properties": {
    "id": "LU-00718",
    "layer": "LAND_USE",
    "land_use_code": "1401",
    "land_use_name_zh": "公园绿地 / 京张活力带",
    "source_type": "agent_generated_design",
    "confidence": "medium",
    "geometry_role": "design_proposal",
    "area_sqm": 13660.9
   },
   "geometry": {
    "type": "Polygon",
    "coordinates": [
     [
      [
       116.35169999999997,
       39.96899999999993
      ],
      [
       116.35289999999996,
       39.96899999999993
      ],
      [
       116.35289999999996,
       39.96779999999993
      ],
      [
       116.35169999999997,
       39.96779999999993
      ],
      [
       116.35169999999997,
       39.96899999999993
      ]
     ]
    ]
   }
  },
  {
   "type": "Feature",
   "id": "LU-00719",
   "properties": {
    "id": "LU-00719",
    "layer": "LAND_USE",
    "land_use_code": "1401",
    "land_use_name_zh": "公园绿地 / 京张活力带",
    "source_type": "agent_generated_design",
    "confidence": "medium",
    "geometry_role": "design_proposal",
    "area_sqm": 13660.6
   },
   "geometry": {
    "type": "Polygon",
    "coordinates": [
     [
      [
       116.35169999999997,
       39.97019999999993
      ],
      [
       116.35289999999996,
       39.97019999999993
      ],
      [
       116.35289999999996,
       39.96899999999993
      ],
      [
       116.35169999999997,
       39.96899999999993
      ],
      [
       116.35169999999997,
       39.97019999999993
      ]
     ]
    ]
   }
  },
  {
   "type": "Feature",
   "id": "LU-00720",
   "properties": {
    "id": "LU-00720",
    "layer": "LAND_USE",
    "land_use_code": "1401",
    "land_use_name_zh": "公园绿地 / 京张活力带",
    "source_type": "agent_generated_design",
    "confidence": "medium",
    "geometry_role": "design_proposal",
    "area_sqm": 13660.4
   },
   "geometry": {
    "type": "Polygon",
    "coordinates": [
     [
      [
       116.35169999999997,
       39.971399999999925
      ],
      [
       116.35289999999996,
       39.971399999999925
      ],
      [
       116.35289999999996,
       39.97019999999993
      ],
      [
       116.35169999999997,
       39.97019999999993
      ],
      [
       116.35169999999997,
       39.971399999999925
      ]
     ]
    ]
   }
  },
  {
   "type": "Feature",
   "id": "LU-00721",
   "properties": {
    "id": "LU-00721",
    "layer": "LAND_USE",
    "land_use_code": "1401",
    "land_use_name_zh": "公园绿地 / 京张活力带",
    "source_type": "agent_generated_design",
    "confidence": "medium",
    "geometry_role": "design_proposal",
    "area_sqm": 13660.2
   },
   "geometry": {
    "type": "Polygon",
    "coordinates": [
     [
      [
       116.35169999999997,
       39.97259999999992
      ],
      [
       116.35289999999996,
       39.97259999999992
      ],
      [
       116.35289999999996,
       39.971399999999925
      ],
      [
       116.35169999999997,
       39.971399999999925
      ],
      [
       116.35169999999997,
       39.97259999999992
      ]
     ]
    ]
   }
  },
  {
   "type": "Feature",
   "id": "LU-00722",
   "properties": {
    "id": "LU-00722",
    "layer": "LAND_USE",
    "land_use_code": "1401",
    "land_use_name_zh": "公园绿地 / 京张活力带",
    "source_type": "agent_generated_design",
    "confidence": "medium",
    "geometry_role": "design_proposal",
    "area_sqm": 13659.9
   },
   "geometry": {
    "type": "Polygon",
    "coordinates": [
     [
      [
       116.35169999999997,
       39.97379999999992
      ],
      [
       116.35289999999996,
       39.97379999999992
      ],
      [
       116.35289999999996,
       39.97259999999992
      ],
      [
       116.35169999999997,
       39.97259999999992
      ],
      [
       116.35169999999997,
       39.97379999999992
      ]
     ]
    ]
   }
  },
  {
   "type": "Feature",
   "id": "LU-00723",
   "properties": {
    "id": "LU-00723",
    "layer": "LAND_USE",
    "land_use_code": "0701",
    "land_use_name_zh": "城镇住宅用地",
    "source_type": "agent_generated_design",
    "confidence": "medium",
    "geometry_role": "design_proposal",
    "area_sqm": 13659.7
   },
   "geometry": {
    "type": "Polygon",
    "coordinates": [
     [
      [
       116.35169999999997,
       39.974999999999916
      ],
      [
       116.35289999999996,
       39.974999999999916
      ],
      [
       116.35289999999996,
       39.97379999999992
      ],
      [
       116.35169999999997,
       39.97379999999992
      ],
      [
       116.35169999999997,
       39.974999999999916
      ]
     ]
    ]
   }
  },
  {
   "type": "Feature",
   "id": "LU-00724",
   "properties": {
    "id": "LU-00724",
    "layer": "LAND_USE",
    "land_use_code": "1207",
    "land_use_name_zh": "城镇道路用地",
    "source_type": "agent_generated_design",
    "confidence": "medium",
    "geometry_role": "design_proposal",
    "area_sqm": 13659.4
   },
   "geometry": {
    "type": "Polygon",
    "coordinates": [
     [
      [
       116.35169999999997,
       39.97619999999991
      ],
      [
       116.35289999999996,
       39.97619999999991
      ],
      [
       116.35289999999996,
       39.974999999999916
      ],
      [
       116.35169999999997,
       39.974999999999916
      ],
      [
       116.35169999999997,
       39.97619999999991
      ]
     ]
    ]
   }
  },
  {
   "type": "Feature",
   "id": "LU-00725",
   "properties": {
    "id": "LU-00725",
    "layer": "LAND_USE",
    "land_use_code": "0701",
    "land_use_name_zh": "城镇住宅用地",
    "source_type": "agent_generated_design",
    "confidence": "medium",
    "geometry_role": "design_proposal",
    "area_sqm": 13659.2
   },
   "geometry": {
    "type": "Polygon",
    "coordinates": [
     [
      [
       116.35169999999997,
       39.97739999999991
      ],
      [
       116.35289999999996,
       39.97739999999991
      ],
      [
       116.35289999999996,
       39.97619999999991
      ],
      [
       116.35169999999997,
       39.97619999999991
      ],
      [
       116.35169999999997,
       39.97739999999991
      ]
     ]
    ]
   }
  },
  {
   "type": "Feature",
   "id": "LU-00726",
   "properties": {
    "id": "LU-00726",
    "layer": "LAND_USE",
    "land_use_code": "0801",
    "land_use_name_zh": "机关团体用地",
    "source_type": "agent_generated_design",
    "confidence": "medium",
    "geometry_role": "design_proposal",
    "area_sqm": 13659.0
   },
   "geometry": {
    "type": "Polygon",
    "coordinates": [
     [
      [
       116.35169999999997,
       39.97859999999991
      ],
      [
       116.35289999999996,
       39.97859999999991
      ],
      [
       116.35289999999996,
       39.97739999999991
      ],
      [
       116.35169999999997,
       39.97739999999991
      ],
      [
       116.35169999999997,
       39.97859999999991
      ]
     ]
    ]
   }
  },
  {
   "type": "Feature",
   "id": "LU-00727",
   "properties": {
    "id": "LU-00727",
    "layer": "LAND_USE",
    "land_use_code": "1207",
    "land_use_name_zh": "城镇道路用地",
    "source_type": "agent_generated_design",
    "confidence": "medium",
    "geometry_role": "design_proposal",
    "area_sqm": 13658.7
   },
   "geometry": {
    "type": "Polygon",
    "coordinates": [
     [
      [
       116.35169999999997,
       39.979799999999905
      ],
      [
       116.35289999999996,
       39.979799999999905
      ],
      [
       116.35289999999996,
       39.97859999999991
      ],
      [
       116.35169999999997,
       39.97859999999991
      ],
      [
       116.35169999999997,
       39.979799999999905
      ]
     ]
    ]
   }
  },
  {
   "type": "Feature",
   "id": "LU-00728",
   "properties": {
    "id": "LU-00728",
    "layer": "LAND_USE",
    "land_use_code": "0701",
    "land_use_name_zh": "城镇住宅用地",
    "source_type": "agent_generated_design",
    "confidence": "medium",
    "geometry_role": "design_proposal",
    "area_sqm": 13658.5
   },
   "geometry": {
    "type": "Polygon",
    "coordinates": [
     [
      [
       116.35169999999997,
       39.9809999999999
      ],
      [
       116.35289999999996,
       39.9809999999999
      ],
      [
       116.35289999999996,
       39.979799999999905
      ],
      [
       116.35169999999997,
       39.979799999999905
      ],
      [
       116.35169999999997,
       39.9809999999999
      ]
     ]
    ]
   }
  },
  {
   "type": "Feature",
   "id": "LU-00729",
   "properties": {
    "id": "LU-00729",
    "layer": "LAND_USE",
    "land_use_code": "0901",
    "land_use_name_zh": "商业用地",
    "source_type": "agent_generated_design",
    "confidence": "medium",
    "geometry_role": "design_proposal",
    "area_sqm": 13658.3
   },
   "geometry": {
    "type": "Polygon",
    "coordinates": [
     [
      [
       116.35169999999997,
       39.9821999999999
      ],
      [
       116.35289999999996,
       39.9821999999999
      ],
      [
       116.35289999999996,
       39.9809999999999
      ],
      [
       116.35169999999997,
       39.9809999999999
      ],
      [
       116.35169999999997,
       39.9821999999999
      ]
     ]
    ]
   }
  },
  {
   "type": "Feature",
   "id": "LU-00730",
   "properties": {
    "id": "LU-00730",
    "layer": "LAND_USE",
    "land_use_code": "1403",
    "land_use_name_zh": "广场用地 / 公共空间",
    "source_type": "agent_generated_design",
    "confidence": "medium",
    "geometry_role": "design_proposal",
    "area_sqm": 13658.0
   },
   "geometry": {
    "type": "Polygon",
    "coordinates": [
     [
      [
       116.35169999999997,
       39.9833999999999
      ],
      [
       116.35289999999996,
       39.9833999999999
      ],
      [
       116.35289999999996,
       39.9821999999999
      ],
      [
       116.35169999999997,
       39.9821999999999
      ],
      [
       116.35169999999997,
       39.9833999999999
      ]
     ]
    ]
   }
  },
  {
   "type": "Feature",
   "id": "LU-00731",
   "properties": {
    "id": "LU-00731",
    "layer": "LAND_USE",
    "land_use_code": "0701",
    "land_use_name_zh": "城镇住宅用地",
    "source_type": "agent_generated_design",
    "confidence": "medium",
    "geometry_role": "design_proposal",
    "area_sqm": 13657.8
   },
   "geometry": {
    "type": "Polygon",
    "coordinates": [
     [
      [
       116.35169999999997,
       39.984599999999894
      ],
      [
       116.35289999999996,
       39.984599999999894
      ],
      [
       116.35289999999996,
       39.9833999999999
      ],
      [
       116.35169999999997,
       39.9833999999999
      ],
      [
       116.35169999999997,
       39.984599999999894
      ]
     ]
    ]
   }
  },
  {
   "type": "Feature",
   "id": "LU-00732",
   "properties": {
    "id": "LU-00732",
    "layer": "LAND_USE",
    "land_use_code": "0701",
    "land_use_name_zh": "城镇住宅用地",
    "source_type": "agent_generated_design",
    "confidence": "medium",
    "geometry_role": "design_proposal",
    "area_sqm": 13657.6
   },
   "geometry": {
    "type": "Polygon",
    "coordinates": [
     [
      [
       116.35169999999997,
       39.98579999999989
      ],
      [
       116.35289999999996,
       39.98579999999989
      ],
      [
       116.35289999999996,
       39.984599999999894
      ],
      [
       116.35169999999997,
       39.984599999999894
      ],
      [
       116.35169999999997,
       39.98579999999989
      ]
     ]
    ]
   }
  },
  {
   "type": "Feature",
   "id": "LU-00733",
   "properties": {
    "id": "LU-00733",
    "layer": "LAND_USE",
    "land_use_code": "0701",
    "land_use_name_zh": "城镇住宅用地",
    "source_type": "agent_generated_design",
    "confidence": "medium",
    "geometry_role": "design_proposal",
    "area_sqm": 13657.3
   },
   "geometry": {
    "type": "Polygon",
    "coordinates": [
     [
      [
       116.35169999999997,
       39.98699999999989
      ],
      [
       116.35289999999996,
       39.98699999999989
      ],
      [
       116.35289999999996,
       39.98579999999989
      ],
      [
       116.35169999999997,
       39.98579999999989
      ],
      [
       116.35169999999997,
       39.98699999999989
      ]
     ]
    ]
   }
  },
  {
   "type": "Feature",
   "id": "LU-00734",
   "properties": {
    "id": "LU-00734",
    "layer": "LAND_USE",
    "land_use_code": "0702",
    "land_use_name_zh": "城镇社区服务设施用地",
    "source_type": "agent_generated_design",
    "confidence": "medium",
    "geometry_role": "design_proposal",
    "area_sqm": 13657.1
   },
   "geometry": {
    "type": "Polygon",
    "coordinates": [
     [
      [
       116.35169999999997,
       39.988199999999885
      ],
      [
       116.35289999999996,
       39.988199999999885
      ],
      [
       116.35289999999996,
       39.98699999999989
      ],
      [
       116.35169999999997,
       39.98699999999989
      ],
      [
       116.35169999999997,
       39.988199999999885
      ]
     ]
    ]
   }
  },
  {
   "type": "Feature",
   "id": "LU-00735",
   "properties": {
    "id": "LU-00735",
    "layer": "LAND_USE",
    "land_use_code": "0702",
    "land_use_name_zh": "城镇社区服务设施用地",
    "source_type": "agent_generated_design",
    "confidence": "medium",
    "geometry_role": "design_proposal",
    "area_sqm": 13656.8
   },
   "geometry": {
    "type": "Polygon",
    "coordinates": [
     [
      [
       116.35169999999997,
       39.98939999999988
      ],
      [
       116.35289999999996,
       39.98939999999988
      ],
      [
       116.35289999999996,
       39.988199999999885
      ],
      [
       116.35169999999997,
       39.988199999999885
      ],
      [
       116.35169999999997,
       39.98939999999988
      ]
     ]
    ]
   }
  },
  {
   "type": "Feature",
   "id": "LU-00736",
   "properties": {
    "id": "LU-00736",
    "layer": "LAND_USE",
    "land_use_code": "0702",
    "land_use_name_zh": "城镇社区服务设施用地",
    "source_type": "agent_generated_design",
    "confidence": "medium",
    "geometry_role": "design_proposal",
    "area_sqm": 13656.6
   },
   "geometry": {
    "type": "Polygon",
    "coordinates": [
     [
      [
       116.35169999999997,
       39.99059999999988
      ],
      [
       116.35289999999996,
       39.99059999999988
      ],
      [
       116.35289999999996,
       39.98939999999988
      ],
      [
       116.35169999999997,
       39.98939999999988
      ],
      [
       116.35169999999997,
       39.99059999999988
      ]
     ]
    ]
   }
  },
  {
   "type": "Feature",
   "id": "LU-00737",
   "properties": {
    "id": "LU-00737",
    "layer": "LAND_USE",
    "land_use_code": "0804",
    "land_use_name_zh": "教育科研用地",
    "source_type": "agent_generated_design",
    "confidence": "medium",
    "geometry_role": "design_proposal",
    "area_sqm": 13656.4
   },
   "geometry": {
    "type": "Polygon",
    "coordinates": [
     [
      [
       116.35169999999997,
       39.99179999999988
      ],
      [
       116.35289999999996,
       39.99179999999988
      ],
      [
       116.35289999999996,
       39.99059999999988
      ],
      [
       116.35169999999997,
       39.99059999999988
      ],
      [
       116.35169999999997,
       39.99179999999988
      ]
     ]
    ]
   }
  },
  {
   "type": "Feature",
   "id": "LU-00738",
   "properties": {
    "id": "LU-00738",
    "layer": "LAND_USE",
    "land_use_code": "0804",
    "land_use_name_zh": "教育科研用地",
    "source_type": "agent_generated_design",
    "confidence": "medium",
    "geometry_role": "design_proposal",
    "area_sqm": 13656.1
   },
   "geometry": {
    "type": "Polygon",
    "coordinates": [
     [
      [
       116.35169999999997,
       39.992999999999874
      ],
      [
       116.35289999999996,
       39.992999999999874
      ],
      [
       116.35289999999996,
       39.99179999999988
      ],
      [
       116.35169999999997,
       39.99179999999988
      ],
      [
       116.35169999999997,
       39.992999999999874
      ]
     ]
    ]
   }
  },
  {
   "type": "Feature",
   "id": "LU-00739",
   "properties": {
    "id": "LU-00739",
    "layer": "LAND_USE",
    "land_use_code": "0901",
    "land_use_name_zh": "商业用地",
    "source_type": "agent_generated_design",
    "confidence": "medium",
    "geometry_role": "design_proposal",
    "area_sqm": 13655.9
   },
   "geometry": {
    "type": "Polygon",
    "coordinates": [
     [
      [
       116.35169999999997,
       39.99419999999987
      ],
      [
       116.35289999999996,
       39.99419999999987
      ],
      [
       116.35289999999996,
       39.992999999999874
      ],
      [
       116.35169999999997,
       39.992999999999874
      ],
      [
       116.35169999999997,
       39.99419999999987
      ]
     ]
    ]
   }
  },
  {
   "type": "Feature",
   "id": "LU-00740",
   "properties": {
    "id": "LU-00740",
    "layer": "LAND_USE",
    "land_use_code": "0801",
    "land_use_name_zh": "机关团体用地",
    "source_type": "agent_generated_design",
    "confidence": "medium",
    "geometry_role": "design_proposal",
    "area_sqm": 13655.7
   },
   "geometry": {
    "type": "Polygon",
    "coordinates": [
     [
      [
       116.35169999999997,
       39.99539999999987
      ],
      [
       116.35289999999996,
       39.99539999999987
      ],
      [
       116.35289999999996,
       39.99419999999987
      ],
      [
       116.35169999999997,
       39.99419999999987
      ],
      [
       116.35169999999997,
       39.99539999999987
      ]
     ]
    ]
   }
  },
  {
   "type": "Feature",
   "id": "LU-00741",
   "properties": {
    "id": "LU-00741",
    "layer": "LAND_USE",
    "land_use_code": "0701",
    "land_use_name_zh": "城镇住宅用地",
    "source_type": "agent_generated_design",
    "confidence": "medium",
    "geometry_role": "design_proposal",
    "area_sqm": 13655.4
   },
   "geometry": {
    "type": "Polygon",
    "coordinates": [
     [
      [
       116.35169999999997,
       39.996599999999866
      ],
      [
       116.35289999999996,
       39.996599999999866
      ],
      [
       116.35289999999996,
       39.99539999999987
      ],
      [
       116.35169999999997,
       39.99539999999987
      ],
      [
       116.35169999999997,
       39.996599999999866
      ]
     ]
    ]
   }
  },
  {
   "type": "Feature",
   "id": "LU-00742",
   "properties": {
    "id": "LU-00742",
    "layer": "LAND_USE",
    "land_use_code": "0701",
    "land_use_name_zh": "城镇住宅用地",
    "source_type": "agent_generated_design",
    "confidence": "medium",
    "geometry_role": "design_proposal",
    "area_sqm": 13655.2
   },
   "geometry": {
    "type": "Polygon",
    "coordinates": [
     [
      [
       116.35169999999997,
       39.99779999999986
      ],
      [
       116.35289999999996,
       39.99779999999986
      ],
      [
       116.35289999999996,
       39.996599999999866
      ],
      [
       116.35169999999997,
       39.996599999999866
      ],
      [
       116.35169999999997,
       39.99779999999986
      ]
     ]
    ]
   }
  },
  {
   "type": "Feature",
   "id": "LU-00743",
   "properties": {
    "id": "LU-00743",
    "layer": "LAND_USE",
    "land_use_code": "0701",
    "land_use_name_zh": "城镇住宅用地",
    "source_type": "agent_generated_design",
    "confidence": "medium",
    "geometry_role": "design_proposal",
    "area_sqm": 13655.0
   },
   "geometry": {
    "type": "Polygon",
    "coordinates": [
     [
      [
       116.35169999999997,
       39.99899999999986
      ],
      [
       116.35289999999996,
       39.99899999999986
      ],
      [
       116.35289999999996,
       39.99779999999986
      ],
      [
       116.35169999999997,
       39.99779999999986
      ],
      [
       116.35169999999997,
       39.99899999999986
      ]
     ]
    ]
   }
  },
  {
   "type": "Feature",
   "id": "LU-00744",
   "properties": {
    "id": "LU-00744",
    "layer": "LAND_USE",
    "land_use_code": "1207",
    "land_use_name_zh": "城镇道路用地",
    "source_type": "agent_generated_design",
    "confidence": "medium",
    "geometry_role": "design_proposal",
    "area_sqm": 13654.7
   },
   "geometry": {
    "type": "Polygon",
    "coordinates": [
     [
      [
       116.35169999999997,
       40.00019999999986
      ],
      [
       116.35289999999996,
       40.00019999999986
      ],
      [
       116.35289999999996,
       39.99899999999986
      ],
      [
       116.35169999999997,
       39.99899999999986
      ],
      [
       116.35169999999997,
       40.00019999999986
      ]
     ]
    ]
   }
  },
  {
   "type": "Feature",
   "id": "LU-00745",
   "properties": {
    "id": "LU-00745",
    "layer": "LAND_USE",
    "land_use_code": "0701",
    "land_use_name_zh": "城镇住宅用地",
    "source_type": "agent_generated_design",
    "confidence": "medium",
    "geometry_role": "design_proposal",
    "area_sqm": 13654.5
   },
   "geometry": {
    "type": "Polygon",
    "coordinates": [
     [
      [
       116.35169999999997,
       40.001399999999855
      ],
      [
       116.35289999999996,
       40.001399999999855
      ],
      [
       116.35289999999996,
       40.00019999999986
      ],
      [
       116.35169999999997,
       40.00019999999986
      ],
      [
       116.35169999999997,
       40.001399999999855
      ]
     ]
    ]
   }
  },
  {
   "type": "Feature",
   "id": "LU-00746",
   "properties": {
    "id": "LU-00746",
    "layer": "LAND_USE",
    "land_use_code": "0701",
    "land_use_name_zh": "城镇住宅用地",
    "source_type": "agent_generated_design",
    "confidence": "medium",
    "geometry_role": "design_proposal",
    "area_sqm": 13654.2
   },
   "geometry": {
    "type": "Polygon",
    "coordinates": [
     [
      [
       116.35169999999997,
       40.00259999999985
      ],
      [
       116.35289999999996,
       40.00259999999985
      ],
      [
       116.35289999999996,
       40.001399999999855
      ],
      [
       116.35169999999997,
       40.001399999999855
      ],
      [
       116.35169999999997,
       40.00259999999985
      ]
     ]
    ]
   }
  },
  {
   "type": "Feature",
   "id": "LU-00747",
   "properties": {
    "id": "LU-00747",
    "layer": "LAND_USE",
    "land_use_code": "1207",
    "land_use_name_zh": "城镇道路用地",
    "source_type": "agent_generated_design",
    "confidence": "medium",
    "geometry_role": "design_proposal",
    "area_sqm": 13654.0
   },
   "geometry": {
    "type": "Polygon",
    "coordinates": [
     [
      [
       116.35169999999997,
       40.00379999999985
      ],
      [
       116.35289999999996,
       40.00379999999985
      ],
      [
       116.35289999999996,
       40.00259999999985
      ],
      [
       116.35169999999997,
       40.00259999999985
      ],
      [
       116.35169999999997,
       40.00379999999985
      ]
     ]
    ]
   }
  },
  {
   "type": "Feature",
   "id": "LU-00748",
   "properties": {
    "id": "LU-00748",
    "layer": "LAND_USE",
    "land_use_code": "0701",
    "land_use_name_zh": "城镇住宅用地",
    "source_type": "agent_generated_design",
    "confidence": "medium",
    "geometry_role": "design_proposal",
    "area_sqm": 13653.8
   },
   "geometry": {
    "type": "Polygon",
    "coordinates": [
     [
      [
       116.35169999999997,
       40.004999999999846
      ],
      [
       116.35289999999996,
       40.004999999999846
      ],
      [
       116.35289999999996,
       40.00379999999985
      ],
      [
       116.35169999999997,
       40.00379999999985
      ],
      [
       116.35169999999997,
       40.004999999999846
      ]
     ]
    ]
   }
  },
  {
   "type": "Feature",
   "id": "LU-00749",
   "properties": {
    "id": "LU-00749",
    "layer": "LAND_USE",
    "land_use_code": "0901",
    "land_use_name_zh": "商业用地",
    "source_type": "agent_generated_design",
    "confidence": "medium",
    "geometry_role": "design_proposal",
    "area_sqm": 13653.5
   },
   "geometry": {
    "type": "Polygon",
    "coordinates": [
     [
      [
       116.35169999999997,
       40.00619999999984
      ],
      [
       116.35289999999996,
       40.00619999999984
      ],
      [
       116.35289999999996,
       40.004999999999846
      ],
      [
       116.35169999999997,
       40.004999999999846
      ],
      [
       116.35169999999997,
       40.00619999999984
      ]
     ]
    ]
   }
  },
  {
   "type": "Feature",
   "id": "LU-00750",
   "properties": {
    "id": "LU-00750",
    "layer": "LAND_USE",
    "land_use_code": "0701",
    "land_use_name_zh": "城镇住宅用地",
    "source_type": "agent_generated_design",
    "confidence": "medium",
    "geometry_role": "design_proposal",
    "area_sqm": 13653.3
   },
   "geometry": {
    "type": "Polygon",
    "coordinates": [
     [
      [
       116.35169999999997,
       40.00739999999984
      ],
      [
       116.35289999999996,
       40.00739999999984
      ],
      [
       116.35289999999996,
       40.00619999999984
      ],
      [
       116.35169999999997,
       40.00619999999984
      ],
      [
       116.35169999999997,
       40.00739999999984
      ]
     ]
    ]
   }
  },
  {
   "type": "Feature",
   "id": "LU-00751",
   "properties": {
    "id": "LU-00751",
    "layer": "LAND_USE",
    "land_use_code": "1001",
    "land_use_name_zh": "工业用地 / AI 自主创新产业",
    "source_type": "agent_generated_design",
    "confidence": "medium",
    "geometry_role": "design_proposal",
    "area_sqm": 13653.1
   },
   "geometry": {
    "type": "Polygon",
    "coordinates": [
     [
      [
       116.35169999999997,
       40.00859999999984
      ],
      [
       116.35289999999996,
       40.00859999999984
      ],
      [
       116.35289999999996,
       40.00739999999984
      ],
      [
       116.35169999999997,
       40.00739999999984
      ],
      [
       116.35169999999997,
       40.00859999999984
      ]
     ]
    ]
   }
  },
  {
   "type": "Feature",
   "id": "LU-00752",
   "properties": {
    "id": "LU-00752",
    "layer": "LAND_USE",
    "land_use_code": "1001",
    "land_use_name_zh": "工业用地 / AI 自主创新产业",
    "source_type": "agent_generated_design",
    "confidence": "medium",
    "geometry_role": "design_proposal",
    "area_sqm": 13652.8
   },
   "geometry": {
    "type": "Polygon",
    "coordinates": [
     [
      [
       116.35169999999997,
       40.009799999999835
      ],
      [
       116.35289999999996,
       40.009799999999835
      ],
      [
       116.35289999999996,
       40.00859999999984
      ],
      [
       116.35169999999997,
       40.00859999999984
      ],
      [
       116.35169999999997,
       40.009799999999835
      ]
     ]
    ]
   }
  },
  {
   "type": "Feature",
   "id": "LU-00753",
   "properties": {
    "id": "LU-00753",
    "layer": "LAND_USE",
    "land_use_code": "1001",
    "land_use_name_zh": "工业用地 / AI 自主创新产业",
    "source_type": "agent_generated_design",
    "confidence": "medium",
    "geometry_role": "design_proposal",
    "area_sqm": 13652.6
   },
   "geometry": {
    "type": "Polygon",
    "coordinates": [
     [
      [
       116.35169999999997,
       40.01099999999983
      ],
      [
       116.35289999999996,
       40.01099999999983
      ],
      [
       116.35289999999996,
       40.009799999999835
      ],
      [
       116.35169999999997,
       40.009799999999835
      ],
      [
       116.35169999999997,
       40.01099999999983
      ]
     ]
    ]
   }
  },
  {
   "type": "Feature",
   "id": "LU-00754",
   "properties": {
    "id": "LU-00754",
    "layer": "LAND_USE",
    "land_use_code": "1001",
    "land_use_name_zh": "工业用地 / AI 自主创新产业",
    "source_type": "agent_generated_design",
    "confidence": "medium",
    "geometry_role": "design_proposal",
    "area_sqm": 13652.4
   },
   "geometry": {
    "type": "Polygon",
    "coordinates": [
     [
      [
       116.35169999999997,
       40.01219999999983
      ],
      [
       116.35289999999996,
       40.01219999999983
      ],
      [
       116.35289999999996,
       40.01099999999983
      ],
      [
       116.35169999999997,
       40.01099999999983
      ],
      [
       116.35169999999997,
       40.01219999999983
      ]
     ]
    ]
   }
  },
  {
   "type": "Feature",
   "id": "LU-00755",
   "properties": {
    "id": "LU-00755",
    "layer": "LAND_USE",
    "land_use_code": "1001",
    "land_use_name_zh": "工业用地 / AI 自主创新产业",
    "source_type": "agent_generated_design",
    "confidence": "medium",
    "geometry_role": "design_proposal",
    "area_sqm": 13652.1
   },
   "geometry": {
    "type": "Polygon",
    "coordinates": [
     [
      [
       116.35169999999997,
       40.01339999999983
      ],
      [
       116.35289999999996,
       40.01339999999983
      ],
      [
       116.35289999999996,
       40.01219999999983
      ],
      [
       116.35169999999997,
       40.01219999999983
      ],
      [
       116.35169999999997,
       40.01339999999983
      ]
     ]
    ]
   }
  },
  {
   "type": "Feature",
   "id": "LU-00756",
   "properties": {
    "id": "LU-00756",
    "layer": "LAND_USE",
    "land_use_code": "1001",
    "land_use_name_zh": "工业用地 / AI 自主创新产业",
    "source_type": "agent_generated_design",
    "confidence": "medium",
    "geometry_role": "design_proposal",
    "area_sqm": 13651.9
   },
   "geometry": {
    "type": "Polygon",
    "coordinates": [
     [
      [
       116.35169999999997,
       40.014599999999824
      ],
      [
       116.35289999999996,
       40.014599999999824
      ],
      [
       116.35289999999996,
       40.01339999999983
      ],
      [
       116.35169999999997,
       40.01339999999983
      ],
      [
       116.35169999999997,
       40.014599999999824
      ]
     ]
    ]
   }
  },
  {
   "type": "Feature",
   "id": "LU-00757",
   "properties": {
    "id": "LU-00757",
    "layer": "LAND_USE",
    "land_use_code": "1001",
    "land_use_name_zh": "工业用地 / AI 自主创新产业",
    "source_type": "agent_generated_design",
    "confidence": "medium",
    "geometry_role": "design_proposal",
    "area_sqm": 13651.6
   },
   "geometry": {
    "type": "Polygon",
    "coordinates": [
     [
      [
       116.35169999999997,
       40.01579999999982
      ],
      [
       116.35289999999996,
       40.01579999999982
      ],
      [
       116.35289999999996,
       40.014599999999824
      ],
      [
       116.35169999999997,
       40.014599999999824
      ],
      [
       116.35169999999997,
       40.01579999999982
      ]
     ]
    ]
   }
  },
  {
   "type": "Feature",
   "id": "LU-00758",
   "properties": {
    "id": "LU-00758",
    "layer": "LAND_USE",
    "land_use_code": "1001",
    "land_use_name_zh": "工业用地 / AI 自主创新产业",
    "source_type": "agent_generated_design",
    "confidence": "medium",
    "geometry_role": "design_proposal",
    "area_sqm": 13651.4
   },
   "geometry": {
    "type": "Polygon",
    "coordinates": [
     [
      [
       116.35169999999997,
       40.01699999999982
      ],
      [
       116.35289999999996,
       40.01699999999982
      ],
      [
       116.35289999999996,
       40.01579999999982
      ],
      [
       116.35169999999997,
       40.01579999999982
      ],
      [
       116.35169999999997,
       40.01699999999982
      ]
     ]
    ]
   }
  },
  {
   "type": "Feature",
   "id": "LU-00759",
   "properties": {
    "id": "LU-00759",
    "layer": "LAND_USE",
    "land_use_code": "1001",
    "land_use_name_zh": "工业用地 / AI 自主创新产业",
    "source_type": "agent_generated_design",
    "confidence": "medium",
    "geometry_role": "design_proposal",
    "area_sqm": 13651.2
   },
   "geometry": {
    "type": "Polygon",
    "coordinates": [
     [
      [
       116.35169999999997,
       40.018199999999815
      ],
      [
       116.35289999999996,
       40.018199999999815
      ],
      [
       116.35289999999996,
       40.01699999999982
      ],
      [
       116.35169999999997,
       40.01699999999982
      ],
      [
       116.35169999999997,
       40.018199999999815
      ]
     ]
    ]
   }
  },
  {
   "type": "Feature",
   "id": "LU-00760",
   "properties": {
    "id": "LU-00760",
    "layer": "LAND_USE",
    "land_use_code": "1001",
    "land_use_name_zh": "工业用地 / AI 自主创新产业",
    "source_type": "agent_generated_design",
    "confidence": "medium",
    "geometry_role": "design_proposal",
    "area_sqm": 13650.9
   },
   "geometry": {
    "type": "Polygon",
    "coordinates": [
     [
      [
       116.35169999999997,
       40.01939999999981
      ],
      [
       116.35289999999996,
       40.01939999999981
      ],
      [
       116.35289999999996,
       40.018199999999815
      ],
      [
       116.35169999999997,
       40.018199999999815
      ],
      [
       116.35169999999997,
       40.01939999999981
      ]
     ]
    ]
   }
  },
  {
   "type": "Feature",
   "id": "LU-00761",
   "properties": {
    "id": "LU-00761",
    "layer": "LAND_USE",
    "land_use_code": "1001",
    "land_use_name_zh": "工业用地 / AI 自主创新产业",
    "source_type": "agent_generated_design",
    "confidence": "medium",
    "geometry_role": "design_proposal",
    "area_sqm": 13650.7
   },
   "geometry": {
    "type": "Polygon",
    "coordinates": [
     [
      [
       116.35169999999997,
       40.02059999999981
      ],
      [
       116.35289999999996,
       40.02059999999981
      ],
      [
       116.35289999999996,
       40.01939999999981
      ],
      [
       116.35169999999997,
       40.01939999999981
      ],
      [
       116.35169999999997,
       40.02059999999981
      ]
     ]
    ]
   }
  },
  {
   "type": "Feature",
   "id": "LU-00762",
   "properties": {
    "id": "LU-00762",
    "layer": "LAND_USE",
    "land_use_code": "1001",
    "land_use_name_zh": "工业用地 / AI 自主创新产业",
    "source_type": "agent_generated_design",
    "confidence": "medium",
    "geometry_role": "design_proposal",
    "area_sqm": 13650.5
   },
   "geometry": {
    "type": "Polygon",
    "coordinates": [
     [
      [
       116.35169999999997,
       40.02179999999981
      ],
      [
       116.35289999999996,
       40.02179999999981
      ],
      [
       116.35289999999996,
       40.02059999999981
      ],
      [
       116.35169999999997,
       40.02059999999981
      ],
      [
       116.35169999999997,
       40.02179999999981
      ]
     ]
    ]
   }
  },
  {
   "type": "Feature",
   "id": "LU-00763",
   "properties": {
    "id": "LU-00763",
    "layer": "LAND_USE",
    "land_use_code": "1001",
    "land_use_name_zh": "工业用地 / AI 自主创新产业",
    "source_type": "agent_generated_design",
    "confidence": "medium",
    "geometry_role": "design_proposal",
    "area_sqm": 13650.2
   },
   "geometry": {
    "type": "Polygon",
    "coordinates": [
     [
      [
       116.35169999999997,
       40.022999999999804
      ],
      [
       116.35289999999996,
       40.022999999999804
      ],
      [
       116.35289999999996,
       40.02179999999981
      ],
      [
       116.35169999999997,
       40.02179999999981
      ],
      [
       116.35169999999997,
       40.022999999999804
      ]
     ]
    ]
   }
  },
  {
   "type": "Feature",
   "id": "LU-00764",
   "properties": {
    "id": "LU-00764",
    "layer": "LAND_USE",
    "land_use_code": "1001",
    "land_use_name_zh": "工业用地 / AI 自主创新产业",
    "source_type": "agent_generated_design",
    "confidence": "medium",
    "geometry_role": "design_proposal",
    "area_sqm": 13650.0
   },
   "geometry": {
    "type": "Polygon",
    "coordinates": [
     [
      [
       116.35169999999997,
       40.0241999999998
      ],
      [
       116.35289999999996,
       40.0241999999998
      ],
      [
       116.35289999999996,
       40.022999999999804
      ],
      [
       116.35169999999997,
       40.022999999999804
      ],
      [
       116.35169999999997,
       40.0241999999998
      ]
     ]
    ]
   }
  },
  {
   "type": "Feature",
   "id": "LU-00765",
   "properties": {
    "id": "LU-00765",
    "layer": "LAND_USE",
    "land_use_code": "1001",
    "land_use_name_zh": "工业用地 / AI 自主创新产业",
    "source_type": "agent_generated_design",
    "confidence": "medium",
    "geometry_role": "design_proposal",
    "area_sqm": 13649.8
   },
   "geometry": {
    "type": "Polygon",
    "coordinates": [
     [
      [
       116.35169999999997,
       40.0253999999998
      ],
      [
       116.35289999999996,
       40.0253999999998
      ],
      [
       116.35289999999996,
       40.0241999999998
      ],
      [
       116.35169999999997,
       40.0241999999998
      ],
      [
       116.35169999999997,
       40.0253999999998
      ]
     ]
    ]
   }
  },
  {
   "type": "Feature",
   "id": "LU-00766",
   "properties": {
    "id": "LU-00766",
    "layer": "LAND_USE",
    "land_use_code": "1001",
    "land_use_name_zh": "工业用地 / AI 自主创新产业",
    "source_type": "agent_generated_design",
    "confidence": "medium",
    "geometry_role": "design_proposal",
    "area_sqm": 12512.1
   },
   "geometry": {
    "type": "Polygon",
    "coordinates": [
     [
      [
       116.35289999999996,
       40.0253999999998
      ],
      [
       116.35169999999997,
       40.0253999999998
      ],
      [
       116.35169999999997,
       40.0265
      ],
      [
       116.35289999999996,
       40.0265
      ],
      [
       116.35289999999996,
       40.0253999999998
      ]
     ]
    ]
   }
  },
  {
   "type": "Feature",
   "id": "LU-00767",
   "properties": {
    "id": "LU-00767",
    "layer": "LAND_USE",
    "land_use_code": "1207",
    "land_use_name_zh": "城镇道路用地",
    "source_type": "agent_generated_design",
    "confidence": "medium",
    "geometry_role": "design_proposal",
    "area_sqm": 13666.5
   },
   "geometry": {
    "type": "Polygon",
    "coordinates": [
     [
      [
       116.35289999999996,
       39.939
      ],
      [
       116.35289999999996,
       39.9402
      ],
      [
       116.35409999999996,
       39.9402
      ],
      [
       116.35409999999996,
       39.939
      ],
      [
       116.35289999999996,
       39.939
      ]
     ]
    ]
   }
  },
  {
   "type": "Feature",
   "id": "LU-00768",
   "properties": {
    "id": "LU-00768",
    "layer": "LAND_USE",
    "land_use_code": "0701",
    "land_use_name_zh": "城镇住宅用地",
    "source_type": "agent_generated_design",
    "confidence": "medium",
    "geometry_role": "design_proposal",
    "area_sqm": 13666.3
   },
   "geometry": {
    "type": "Polygon",
    "coordinates": [
     [
      [
       116.35289999999996,
       39.941399999999994
      ],
      [
       116.35409999999996,
       39.941399999999994
      ],
      [
       116.35409999999996,
       39.9402
      ],
      [
       116.35289999999996,
       39.9402
      ],
      [
       116.35289999999996,
       39.941399999999994
      ]
     ]
    ]
   }
  },
  {
   "type": "Feature",
   "id": "LU-00769",
   "properties": {
    "id": "LU-00769",
    "layer": "LAND_USE",
    "land_use_code": "0801",
    "land_use_name_zh": "机关团体用地",
    "source_type": "agent_generated_design",
    "confidence": "medium",
    "geometry_role": "design_proposal",
    "area_sqm": 13666.0
   },
   "geometry": {
    "type": "Polygon",
    "coordinates": [
     [
      [
       116.35289999999996,
       39.94259999999999
      ],
      [
       116.35409999999996,
       39.94259999999999
      ],
      [
       116.35409999999996,
       39.941399999999994
      ],
      [
       116.35289999999996,
       39.941399999999994
      ],
      [
       116.35289999999996,
       39.94259999999999
      ]
     ]
    ]
   }
  },
  {
   "type": "Feature",
   "id": "LU-00770",
   "properties": {
    "id": "LU-00770",
    "layer": "LAND_USE",
    "land_use_code": "1207",
    "land_use_name_zh": "城镇道路用地",
    "source_type": "agent_generated_design",
    "confidence": "medium",
    "geometry_role": "design_proposal",
    "area_sqm": 13665.8
   },
   "geometry": {
    "type": "Polygon",
    "coordinates": [
     [
      [
       116.35289999999996,
       39.94379999999999
      ],
      [
       116.35409999999996,
       39.94379999999999
      ],
      [
       116.35409999999996,
       39.94259999999999
      ],
      [
       116.35289999999996,
       39.94259999999999
      ],
      [
       116.35289999999996,
       39.94379999999999
      ]
     ]
    ]
   }
  },
  {
   "type": "Feature",
   "id": "LU-00771",
   "properties": {
    "id": "LU-00771",
    "layer": "LAND_USE",
    "land_use_code": "0902",
    "land_use_name_zh": "商务金融用地 / AI 总部",
    "source_type": "agent_generated_design",
    "confidence": "medium",
    "geometry_role": "design_proposal",
    "area_sqm": 13665.6
   },
   "geometry": {
    "type": "Polygon",
    "coordinates": [
     [
      [
       116.35289999999996,
       39.944999999999986
      ],
      [
       116.35409999999996,
       39.944999999999986
      ],
      [
       116.35409999999996,
       39.94379999999999
      ],
      [
       116.35289999999996,
       39.94379999999999
      ],
      [
       116.35289999999996,
       39.944999999999986
      ]
     ]
    ]
   }
  },
  {
   "type": "Feature",
   "id": "LU-00772",
   "properties": {
    "id": "LU-00772",
    "layer": "LAND_USE",
    "land_use_code": "0902",
    "land_use_name_zh": "商务金融用地 / AI 总部",
    "source_type": "agent_generated_design",
    "confidence": "medium",
    "geometry_role": "design_proposal",
    "area_sqm": 13665.3
   },
   "geometry": {
    "type": "Polygon",
    "coordinates": [
     [
      [
       116.35289999999996,
       39.94619999999998
      ],
      [
       116.35409999999996,
       39.94619999999998
      ],
      [
       116.35409999999996,
       39.944999999999986
      ],
      [
       116.35289999999996,
       39.944999999999986
      ],
      [
       116.35289999999996,
       39.94619999999998
      ]
     ]
    ]
   }
  },
  {
   "type": "Feature",
   "id": "LU-00773",
   "properties": {
    "id": "LU-00773",
    "layer": "LAND_USE",
    "land_use_code": "0902",
    "land_use_name_zh": "商务金融用地 / AI 总部",
    "source_type": "agent_generated_design",
    "confidence": "medium",
    "geometry_role": "design_proposal",
    "area_sqm": 13665.1
   },
   "geometry": {
    "type": "Polygon",
    "coordinates": [
     [
      [
       116.35289999999996,
       39.94739999999998
      ],
      [
       116.35409999999996,
       39.94739999999998
      ],
      [
       116.35409999999996,
       39.94619999999998
      ],
      [
       116.35289999999996,
       39.94619999999998
      ],
      [
       116.35289999999996,
       39.94739999999998
      ]
     ]
    ]
   }
  },
  {
   "type": "Feature",
   "id": "LU-00774",
   "properties": {
    "id": "LU-00774",
    "layer": "LAND_USE",
    "land_use_code": "0902",
    "land_use_name_zh": "商务金融用地 / AI 总部",
    "source_type": "agent_generated_design",
    "confidence": "medium",
    "geometry_role": "design_proposal",
    "area_sqm": 13664.9
   },
   "geometry": {
    "type": "Polygon",
    "coordinates": [
     [
      [
       116.35289999999996,
       39.94859999999998
      ],
      [
       116.35409999999996,
       39.94859999999998
      ],
      [
       116.35409999999996,
       39.94739999999998
      ],
      [
       116.35289999999996,
       39.94739999999998
      ],
      [
       116.35289999999996,
       39.94859999999998
      ]
     ]
    ]
   }
  },
  {
   "type": "Feature",
   "id": "LU-00775",
   "properties": {
    "id": "LU-00775",
    "layer": "LAND_USE",
    "land_use_code": "0902",
    "land_use_name_zh": "商务金融用地 / AI 总部",
    "source_type": "agent_generated_design",
    "confidence": "medium",
    "geometry_role": "design_proposal",
    "area_sqm": 13664.6
   },
   "geometry": {
    "type": "Polygon",
    "coordinates": [
     [
      [
       116.35289999999996,
       39.949799999999975
      ],
      [
       116.35409999999996,
       39.949799999999975
      ],
      [
       116.35409999999996,
       39.94859999999998
      ],
      [
       116.35289999999996,
       39.94859999999998
      ],
      [
       116.35289999999996,
       39.949799999999975
      ]
     ]
    ]
   }
  },
  {
   "type": "Feature",
   "id": "LU-00776",
   "properties": {
    "id": "LU-00776",
    "layer": "LAND_USE",
    "land_use_code": "0901",
    "land_use_name_zh": "商业用地",
    "source_type": "agent_generated_design",
    "confidence": "medium",
    "geometry_role": "design_proposal",
    "area_sqm": 13664.4
   },
   "geometry": {
    "type": "Polygon",
    "coordinates": [
     [
      [
       116.35289999999996,
       39.95099999999997
      ],
      [
       116.35409999999996,
       39.95099999999997
      ],
      [
       116.35409999999996,
       39.949799999999975
      ],
      [
       116.35289999999996,
       39.949799999999975
      ],
      [
       116.35289999999996,
       39.95099999999997
      ]
     ]
    ]
   }
  },
  {
   "type": "Feature",
   "id": "LU-00777",
   "properties": {
    "id": "LU-00777",
    "layer": "LAND_USE",
    "land_use_code": "1207",
    "land_use_name_zh": "城镇道路用地",
    "source_type": "agent_generated_design",
    "confidence": "medium",
    "geometry_role": "design_proposal",
    "area_sqm": 13664.2
   },
   "geometry": {
    "type": "Polygon",
    "coordinates": [
     [
      [
       116.35289999999996,
       39.95219999999997
      ],
      [
       116.35409999999996,
       39.95219999999997
      ],
      [
       116.35409999999996,
       39.95099999999997
      ],
      [
       116.35289999999996,
       39.95099999999997
      ],
      [
       116.35289999999996,
       39.95219999999997
      ]
     ]
    ]
   }
  },
  {
   "type": "Feature",
   "id": "LU-00778",
   "properties": {
    "id": "LU-00778",
    "layer": "LAND_USE",
    "land_use_code": "0701",
    "land_use_name_zh": "城镇住宅用地",
    "source_type": "agent_generated_design",
    "confidence": "medium",
    "geometry_role": "design_proposal",
    "area_sqm": 13663.9
   },
   "geometry": {
    "type": "Polygon",
    "coordinates": [
     [
      [
       116.35289999999996,
       39.95339999999997
      ],
      [
       116.35409999999996,
       39.95339999999997
      ],
      [
       116.35409999999996,
       39.95219999999997
      ],
      [
       116.35289999999996,
       39.95219999999997
      ],
      [
       116.35289999999996,
       39.95339999999997
      ]
     ]
    ]
   }
  },
  {
   "type": "Feature",
   "id": "LU-00779",
   "properties": {
    "id": "LU-00779",
    "layer": "LAND_USE",
    "land_use_code": "0701",
    "land_use_name_zh": "城镇住宅用地",
    "source_type": "agent_generated_design",
    "confidence": "medium",
    "geometry_role": "design_proposal",
    "area_sqm": 13663.7
   },
   "geometry": {
    "type": "Polygon",
    "coordinates": [
     [
      [
       116.35289999999996,
       39.954599999999964
      ],
      [
       116.35409999999996,
       39.954599999999964
      ],
      [
       116.35409999999996,
       39.95339999999997
      ],
      [
       116.35289999999996,
       39.95339999999997
      ],
      [
       116.35289999999996,
       39.954599999999964
      ]
     ]
    ]
   }
  },
  {
   "type": "Feature",
   "id": "LU-00780",
   "properties": {
    "id": "LU-00780",
    "layer": "LAND_USE",
    "land_use_code": "1207",
    "land_use_name_zh": "城镇道路用地",
    "source_type": "agent_generated_design",
    "confidence": "medium",
    "geometry_role": "design_proposal",
    "area_sqm": 13663.5
   },
   "geometry": {
    "type": "Polygon",
    "coordinates": [
     [
      [
       116.35289999999996,
       39.95579999999996
      ],
      [
       116.35409999999996,
       39.95579999999996
      ],
      [
       116.35409999999996,
       39.954599999999964
      ],
      [
       116.35289999999996,
       39.954599999999964
      ],
      [
       116.35289999999996,
       39.95579999999996
      ]
     ]
    ]
   }
  },
  {
   "type": "Feature",
   "id": "LU-00781",
   "properties": {
    "id": "LU-00781",
    "layer": "LAND_USE",
    "land_use_code": "0901",
    "land_use_name_zh": "商业用地",
    "source_type": "agent_generated_design",
    "confidence": "medium",
    "geometry_role": "design_proposal",
    "area_sqm": 13663.2
   },
   "geometry": {
    "type": "Polygon",
    "coordinates": [
     [
      [
       116.35289999999996,
       39.95699999999996
      ],
      [
       116.35409999999996,
       39.95699999999996
      ],
      [
       116.35409999999996,
       39.95579999999996
      ],
      [
       116.35289999999996,
       39.95579999999996
      ],
      [
       116.35289999999996,
       39.95699999999996
      ]
     ]
    ]
   }
  },
  {
   "type": "Feature",
   "id": "LU-00782",
   "properties": {
    "id": "LU-00782",
    "layer": "LAND_USE",
    "land_use_code": "0701",
    "land_use_name_zh": "城镇住宅用地",
    "source_type": "agent_generated_design",
    "confidence": "medium",
    "geometry_role": "design_proposal",
    "area_sqm": 13663.0
   },
   "geometry": {
    "type": "Polygon",
    "coordinates": [
     [
      [
       116.35289999999996,
       39.958199999999955
      ],
      [
       116.35409999999996,
       39.958199999999955
      ],
      [
       116.35409999999996,
       39.95699999999996
      ],
      [
       116.35289999999996,
       39.95699999999996
      ],
      [
       116.35289999999996,
       39.958199999999955
      ]
     ]
    ]
   }
  },
  {
   "type": "Feature",
   "id": "LU-00783",
   "properties": {
    "id": "LU-00783",
    "layer": "LAND_USE",
    "land_use_code": "0701",
    "land_use_name_zh": "城镇住宅用地",
    "source_type": "agent_generated_design",
    "confidence": "medium",
    "geometry_role": "design_proposal",
    "area_sqm": 13662.7
   },
   "geometry": {
    "type": "Polygon",
    "coordinates": [
     [
      [
       116.35289999999996,
       39.95939999999995
      ],
      [
       116.35409999999996,
       39.95939999999995
      ],
      [
       116.35409999999996,
       39.958199999999955
      ],
      [
       116.35289999999996,
       39.958199999999955
      ],
      [
       116.35289999999996,
       39.95939999999995
      ]
     ]
    ]
   }
  },
  {
   "type": "Feature",
   "id": "LU-00784",
   "properties": {
    "id": "LU-00784",
    "layer": "LAND_USE",
    "land_use_code": "0801",
    "land_use_name_zh": "机关团体用地",
    "source_type": "agent_generated_design",
    "confidence": "medium",
    "geometry_role": "design_proposal",
    "area_sqm": 13662.5
   },
   "geometry": {
    "type": "Polygon",
    "coordinates": [
     [
      [
       116.35289999999996,
       39.96059999999995
      ],
      [
       116.35409999999996,
       39.96059999999995
      ],
      [
       116.35409999999996,
       39.95939999999995
      ],
      [
       116.35289999999996,
       39.95939999999995
      ],
      [
       116.35289999999996,
       39.96059999999995
      ]
     ]
    ]
   }
  },
  {
   "type": "Feature",
   "id": "LU-00785",
   "properties": {
    "id": "LU-00785",
    "layer": "LAND_USE",
    "land_use_code": "1401",
    "land_use_name_zh": "公园绿地 / 京张活力带",
    "source_type": "agent_generated_design",
    "confidence": "medium",
    "geometry_role": "design_proposal",
    "area_sqm": 13662.3
   },
   "geometry": {
    "type": "Polygon",
    "coordinates": [
     [
      [
       116.35289999999996,
       39.96179999999995
      ],
      [
       116.35409999999996,
       39.96179999999995
      ],
      [
       116.35409999999996,
       39.96059999999995
      ],
      [
       116.35289999999996,
       39.96059999999995
      ],
      [
       116.35289999999996,
       39.96179999999995
      ]
     ]
    ]
   }
  },
  {
   "type": "Feature",
   "id": "LU-00786",
   "properties": {
    "id": "LU-00786",
    "layer": "LAND_USE",
    "land_use_code": "1401",
    "land_use_name_zh": "公园绿地 / 京张活力带",
    "source_type": "agent_generated_design",
    "confidence": "medium",
    "geometry_role": "design_proposal",
    "area_sqm": 13662.0
   },
   "geometry": {
    "type": "Polygon",
    "coordinates": [
     [
      [
       116.35289999999996,
       39.962999999999944
      ],
      [
       116.35409999999996,
       39.962999999999944
      ],
      [
       116.35409999999996,
       39.96179999999995
      ],
      [
       116.35289999999996,
       39.96179999999995
      ],
      [
       116.35289999999996,
       39.962999999999944
      ]
     ]
    ]
   }
  },
  {
   "type": "Feature",
   "id": "LU-00787",
   "properties": {
    "id": "LU-00787",
    "layer": "LAND_USE",
    "land_use_code": "1401",
    "land_use_name_zh": "公园绿地 / 京张活力带",
    "source_type": "agent_generated_design",
    "confidence": "medium",
    "geometry_role": "design_proposal",
    "area_sqm": 13661.8
   },
   "geometry": {
    "type": "Polygon",
    "coordinates": [
     [
      [
       116.35289999999996,
       39.96419999999994
      ],
      [
       116.35409999999996,
       39.96419999999994
      ],
      [
       116.35409999999996,
       39.962999999999944
      ],
      [
       116.35289999999996,
       39.962999999999944
      ],
      [
       116.35289999999996,
       39.96419999999994
      ]
     ]
    ]
   }
  },
  {
   "type": "Feature",
   "id": "LU-00788",
   "properties": {
    "id": "LU-00788",
    "layer": "LAND_USE",
    "land_use_code": "1401",
    "land_use_name_zh": "公园绿地 / 京张活力带",
    "source_type": "agent_generated_design",
    "confidence": "medium",
    "geometry_role": "design_proposal",
    "area_sqm": 13661.6
   },
   "geometry": {
    "type": "Polygon",
    "coordinates": [
     [
      [
       116.35289999999996,
       39.96539999999994
      ],
      [
       116.35409999999996,
       39.96539999999994
      ],
      [
       116.35409999999996,
       39.96419999999994
      ],
      [
       116.35289999999996,
       39.96419999999994
      ],
      [
       116.35289999999996,
       39.96539999999994
      ]
     ]
    ]
   }
  },
  {
   "type": "Feature",
   "id": "LU-00789",
   "properties": {
    "id": "LU-00789",
    "layer": "LAND_USE",
    "land_use_code": "1401",
    "land_use_name_zh": "公园绿地 / 京张活力带",
    "source_type": "agent_generated_design",
    "confidence": "medium",
    "geometry_role": "design_proposal",
    "area_sqm": 13661.3
   },
   "geometry": {
    "type": "Polygon",
    "coordinates": [
     [
      [
       116.35289999999996,
       39.966599999999936
      ],
      [
       116.35409999999996,
       39.966599999999936
      ],
      [
       116.35409999999996,
       39.96539999999994
      ],
      [
       116.35289999999996,
       39.96539999999994
      ],
      [
       116.35289999999996,
       39.966599999999936
      ]
     ]
    ]
   }
  },
  {
   "type": "Feature",
   "id": "LU-00790",
   "properties": {
    "id": "LU-00790",
    "layer": "LAND_USE",
    "land_use_code": "1401",
    "land_use_name_zh": "公园绿地 / 京张活力带",
    "source_type": "agent_generated_design",
    "confidence": "medium",
    "geometry_role": "design_proposal",
    "area_sqm": 13661.1
   },
   "geometry": {
    "type": "Polygon",
    "coordinates": [
     [
      [
       116.35289999999996,
       39.96779999999993
      ],
      [
       116.35409999999996,
       39.96779999999993
      ],
      [
       116.35409999999996,
       39.966599999999936
      ],
      [
       116.35289999999996,
       39.966599999999936
      ],
      [
       116.35289999999996,
       39.96779999999993
      ]
     ]
    ]
   }
  },
  {
   "type": "Feature",
   "id": "LU-00791",
   "properties": {
    "id": "LU-00791",
    "layer": "LAND_USE",
    "land_use_code": "1401",
    "land_use_name_zh": "公园绿地 / 京张活力带",
    "source_type": "agent_generated_design",
    "confidence": "medium",
    "geometry_role": "design_proposal",
    "area_sqm": 13660.9
   },
   "geometry": {
    "type": "Polygon",
    "coordinates": [
     [
      [
       116.35289999999996,
       39.96899999999993
      ],
      [
       116.35409999999996,
       39.96899999999993
      ],
      [
       116.35409999999996,
       39.96779999999993
      ],
      [
       116.35289999999996,
       39.96779999999993
      ],
      [
       116.35289999999996,
       39.96899999999993
      ]
     ]
    ]
   }
  },
  {
   "type": "Feature",
   "id": "LU-00792",
   "properties": {
    "id": "LU-00792",
    "layer": "LAND_USE",
    "land_use_code": "1401",
    "land_use_name_zh": "公园绿地 / 京张活力带",
    "source_type": "agent_generated_design",
    "confidence": "medium",
    "geometry_role": "design_proposal",
    "area_sqm": 13660.6
   },
   "geometry": {
    "type": "Polygon",
    "coordinates": [
     [
      [
       116.35289999999996,
       39.97019999999993
      ],
      [
       116.35409999999996,
       39.97019999999993
      ],
      [
       116.35409999999996,
       39.96899999999993
      ],
      [
       116.35289999999996,
       39.96899999999993
      ],
      [
       116.35289999999996,
       39.97019999999993
      ]
     ]
    ]
   }
  },
  {
   "type": "Feature",
   "id": "LU-00793",
   "properties": {
    "id": "LU-00793",
    "layer": "LAND_USE",
    "land_use_code": "1401",
    "land_use_name_zh": "公园绿地 / 京张活力带",
    "source_type": "agent_generated_design",
    "confidence": "medium",
    "geometry_role": "design_proposal",
    "area_sqm": 13660.4
   },
   "geometry": {
    "type": "Polygon",
    "coordinates": [
     [
      [
       116.35289999999996,
       39.971399999999925
      ],
      [
       116.35409999999996,
       39.971399999999925
      ],
      [
       116.35409999999996,
       39.97019999999993
      ],
      [
       116.35289999999996,
       39.97019999999993
      ],
      [
       116.35289999999996,
       39.971399999999925
      ]
     ]
    ]
   }
  },
  {
   "type": "Feature",
   "id": "LU-00794",
   "properties": {
    "id": "LU-00794",
    "layer": "LAND_USE",
    "land_use_code": "1401",
    "land_use_name_zh": "公园绿地 / 京张活力带",
    "source_type": "agent_generated_design",
    "confidence": "medium",
    "geometry_role": "design_proposal",
    "area_sqm": 13660.1
   },
   "geometry": {
    "type": "Polygon",
    "coordinates": [
     [
      [
       116.35289999999996,
       39.97259999999992
      ],
      [
       116.35409999999996,
       39.97259999999992
      ],
      [
       116.35409999999996,
       39.971399999999925
      ],
      [
       116.35289999999996,
       39.971399999999925
      ],
      [
       116.35289999999996,
       39.97259999999992
      ]
     ]
    ]
   }
  },
  {
   "type": "Feature",
   "id": "LU-00795",
   "properties": {
    "id": "LU-00795",
    "layer": "LAND_USE",
    "land_use_code": "1401",
    "land_use_name_zh": "公园绿地 / 京张活力带",
    "source_type": "agent_generated_design",
    "confidence": "medium",
    "geometry_role": "design_proposal",
    "area_sqm": 13659.9
   },
   "geometry": {
    "type": "Polygon",
    "coordinates": [
     [
      [
       116.35289999999996,
       39.97379999999992
      ],
      [
       116.35409999999996,
       39.97379999999992
      ],
      [
       116.35409999999996,
       39.97259999999992
      ],
      [
       116.35289999999996,
       39.97259999999992
      ],
      [
       116.35289999999996,
       39.97379999999992
      ]
     ]
    ]
   }
  },
  {
   "type": "Feature",
   "id": "LU-00796",
   "properties": {
    "id": "LU-00796",
    "layer": "LAND_USE",
    "land_use_code": "0901",
    "land_use_name_zh": "商业用地",
    "source_type": "agent_generated_design",
    "confidence": "medium",
    "geometry_role": "design_proposal",
    "area_sqm": 13659.7
   },
   "geometry": {
    "type": "Polygon",
    "coordinates": [
     [
      [
       116.35289999999996,
       39.974999999999916
      ],
      [
       116.35409999999996,
       39.974999999999916
      ],
      [
       116.35409999999996,
       39.97379999999992
      ],
      [
       116.35289999999996,
       39.97379999999992
      ],
      [
       116.35289999999996,
       39.974999999999916
      ]
     ]
    ]
   }
  },
  {
   "type": "Feature",
   "id": "LU-00797",
   "properties": {
    "id": "LU-00797",
    "layer": "LAND_USE",
    "land_use_code": "1207",
    "land_use_name_zh": "城镇道路用地",
    "source_type": "agent_generated_design",
    "confidence": "medium",
    "geometry_role": "design_proposal",
    "area_sqm": 13659.4
   },
   "geometry": {
    "type": "Polygon",
    "coordinates": [
     [
      [
       116.35289999999996,
       39.97619999999991
      ],
      [
       116.35409999999996,
       39.97619999999991
      ],
      [
       116.35409999999996,
       39.974999999999916
      ],
      [
       116.35289999999996,
       39.974999999999916
      ],
      [
       116.35289999999996,
       39.97619999999991
      ]
     ]
    ]
   }
  },
  {
   "type": "Feature",
   "id": "LU-00798",
   "properties": {
    "id": "LU-00798",
    "layer": "LAND_USE",
    "land_use_code": "0801",
    "land_use_name_zh": "机关团体用地",
    "source_type": "agent_generated_design",
    "confidence": "medium",
    "geometry_role": "design_proposal",
    "area_sqm": 13659.2
   },
   "geometry": {
    "type": "Polygon",
    "coordinates": [
     [
      [
       116.35289999999996,
       39.97739999999991
      ],
      [
       116.35409999999996,
       39.97739999999991
      ],
      [
       116.35409999999996,
       39.97619999999991
      ],
      [
       116.35289999999996,
       39.97619999999991
      ],
      [
       116.35289999999996,
       39.97739999999991
      ]
     ]
    ]
   }
  },
  {
   "type": "Feature",
   "id": "LU-00799",
   "properties": {
    "id": "LU-00799",
    "layer": "LAND_USE",
    "land_use_code": "0701",
    "land_use_name_zh": "城镇住宅用地",
    "source_type": "agent_generated_design",
    "confidence": "medium",
    "geometry_role": "design_proposal",
    "area_sqm": 13659.0
   },
   "geometry": {
    "type": "Polygon",
    "coordinates": [
     [
      [
       116.35289999999996,
       39.97859999999991
      ],
      [
       116.35409999999996,
       39.97859999999991
      ],
      [
       116.35409999999996,
       39.97739999999991
      ],
      [
       116.35289999999996,
       39.97739999999991
      ],
      [
       116.35289999999996,
       39.97859999999991
      ]
     ]
    ]
   }
  },
  {
   "type": "Feature",
   "id": "LU-00800",
   "properties": {
    "id": "LU-00800",
    "layer": "LAND_USE",
    "land_use_code": "1207",
    "land_use_name_zh": "城镇道路用地",
    "source_type": "agent_generated_design",
    "confidence": "medium",
    "geometry_role": "design_proposal",
    "area_sqm": 13658.7
   },
   "geometry": {
    "type": "Polygon",
    "coordinates": [
     [
      [
       116.35289999999996,
       39.979799999999905
      ],
      [
       116.35409999999996,
       39.979799999999905
      ],
      [
       116.35409999999996,
       39.97859999999991
      ],
      [
       116.35289999999996,
       39.97859999999991
      ],
      [
       116.35289999999996,
       39.979799999999905
      ]
     ]
    ]
   }
  },
  {
   "type": "Feature",
   "id": "LU-00801",
   "properties": {
    "id": "LU-00801",
    "layer": "LAND_USE",
    "land_use_code": "0901",
    "land_use_name_zh": "商业用地",
    "source_type": "agent_generated_design",
    "confidence": "medium",
    "geometry_role": "design_proposal",
    "area_sqm": 13279.1
   },
   "geometry": {
    "type": "Polygon",
    "coordinates": [
     [
      [
       116.35409999999996,
       39.979799999999905
      ],
      [
       116.35289999999996,
       39.979799999999905
      ],
      [
       116.35289999999996,
       39.9809999999999
      ],
      [
       116.35402,
       39.9809999999999
      ],
      [
       116.35409999999996,
       39.98000000000054
      ],
      [
       116.35409999999996,
       39.979799999999905
      ]
     ]
    ]
   }
  },
  {
   "type": "Feature",
   "id": "LU-00802",
   "properties": {
    "id": "LU-00802",
    "layer": "LAND_USE",
    "land_use_code": "0701",
    "land_use_name_zh": "城镇住宅用地",
    "source_type": "agent_generated_design",
    "confidence": "medium",
    "geometry_role": "design_proposal",
    "area_sqm": 12201.4
   },
   "geometry": {
    "type": "Polygon",
    "coordinates": [
     [
      [
       116.35289999999996,
       39.9809999999999
      ],
      [
       116.35289999999996,
       39.9821999999999
      ],
      [
       116.353924,
       39.9821999999999
      ],
      [
       116.35402,
       39.9809999999999
      ],
      [
       116.35289999999996,
       39.9809999999999
      ]
     ]
    ]
   }
  },
  {
   "type": "Feature",
   "id": "LU-00803",
   "properties": {
    "id": "LU-00803",
    "layer": "LAND_USE",
    "land_use_code": "0701",
    "land_use_name_zh": "城镇住宅用地",
    "source_type": "agent_generated_design",
    "confidence": "medium",
    "geometry_role": "design_proposal",
    "area_sqm": 11108.5
   },
   "geometry": {
    "type": "Polygon",
    "coordinates": [
     [
      [
       116.35289999999996,
       39.9821999999999
      ],
      [
       116.35289999999996,
       39.9833999999999
      ],
      [
       116.35382800000001,
       39.9833999999999
      ],
      [
       116.353924,
       39.9821999999999
      ],
      [
       116.35289999999996,
       39.9821999999999
      ]
     ]
    ]
   }
  },
  {
   "type": "Feature",
   "id": "LU-00804",
   "properties": {
    "id": "LU-00804",
    "layer": "LAND_USE",
    "land_use_code": "0701",
    "land_use_name_zh": "城镇住宅用地",
    "source_type": "agent_generated_design",
    "confidence": "medium",
    "geometry_role": "design_proposal",
    "area_sqm": 10015.7
   },
   "geometry": {
    "type": "Polygon",
    "coordinates": [
     [
      [
       116.35289999999996,
       39.9833999999999
      ],
      [
       116.35289999999996,
       39.984599999999894
      ],
      [
       116.35373200000001,
       39.984599999999894
      ],
      [
       116.35382800000001,
       39.9833999999999
      ],
      [
       116.35289999999996,
       39.9833999999999
      ]
     ]
    ]
   }
  },
  {
   "type": "Feature",
   "id": "LU-00805",
   "properties": {
    "id": "LU-00805",
    "layer": "LAND_USE",
    "land_use_code": "1207",
    "land_use_name_zh": "城镇道路用地",
    "source_type": "agent_generated_design",
    "confidence": "medium",
    "geometry_role": "design_proposal",
    "area_sqm": 8922.9
   },
   "geometry": {
    "type": "Polygon",
    "coordinates": [
     [
      [
       116.35289999999996,
       39.984599999999894
      ],
      [
       116.35289999999996,
       39.98579999999989
      ],
      [
       116.35363600000001,
       39.98579999999989
      ],
      [
       116.35373200000001,
       39.984599999999894
      ],
      [
       116.35289999999996,
       39.984599999999894
      ]
     ]
    ]
   }
  },
  {
   "type": "Feature",
   "id": "LU-00806",
   "properties": {
    "id": "LU-00806",
    "layer": "LAND_USE",
    "land_use_code": "1207",
    "land_use_name_zh": "城镇道路用地",
    "source_type": "agent_generated_design",
    "confidence": "medium",
    "geometry_role": "design_proposal",
    "area_sqm": 7830.2
   },
   "geometry": {
    "type": "Polygon",
    "coordinates": [
     [
      [
       116.35289999999996,
       39.98579999999989
      ],
      [
       116.35289999999996,
       39.98699999999989
      ],
      [
       116.35354000000001,
       39.98699999999989
      ],
      [
       116.35363600000001,
       39.98579999999989
      ],
      [
       116.35289999999996,
       39.98579999999989
      ]
     ]
    ]
   }
  },
  {
   "type": "Feature",
   "id": "LU-00807",
   "properties": {
    "id": "LU-00807",
    "layer": "LAND_USE",
    "land_use_code": "1207",
    "land_use_name_zh": "城镇道路用地",
    "source_type": "agent_generated_design",
    "confidence": "medium",
    "geometry_role": "design_proposal",
    "area_sqm": 6737.5
   },
   "geometry": {
    "type": "Polygon",
    "coordinates": [
     [
      [
       116.35289999999996,
       39.98699999999989
      ],
      [
       116.35289999999996,
       39.988199999999885
      ],
      [
       116.35344400000001,
       39.988199999999885
      ],
      [
       116.35354000000001,
       39.98699999999989
      ],
      [
       116.35289999999996,
       39.98699999999989
      ]
     ]
    ]
   }
  },
  {
   "type": "Feature",
   "id": "LU-00808",
   "properties": {
    "id": "LU-00808",
    "layer": "LAND_USE",
    "land_use_code": "1207",
    "land_use_name_zh": "城镇道路用地",
    "source_type": "agent_generated_design",
    "confidence": "medium",
    "geometry_role": "design_proposal",
    "area_sqm": 5644.8
   },
   "geometry": {
    "type": "Polygon",
    "coordinates": [
     [
      [
       116.35289999999996,
       39.988199999999885
      ],
      [
       116.35289999999996,
       39.98939999999988
      ],
      [
       116.35334800000001,
       39.98939999999988
      ],
      [
       116.35344400000001,
       39.988199999999885
      ],
      [
       116.35289999999996,
       39.988199999999885
      ]
     ]
    ]
   }
  },
  {
   "type": "Feature",
   "id": "LU-00809",
   "properties": {
    "id": "LU-00809",
    "layer": "LAND_USE",
    "land_use_code": "1207",
    "land_use_name_zh": "城镇道路用地",
    "source_type": "agent_generated_design",
    "confidence": "medium",
    "geometry_role": "design_proposal",
    "area_sqm": 4782.3
   },
   "geometry": {
    "type": "Polygon",
    "coordinates": [
     [
      [
       116.35289999999996,
       39.98939999999988
      ],
      [
       116.35289999999996,
       39.99059999999988
      ],
      [
       116.35333287671233,
       39.99059999999988
      ],
      [
       116.3533,
       39.99
      ],
      [
       116.35334800000001,
       39.98939999999988
      ],
      [
       116.35289999999996,
       39.98939999999988
      ]
     ]
    ]
   }
  },
  {
   "type": "Feature",
   "id": "LU-00810",
   "properties": {
    "id": "LU-00810",
    "layer": "LAND_USE",
    "land_use_code": "1207",
    "land_use_name_zh": "城镇道路用地",
    "source_type": "agent_generated_design",
    "confidence": "medium",
    "geometry_role": "design_proposal",
    "area_sqm": 5300.4
   },
   "geometry": {
    "type": "Polygon",
    "coordinates": [
     [
      [
       116.35289999999996,
       39.99059999999988
      ],
      [
       116.35289999999996,
       39.99179999999988
      ],
      [
       116.35339863013698,
       39.99179999999988
      ],
      [
       116.35333287671233,
       39.99059999999988
      ],
      [
       116.35289999999996,
       39.99059999999988
      ]
     ]
    ]
   }
  },
  {
   "type": "Feature",
   "id": "LU-00811",
   "properties": {
    "id": "LU-00811",
    "layer": "LAND_USE",
    "land_use_code": "1207",
    "land_use_name_zh": "城镇道路用地",
    "source_type": "agent_generated_design",
    "confidence": "medium",
    "geometry_role": "design_proposal",
    "area_sqm": 6048.6
   },
   "geometry": {
    "type": "Polygon",
    "coordinates": [
     [
      [
       116.35289999999996,
       39.99179999999988
      ],
      [
       116.35289999999996,
       39.992999999999874
      ],
      [
       116.35346438356164,
       39.992999999999874
      ],
      [
       116.35339863013698,
       39.99179999999988
      ],
      [
       116.35289999999996,
       39.99179999999988
      ]
     ]
    ]
   }
  },
  {
   "type": "Feature",
   "id": "LU-00812",
   "properties": {
    "id": "LU-00812",
    "layer": "LAND_USE",
    "land_use_code": "1207",
    "land_use_name_zh": "城镇道路用地",
    "source_type": "agent_generated_design",
    "confidence": "medium",
    "geometry_role": "design_proposal",
    "area_sqm": 6796.8
   },
   "geometry": {
    "type": "Polygon",
    "coordinates": [
     [
      [
       116.35289999999996,
       39.992999999999874
      ],
      [
       116.35289999999996,
       39.99419999999987
      ],
      [
       116.3535301369863,
       39.99419999999987
      ],
      [
       116.35346438356164,
       39.992999999999874
      ],
      [
       116.35289999999996,
       39.992999999999874
      ]
     ]
    ]
   }
  },
  {
   "type": "Feature",
   "id": "LU-00813",
   "properties": {
    "id": "LU-00813",
    "layer": "LAND_USE",
    "land_use_code": "1207",
    "land_use_name_zh": "城镇道路用地",
    "source_type": "agent_generated_design",
    "confidence": "medium",
    "geometry_role": "design_proposal",
    "area_sqm": 7544.9
   },
   "geometry": {
    "type": "Polygon",
    "coordinates": [
     [
      [
       116.35289999999996,
       39.99419999999987
      ],
      [
       116.35289999999996,
       39.99539999999987
      ],
      [
       116.35359589041096,
       39.99539999999987
      ],
      [
       116.3535301369863,
       39.99419999999987
      ],
      [
       116.35289999999996,
       39.99419999999987
      ]
     ]
    ]
   }
  },
  {
   "type": "Feature",
   "id": "LU-00814",
   "properties": {
    "id": "LU-00814",
    "layer": "LAND_USE",
    "land_use_code": "1207",
    "land_use_name_zh": "城镇道路用地",
    "source_type": "agent_generated_design",
    "confidence": "medium",
    "geometry_role": "design_proposal",
    "area_sqm": 8293.0
   },
   "geometry": {
    "type": "Polygon",
    "coordinates": [
     [
      [
       116.35289999999996,
       39.99539999999987
      ],
      [
       116.35289999999996,
       39.996599999999866
      ],
      [
       116.35366164383561,
       39.996599999999866
      ],
      [
       116.35359589041096,
       39.99539999999987
      ],
      [
       116.35289999999996,
       39.99539999999987
      ]
     ]
    ]
   }
  },
  {
   "type": "Feature",
   "id": "LU-00815",
   "properties": {
    "id": "LU-00815",
    "layer": "LAND_USE",
    "land_use_code": "1207",
    "land_use_name_zh": "城镇道路用地",
    "source_type": "agent_generated_design",
    "confidence": "medium",
    "geometry_role": "design_proposal",
    "area_sqm": 9041.1
   },
   "geometry": {
    "type": "Polygon",
    "coordinates": [
     [
      [
       116.35289999999996,
       39.996599999999866
      ],
      [
       116.35289999999996,
       39.99779999999986
      ],
      [
       116.35372739726027,
       39.99779999999986
      ],
      [
       116.35366164383561,
       39.996599999999866
      ],
      [
       116.35289999999996,
       39.996599999999866
      ]
     ]
    ]
   }
  },
  {
   "type": "Feature",
   "id": "LU-00816",
   "properties": {
    "id": "LU-00816",
    "layer": "LAND_USE",
    "land_use_code": "0701",
    "land_use_name_zh": "城镇住宅用地",
    "source_type": "agent_generated_design",
    "confidence": "medium",
    "geometry_role": "design_proposal",
    "area_sqm": 9789.2
   },
   "geometry": {
    "type": "Polygon",
    "coordinates": [
     [
      [
       116.35289999999996,
       39.99779999999986
      ],
      [
       116.35289999999996,
       39.99899999999986
      ],
      [
       116.35379315068492,
       39.99899999999986
      ],
      [
       116.35372739726027,
       39.99779999999986
      ],
      [
       116.35289999999996,
       39.99779999999986
      ]
     ]
    ]
   }
  },
  {
   "type": "Feature",
   "id": "LU-00817",
   "properties": {
    "id": "LU-00817",
    "layer": "LAND_USE",
    "land_use_code": "0701",
    "land_use_name_zh": "城镇住宅用地",
    "source_type": "agent_generated_design",
    "confidence": "medium",
    "geometry_role": "design_proposal",
    "area_sqm": 10537.2
   },
   "geometry": {
    "type": "Polygon",
    "coordinates": [
     [
      [
       116.35289999999996,
       39.99899999999986
      ],
      [
       116.35289999999996,
       40.00019999999986
      ],
      [
       116.35385890410959,
       40.00019999999986
      ],
      [
       116.35379315068492,
       39.99899999999986
      ],
      [
       116.35289999999996,
       39.99899999999986
      ]
     ]
    ]
   }
  },
  {
   "type": "Feature",
   "id": "LU-00818",
   "properties": {
    "id": "LU-00818",
    "layer": "LAND_USE",
    "land_use_code": "0801",
    "land_use_name_zh": "机关团体用地",
    "source_type": "agent_generated_design",
    "confidence": "medium",
    "geometry_role": "design_proposal",
    "area_sqm": 11285.2
   },
   "geometry": {
    "type": "Polygon",
    "coordinates": [
     [
      [
       116.35289999999996,
       40.00019999999986
      ],
      [
       116.35289999999996,
       40.001399999999855
      ],
      [
       116.35392465753424,
       40.001399999999855
      ],
      [
       116.35385890410959,
       40.00019999999986
      ],
      [
       116.35289999999996,
       40.00019999999986
      ]
     ]
    ]
   }
  },
  {
   "type": "Feature",
   "id": "LU-00819",
   "properties": {
    "id": "LU-00819",
    "layer": "LAND_USE",
    "land_use_code": "0701",
    "land_use_name_zh": "城镇住宅用地",
    "source_type": "agent_generated_design",
    "confidence": "medium",
    "geometry_role": "design_proposal",
    "area_sqm": 12033.2
   },
   "geometry": {
    "type": "Polygon",
    "coordinates": [
     [
      [
       116.35289999999996,
       40.001399999999855
      ],
      [
       116.35289999999996,
       40.00259999999985
      ],
      [
       116.3539904109589,
       40.00259999999985
      ],
      [
       116.35392465753424,
       40.001399999999855
      ],
      [
       116.35289999999996,
       40.001399999999855
      ]
     ]
    ]
   }
  },
  {
   "type": "Feature",
   "id": "LU-00820",
   "properties": {
    "id": "LU-00820",
    "layer": "LAND_USE",
    "land_use_code": "1207",
    "land_use_name_zh": "城镇道路用地",
    "source_type": "agent_generated_design",
    "confidence": "medium",
    "geometry_role": "design_proposal",
    "area_sqm": 12781.1
   },
   "geometry": {
    "type": "Polygon",
    "coordinates": [
     [
      [
       116.35289999999996,
       40.00259999999985
      ],
      [
       116.35289999999996,
       40.00379999999985
      ],
      [
       116.35405616438355,
       40.00379999999985
      ],
      [
       116.3539904109589,
       40.00259999999985
      ],
      [
       116.35289999999996,
       40.00259999999985
      ]
     ]
    ]
   }
  },
  {
   "type": "Feature",
   "id": "LU-00821",
   "properties": {
    "id": "LU-00821",
    "layer": "LAND_USE",
    "land_use_code": "0701",
    "land_use_name_zh": "城镇住宅用地",
    "source_type": "agent_generated_design",
    "confidence": "medium",
    "geometry_role": "design_proposal",
    "area_sqm": 13487.5
   },
   "geometry": {
    "type": "Polygon",
    "coordinates": [
     [
      [
       116.35289999999996,
       40.00379999999985
      ],
      [
       116.35289999999996,
       40.004999999999846
      ],
      [
       116.35409999999996,
       40.004999999999846
      ],
      [
       116.35409999999996,
       40.00459999999922
      ],
      [
       116.35405616438355,
       40.00379999999985
      ],
      [
       116.35289999999996,
       40.00379999999985
      ]
     ]
    ]
   }
  },
  {
   "type": "Feature",
   "id": "LU-00822",
   "properties": {
    "id": "LU-00822",
    "layer": "LAND_USE",
    "land_use_code": "0701",
    "land_use_name_zh": "城镇住宅用地",
    "source_type": "agent_generated_design",
    "confidence": "medium",
    "geometry_role": "design_proposal",
    "area_sqm": 13653.5
   },
   "geometry": {
    "type": "Polygon",
    "coordinates": [
     [
      [
       116.35289999999996,
       40.00619999999984
      ],
      [
       116.35409999999996,
       40.00619999999984
      ],
      [
       116.35409999999996,
       40.004999999999846
      ],
      [
       116.35289999999996,
       40.004999999999846
      ],
      [
       116.35289999999996,
       40.00619999999984
      ]
     ]
    ]
   }
  },
  {
   "type": "Feature",
   "id": "LU-00823",
   "properties": {
    "id": "LU-00823",
    "layer": "LAND_USE",
    "land_use_code": "0701",
    "land_use_name_zh": "城镇住宅用地",
    "source_type": "agent_generated_design",
    "confidence": "medium",
    "geometry_role": "design_proposal",
    "area_sqm": 13653.3
   },
   "geometry": {
    "type": "Polygon",
    "coordinates": [
     [
      [
       116.35289999999996,
       40.00739999999984
      ],
      [
       116.35409999999996,
       40.00739999999984
      ],
      [
       116.35409999999996,
       40.00619999999984
      ],
      [
       116.35289999999996,
       40.00619999999984
      ],
      [
       116.35289999999996,
       40.00739999999984
      ]
     ]
    ]
   }
  },
  {
   "type": "Feature",
   "id": "LU-00824",
   "properties": {
    "id": "LU-00824",
    "layer": "LAND_USE",
    "land_use_code": "1001",
    "land_use_name_zh": "工业用地 / AI 自主创新产业",
    "source_type": "agent_generated_design",
    "confidence": "medium",
    "geometry_role": "design_proposal",
    "area_sqm": 13653.1
   },
   "geometry": {
    "type": "Polygon",
    "coordinates": [
     [
      [
       116.35289999999996,
       40.00859999999984
      ],
      [
       116.35409999999996,
       40.00859999999984
      ],
      [
       116.35409999999996,
       40.00739999999984
      ],
      [
       116.35289999999996,
       40.00739999999984
      ],
      [
       116.35289999999996,
       40.00859999999984
      ]
     ]
    ]
   }
  },
  {
   "type": "Feature",
   "id": "LU-00825",
   "properties": {
    "id": "LU-00825",
    "layer": "LAND_USE",
    "land_use_code": "1001",
    "land_use_name_zh": "工业用地 / AI 自主创新产业",
    "source_type": "agent_generated_design",
    "confidence": "medium",
    "geometry_role": "design_proposal",
    "area_sqm": 13652.8
   },
   "geometry": {
    "type": "Polygon",
    "coordinates": [
     [
      [
       116.35289999999996,
       40.009799999999835
      ],
      [
       116.35409999999996,
       40.009799999999835
      ],
      [
       116.35409999999996,
       40.00859999999984
      ],
      [
       116.35289999999996,
       40.00859999999984
      ],
      [
       116.35289999999996,
       40.009799999999835
      ]
     ]
    ]
   }
  },
  {
   "type": "Feature",
   "id": "LU-00826",
   "properties": {
    "id": "LU-00826",
    "layer": "LAND_USE",
    "land_use_code": "1001",
    "land_use_name_zh": "工业用地 / AI 自主创新产业",
    "source_type": "agent_generated_design",
    "confidence": "medium",
    "geometry_role": "design_proposal",
    "area_sqm": 13652.6
   },
   "geometry": {
    "type": "Polygon",
    "coordinates": [
     [
      [
       116.35289999999996,
       40.01099999999983
      ],
      [
       116.35409999999996,
       40.01099999999983
      ],
      [
       116.35409999999996,
       40.009799999999835
      ],
      [
       116.35289999999996,
       40.009799999999835
      ],
      [
       116.35289999999996,
       40.01099999999983
      ]
     ]
    ]
   }
  },
  {
   "type": "Feature",
   "id": "LU-00827",
   "properties": {
    "id": "LU-00827",
    "layer": "LAND_USE",
    "land_use_code": "1001",
    "land_use_name_zh": "工业用地 / AI 自主创新产业",
    "source_type": "agent_generated_design",
    "confidence": "medium",
    "geometry_role": "design_proposal",
    "area_sqm": 13652.4
   },
   "geometry": {
    "type": "Polygon",
    "coordinates": [
     [
      [
       116.35289999999996,
       40.01219999999983
      ],
      [
       116.35409999999996,
       40.01219999999983
      ],
      [
       116.35409999999996,
       40.01099999999983
      ],
      [
       116.35289999999996,
       40.01099999999983
      ],
      [
       116.35289999999996,
       40.01219999999983
      ]
     ]
    ]
   }
  },
  {
   "type": "Feature",
   "id": "LU-00828",
   "properties": {
    "id": "LU-00828",
    "layer": "LAND_USE",
    "land_use_code": "1001",
    "land_use_name_zh": "工业用地 / AI 自主创新产业",
    "source_type": "agent_generated_design",
    "confidence": "medium",
    "geometry_role": "design_proposal",
    "area_sqm": 13652.1
   },
   "geometry": {
    "type": "Polygon",
    "coordinates": [
     [
      [
       116.35289999999996,
       40.01339999999983
      ],
      [
       116.35409999999996,
       40.01339999999983
      ],
      [
       116.35409999999996,
       40.01219999999983
      ],
      [
       116.35289999999996,
       40.01219999999983
      ],
      [
       116.35289999999996,
       40.01339999999983
      ]
     ]
    ]
   }
  },
  {
   "type": "Feature",
   "id": "LU-00829",
   "properties": {
    "id": "LU-00829",
    "layer": "LAND_USE",
    "land_use_code": "1001",
    "land_use_name_zh": "工业用地 / AI 自主创新产业",
    "source_type": "agent_generated_design",
    "confidence": "medium",
    "geometry_role": "design_proposal",
    "area_sqm": 13651.9
   },
   "geometry": {
    "type": "Polygon",
    "coordinates": [
     [
      [
       116.35289999999996,
       40.014599999999824
      ],
      [
       116.35409999999996,
       40.014599999999824
      ],
      [
       116.35409999999996,
       40.01339999999983
      ],
      [
       116.35289999999996,
       40.01339999999983
      ],
      [
       116.35289999999996,
       40.014599999999824
      ]
     ]
    ]
   }
  },
  {
   "type": "Feature",
   "id": "LU-00830",
   "properties": {
    "id": "LU-00830",
    "layer": "LAND_USE",
    "land_use_code": "1001",
    "land_use_name_zh": "工业用地 / AI 自主创新产业",
    "source_type": "agent_generated_design",
    "confidence": "medium",
    "geometry_role": "design_proposal",
    "area_sqm": 13651.6
   },
   "geometry": {
    "type": "Polygon",
    "coordinates": [
     [
      [
       116.35289999999996,
       40.01579999999982
      ],
      [
       116.35409999999996,
       40.01579999999982
      ],
      [
       116.35409999999996,
       40.014599999999824
      ],
      [
       116.35289999999996,
       40.014599999999824
      ],
      [
       116.35289999999996,
       40.01579999999982
      ]
     ]
    ]
   }
  },
  {
   "type": "Feature",
   "id": "LU-00831",
   "properties": {
    "id": "LU-00831",
    "layer": "LAND_USE",
    "land_use_code": "1001",
    "land_use_name_zh": "工业用地 / AI 自主创新产业",
    "source_type": "agent_generated_design",
    "confidence": "medium",
    "geometry_role": "design_proposal",
    "area_sqm": 13651.4
   },
   "geometry": {
    "type": "Polygon",
    "coordinates": [
     [
      [
       116.35289999999996,
       40.01699999999982
      ],
      [
       116.35409999999996,
       40.01699999999982
      ],
      [
       116.35409999999996,
       40.01579999999982
      ],
      [
       116.35289999999996,
       40.01579999999982
      ],
      [
       116.35289999999996,
       40.01699999999982
      ]
     ]
    ]
   }
  },
  {
   "type": "Feature",
   "id": "LU-00832",
   "properties": {
    "id": "LU-00832",
    "layer": "LAND_USE",
    "land_use_code": "1001",
    "land_use_name_zh": "工业用地 / AI 自主创新产业",
    "source_type": "agent_generated_design",
    "confidence": "medium",
    "geometry_role": "design_proposal",
    "area_sqm": 13651.2
   },
   "geometry": {
    "type": "Polygon",
    "coordinates": [
     [
      [
       116.35289999999996,
       40.018199999999815
      ],
      [
       116.35409999999996,
       40.018199999999815
      ],
      [
       116.35409999999996,
       40.01699999999982
      ],
      [
       116.35289999999996,
       40.01699999999982
      ],
      [
       116.35289999999996,
       40.018199999999815
      ]
     ]
    ]
   }
  },
  {
   "type": "Feature",
   "id": "LU-00833",
   "properties": {
    "id": "LU-00833",
    "layer": "LAND_USE",
    "land_use_code": "1001",
    "land_use_name_zh": "工业用地 / AI 自主创新产业",
    "source_type": "agent_generated_design",
    "confidence": "medium",
    "geometry_role": "design_proposal",
    "area_sqm": 13650.9
   },
   "geometry": {
    "type": "Polygon",
    "coordinates": [
     [
      [
       116.35289999999996,
       40.01939999999981
      ],
      [
       116.35409999999996,
       40.01939999999981
      ],
      [
       116.35409999999996,
       40.018199999999815
      ],
      [
       116.35289999999996,
       40.018199999999815
      ],
      [
       116.35289999999996,
       40.01939999999981
      ]
     ]
    ]
   }
  },
  {
   "type": "Feature",
   "id": "LU-00834",
   "properties": {
    "id": "LU-00834",
    "layer": "LAND_USE",
    "land_use_code": "1001",
    "land_use_name_zh": "工业用地 / AI 自主创新产业",
    "source_type": "agent_generated_design",
    "confidence": "medium",
    "geometry_role": "design_proposal",
    "area_sqm": 13650.7
   },
   "geometry": {
    "type": "Polygon",
    "coordinates": [
     [
      [
       116.35289999999996,
       40.02059999999981
      ],
      [
       116.35409999999996,
       40.02059999999981
      ],
      [
       116.35409999999996,
       40.01939999999981
      ],
      [
       116.35289999999996,
       40.01939999999981
      ],
      [
       116.35289999999996,
       40.02059999999981
      ]
     ]
    ]
   }
  },
  {
   "type": "Feature",
   "id": "LU-00835",
   "properties": {
    "id": "LU-00835",
    "layer": "LAND_USE",
    "land_use_code": "1001",
    "land_use_name_zh": "工业用地 / AI 自主创新产业",
    "source_type": "agent_generated_design",
    "confidence": "medium",
    "geometry_role": "design_proposal",
    "area_sqm": 13650.5
   },
   "geometry": {
    "type": "Polygon",
    "coordinates": [
     [
      [
       116.35289999999996,
       40.02179999999981
      ],
      [
       116.35409999999996,
       40.02179999999981
      ],
      [
       116.35409999999996,
       40.02059999999981
      ],
      [
       116.35289999999996,
       40.02059999999981
      ],
      [
       116.35289999999996,
       40.02179999999981
      ]
     ]
    ]
   }
  },
  {
   "type": "Feature",
   "id": "LU-00836",
   "properties": {
    "id": "LU-00836",
    "layer": "LAND_USE",
    "land_use_code": "1001",
    "land_use_name_zh": "工业用地 / AI 自主创新产业",
    "source_type": "agent_generated_design",
    "confidence": "medium",
    "geometry_role": "design_proposal",
    "area_sqm": 13650.2
   },
   "geometry": {
    "type": "Polygon",
    "coordinates": [
     [
      [
       116.35289999999996,
       40.022999999999804
      ],
      [
       116.35409999999996,
       40.022999999999804
      ],
      [
       116.35409999999996,
       40.02179999999981
      ],
      [
       116.35289999999996,
       40.02179999999981
      ],
      [
       116.35289999999996,
       40.022999999999804
      ]
     ]
    ]
   }
  },
  {
   "type": "Feature",
   "id": "LU-00837",
   "properties": {
    "id": "LU-00837",
    "layer": "LAND_USE",
    "land_use_code": "1001",
    "land_use_name_zh": "工业用地 / AI 自主创新产业",
    "source_type": "agent_generated_design",
    "confidence": "medium",
    "geometry_role": "design_proposal",
    "area_sqm": 13650.0
   },
   "geometry": {
    "type": "Polygon",
    "coordinates": [
     [
      [
       116.35289999999996,
       40.0241999999998
      ],
      [
       116.35409999999996,
       40.0241999999998
      ],
      [
       116.35409999999996,
       40.022999999999804
      ],
      [
       116.35289999999996,
       40.022999999999804
      ],
      [
       116.35289999999996,
       40.0241999999998
      ]
     ]
    ]
   }
  },
  {
   "type": "Feature",
   "id": "LU-00838",
   "properties": {
    "id": "LU-00838",
    "layer": "LAND_USE",
    "land_use_code": "1001",
    "land_use_name_zh": "工业用地 / AI 自主创新产业",
    "source_type": "agent_generated_design",
    "confidence": "medium",
    "geometry_role": "design_proposal",
    "area_sqm": 13649.8
   },
   "geometry": {
    "type": "Polygon",
    "coordinates": [
     [
      [
       116.35289999999996,
       40.0253999999998
      ],
      [
       116.35409999999996,
       40.0253999999998
      ],
      [
       116.35409999999996,
       40.0241999999998
      ],
      [
       116.35289999999996,
       40.0241999999998
      ],
      [
       116.35289999999996,
       40.0253999999998
      ]
     ]
    ]
   }
  },
  {
   "type": "Feature",
   "id": "LU-00839",
   "properties": {
    "id": "LU-00839",
    "layer": "LAND_USE",
    "land_use_code": "1001",
    "land_use_name_zh": "工业用地 / AI 自主创新产业",
    "source_type": "agent_generated_design",
    "confidence": "medium",
    "geometry_role": "design_proposal",
    "area_sqm": 12512.1
   },
   "geometry": {
    "type": "Polygon",
    "coordinates": [
     [
      [
       116.35409999999996,
       40.0253999999998
      ],
      [
       116.35289999999996,
       40.0253999999998
      ],
      [
       116.35289999999996,
       40.0265
      ],
      [
       116.35409999999996,
       40.0265
      ],
      [
       116.35409999999996,
       40.0253999999998
      ]
     ]
    ]
   }
  },
  {
   "type": "Feature",
   "id": "LU-00840",
   "properties": {
    "id": "LU-00840",
    "layer": "LAND_USE",
    "land_use_code": "1207",
    "land_use_name_zh": "城镇道路用地",
    "source_type": "agent_generated_design",
    "confidence": "medium",
    "geometry_role": "design_proposal",
    "area_sqm": 13666.5
   },
   "geometry": {
    "type": "Polygon",
    "coordinates": [
     [
      [
       116.35409999999996,
       39.939
      ],
      [
       116.35409999999996,
       39.9402
      ],
      [
       116.35529999999996,
       39.9402
      ],
      [
       116.35529999999996,
       39.939
      ],
      [
       116.35409999999996,
       39.939
      ]
     ]
    ]
   }
  },
  {
   "type": "Feature",
   "id": "LU-00841",
   "properties": {
    "id": "LU-00841",
    "layer": "LAND_USE",
    "land_use_code": "0701",
    "land_use_name_zh": "城镇住宅用地",
    "source_type": "agent_generated_design",
    "confidence": "medium",
    "geometry_role": "design_proposal",
    "area_sqm": 13666.3
   },
   "geometry": {
    "type": "Polygon",
    "coordinates": [
     [
      [
       116.35409999999996,
       39.941399999999994
      ],
      [
       116.35529999999996,
       39.941399999999994
      ],
      [
       116.35529999999996,
       39.9402
      ],
      [
       116.35409999999996,
       39.9402
      ],
      [
       116.35409999999996,
       39.941399999999994
      ]
     ]
    ]
   }
  },
  {
   "type": "Feature",
   "id": "LU-00842",
   "properties": {
    "id": "LU-00842",
    "layer": "LAND_USE",
    "land_use_code": "0901",
    "land_use_name_zh": "商业用地",
    "source_type": "agent_generated_design",
    "confidence": "medium",
    "geometry_role": "design_proposal",
    "area_sqm": 13666.0
   },
   "geometry": {
    "type": "Polygon",
    "coordinates": [
     [
      [
       116.35409999999996,
       39.94259999999999
      ],
      [
       116.35529999999996,
       39.94259999999999
      ],
      [
       116.35529999999996,
       39.941399999999994
      ],
      [
       116.35409999999996,
       39.941399999999994
      ],
      [
       116.35409999999996,
       39.94259999999999
      ]
     ]
    ]
   }
  },
  {
   "type": "Feature",
   "id": "LU-00843",
   "properties": {
    "id": "LU-00843",
    "layer": "LAND_USE",
    "land_use_code": "1207",
    "land_use_name_zh": "城镇道路用地",
    "source_type": "agent_generated_design",
    "confidence": "medium",
    "geometry_role": "design_proposal",
    "area_sqm": 13665.8
   },
   "geometry": {
    "type": "Polygon",
    "coordinates": [
     [
      [
       116.35409999999996,
       39.94379999999999
      ],
      [
       116.35529999999996,
       39.94379999999999
      ],
      [
       116.35529999999996,
       39.94259999999999
      ],
      [
       116.35409999999996,
       39.94259999999999
      ],
      [
       116.35409999999996,
       39.94379999999999
      ]
     ]
    ]
   }
  },
  {
   "type": "Feature",
   "id": "LU-00844",
   "properties": {
    "id": "LU-00844",
    "layer": "LAND_USE",
    "land_use_code": "0902",
    "land_use_name_zh": "商务金融用地 / AI 总部",
    "source_type": "agent_generated_design",
    "confidence": "medium",
    "geometry_role": "design_proposal",
    "area_sqm": 13665.6
   },
   "geometry": {
    "type": "Polygon",
    "coordinates": [
     [
      [
       116.35409999999996,
       39.944999999999986
      ],
      [
       116.35529999999996,
       39.944999999999986
      ],
      [
       116.35529999999996,
       39.94379999999999
      ],
      [
       116.35409999999996,
       39.94379999999999
      ],
      [
       116.35409999999996,
       39.944999999999986
      ]
     ]
    ]
   }
  },
  {
   "type": "Feature",
   "id": "LU-00845",
   "properties": {
    "id": "LU-00845",
    "layer": "LAND_USE",
    "land_use_code": "0902",
    "land_use_name_zh": "商务金融用地 / AI 总部",
    "source_type": "agent_generated_design",
    "confidence": "medium",
    "geometry_role": "design_proposal",
    "area_sqm": 13665.3
   },
   "geometry": {
    "type": "Polygon",
    "coordinates": [
     [
      [
       116.35409999999996,
       39.94619999999998
      ],
      [
       116.35529999999996,
       39.94619999999998
      ],
      [
       116.35529999999996,
       39.944999999999986
      ],
      [
       116.35409999999996,
       39.944999999999986
      ],
      [
       116.35409999999996,
       39.94619999999998
      ]
     ]
    ]
   }
  },
  {
   "type": "Feature",
   "id": "LU-00846",
   "properties": {
    "id": "LU-00846",
    "layer": "LAND_USE",
    "land_use_code": "0902",
    "land_use_name_zh": "商务金融用地 / AI 总部",
    "source_type": "agent_generated_design",
    "confidence": "medium",
    "geometry_role": "design_proposal",
    "area_sqm": 13665.1
   },
   "geometry": {
    "type": "Polygon",
    "coordinates": [
     [
      [
       116.35409999999996,
       39.94739999999998
      ],
      [
       116.35529999999996,
       39.94739999999998
      ],
      [
       116.35529999999996,
       39.94619999999998
      ],
      [
       116.35409999999996,
       39.94619999999998
      ],
      [
       116.35409999999996,
       39.94739999999998
      ]
     ]
    ]
   }
  },
  {
   "type": "Feature",
   "id": "LU-00847",
   "properties": {
    "id": "LU-00847",
    "layer": "LAND_USE",
    "land_use_code": "0902",
    "land_use_name_zh": "商务金融用地 / AI 总部",
    "source_type": "agent_generated_design",
    "confidence": "medium",
    "geometry_role": "design_proposal",
    "area_sqm": 13664.9
   },
   "geometry": {
    "type": "Polygon",
    "coordinates": [
     [
      [
       116.35409999999996,
       39.94859999999998
      ],
      [
       116.35529999999996,
       39.94859999999998
      ],
      [
       116.35529999999996,
       39.94739999999998
      ],
      [
       116.35409999999996,
       39.94739999999998
      ],
      [
       116.35409999999996,
       39.94859999999998
      ]
     ]
    ]
   }
  },
  {
   "type": "Feature",
   "id": "LU-00848",
   "properties": {
    "id": "LU-00848",
    "layer": "LAND_USE",
    "land_use_code": "0902",
    "land_use_name_zh": "商务金融用地 / AI 总部",
    "source_type": "agent_generated_design",
    "confidence": "medium",
    "geometry_role": "design_proposal",
    "area_sqm": 13664.6
   },
   "geometry": {
    "type": "Polygon",
    "coordinates": [
     [
      [
       116.35409999999996,
       39.949799999999975
      ],
      [
       116.35529999999996,
       39.949799999999975
      ],
      [
       116.35529999999996,
       39.94859999999998
      ],
      [
       116.35409999999996,
       39.94859999999998
      ],
      [
       116.35409999999996,
       39.949799999999975
      ]
     ]
    ]
   }
  },
  {
   "type": "Feature",
   "id": "LU-00849",
   "properties": {
    "id": "LU-00849",
    "layer": "LAND_USE",
    "land_use_code": "0801",
    "land_use_name_zh": "机关团体用地",
    "source_type": "agent_generated_design",
    "confidence": "medium",
    "geometry_role": "design_proposal",
    "area_sqm": 13664.4
   },
   "geometry": {
    "type": "Polygon",
    "coordinates": [
     [
      [
       116.35409999999996,
       39.95099999999997
      ],
      [
       116.35529999999996,
       39.95099999999997
      ],
      [
       116.35529999999996,
       39.949799999999975
      ],
      [
       116.35409999999996,
       39.949799999999975
      ],
      [
       116.35409999999996,
       39.95099999999997
      ]
     ]
    ]
   }
  },
  {
   "type": "Feature",
   "id": "LU-00850",
   "properties": {
    "id": "LU-00850",
    "layer": "LAND_USE",
    "land_use_code": "1207",
    "land_use_name_zh": "城镇道路用地",
    "source_type": "agent_generated_design",
    "confidence": "medium",
    "geometry_role": "design_proposal",
    "area_sqm": 13664.2
   },
   "geometry": {
    "type": "Polygon",
    "coordinates": [
     [
      [
       116.35409999999996,
       39.95219999999997
      ],
      [
       116.35529999999996,
       39.95219999999997
      ],
      [
       116.35529999999996,
       39.95099999999997
      ],
      [
       116.35409999999996,
       39.95099999999997
      ],
      [
       116.35409999999996,
       39.95219999999997
      ]
     ]
    ]
   }
  },
  {
   "type": "Feature",
   "id": "LU-00851",
   "properties": {
    "id": "LU-00851",
    "layer": "LAND_USE",
    "land_use_code": "0701",
    "land_use_name_zh": "城镇住宅用地",
    "source_type": "agent_generated_design",
    "confidence": "medium",
    "geometry_role": "design_proposal",
    "area_sqm": 13663.9
   },
   "geometry": {
    "type": "Polygon",
    "coordinates": [
     [
      [
       116.35409999999996,
       39.95339999999997
      ],
      [
       116.35529999999996,
       39.95339999999997
      ],
      [
       116.35529999999996,
       39.95219999999997
      ],
      [
       116.35409999999996,
       39.95219999999997
      ],
      [
       116.35409999999996,
       39.95339999999997
      ]
     ]
    ]
   }
  },
  {
   "type": "Feature",
   "id": "LU-00852",
   "properties": {
    "id": "LU-00852",
    "layer": "LAND_USE",
    "land_use_code": "0701",
    "land_use_name_zh": "城镇住宅用地",
    "source_type": "agent_generated_design",
    "confidence": "medium",
    "geometry_role": "design_proposal",
    "area_sqm": 13663.7
   },
   "geometry": {
    "type": "Polygon",
    "coordinates": [
     [
      [
       116.35409999999996,
       39.954599999999964
      ],
      [
       116.35529999999996,
       39.954599999999964
      ],
      [
       116.35529999999996,
       39.95339999999997
      ],
      [
       116.35409999999996,
       39.95339999999997
      ],
      [
       116.35409999999996,
       39.954599999999964
      ]
     ]
    ]
   }
  },
  {
   "type": "Feature",
   "id": "LU-00853",
   "properties": {
    "id": "LU-00853",
    "layer": "LAND_USE",
    "land_use_code": "1207",
    "land_use_name_zh": "城镇道路用地",
    "source_type": "agent_generated_design",
    "confidence": "medium",
    "geometry_role": "design_proposal",
    "area_sqm": 13663.4
   },
   "geometry": {
    "type": "Polygon",
    "coordinates": [
     [
      [
       116.35409999999996,
       39.95579999999996
      ],
      [
       116.35529999999996,
       39.95579999999996
      ],
      [
       116.35529999999996,
       39.954599999999964
      ],
      [
       116.35409999999996,
       39.954599999999964
      ],
      [
       116.35409999999996,
       39.95579999999996
      ]
     ]
    ]
   }
  },
  {
   "type": "Feature",
   "id": "LU-00854",
   "properties": {
    "id": "LU-00854",
    "layer": "LAND_USE",
    "land_use_code": "0701",
    "land_use_name_zh": "城镇住宅用地",
    "source_type": "agent_generated_design",
    "confidence": "medium",
    "geometry_role": "design_proposal",
    "area_sqm": 13663.2
   },
   "geometry": {
    "type": "Polygon",
    "coordinates": [
     [
      [
       116.35409999999996,
       39.95699999999996
      ],
      [
       116.35529999999996,
       39.95699999999996
      ],
      [
       116.35529999999996,
       39.95579999999996
      ],
      [
       116.35409999999996,
       39.95579999999996
      ],
      [
       116.35409999999996,
       39.95699999999996
      ]
     ]
    ]
   }
  },
  {
   "type": "Feature",
   "id": "LU-00855",
   "properties": {
    "id": "LU-00855",
    "layer": "LAND_USE",
    "land_use_code": "0701",
    "land_use_name_zh": "城镇住宅用地",
    "source_type": "agent_generated_design",
    "confidence": "medium",
    "geometry_role": "design_proposal",
    "area_sqm": 13663.0
   },
   "geometry": {
    "type": "Polygon",
    "coordinates": [
     [
      [
       116.35409999999996,
       39.958199999999955
      ],
      [
       116.35529999999996,
       39.958199999999955
      ],
      [
       116.35529999999996,
       39.95699999999996
      ],
      [
       116.35409999999996,
       39.95699999999996
      ],
      [
       116.35409999999996,
       39.958199999999955
      ]
     ]
    ]
   }
  },
  {
   "type": "Feature",
   "id": "LU-00856",
   "properties": {
    "id": "LU-00856",
    "layer": "LAND_USE",
    "land_use_code": "0801",
    "land_use_name_zh": "机关团体用地",
    "source_type": "agent_generated_design",
    "confidence": "medium",
    "geometry_role": "design_proposal",
    "area_sqm": 13662.7
   },
   "geometry": {
    "type": "Polygon",
    "coordinates": [
     [
      [
       116.35409999999996,
       39.95939999999995
      ],
      [
       116.35529999999996,
       39.95939999999995
      ],
      [
       116.35529999999996,
       39.958199999999955
      ],
      [
       116.35409999999996,
       39.958199999999955
      ],
      [
       116.35409999999996,
       39.95939999999995
      ]
     ]
    ]
   }
  },
  {
   "type": "Feature",
   "id": "LU-00857",
   "properties": {
    "id": "LU-00857",
    "layer": "LAND_USE",
    "land_use_code": "0701",
    "land_use_name_zh": "城镇住宅用地",
    "source_type": "agent_generated_design",
    "confidence": "medium",
    "geometry_role": "design_proposal",
    "area_sqm": 13662.5
   },
   "geometry": {
    "type": "Polygon",
    "coordinates": [
     [
      [
       116.35409999999996,
       39.96059999999995
      ],
      [
       116.35529999999996,
       39.96059999999995
      ],
      [
       116.35529999999996,
       39.95939999999995
      ],
      [
       116.35409999999996,
       39.95939999999995
      ],
      [
       116.35409999999996,
       39.96059999999995
      ]
     ]
    ]
   }
  },
  {
   "type": "Feature",
   "id": "LU-00858",
   "properties": {
    "id": "LU-00858",
    "layer": "LAND_USE",
    "land_use_code": "1401",
    "land_use_name_zh": "公园绿地 / 京张活力带",
    "source_type": "agent_generated_design",
    "confidence": "medium",
    "geometry_role": "design_proposal",
    "area_sqm": 13662.3
   },
   "geometry": {
    "type": "Polygon",
    "coordinates": [
     [
      [
       116.35409999999996,
       39.96179999999995
      ],
      [
       116.35529999999996,
       39.96179999999995
      ],
      [
       116.35529999999996,
       39.96059999999995
      ],
      [
       116.35409999999996,
       39.96059999999995
      ],
      [
       116.35409999999996,
       39.96179999999995
      ]
     ]
    ]
   }
  },
  {
   "type": "Feature",
   "id": "LU-00859",
   "properties": {
    "id": "LU-00859",
    "layer": "LAND_USE",
    "land_use_code": "1401",
    "land_use_name_zh": "公园绿地 / 京张活力带",
    "source_type": "agent_generated_design",
    "confidence": "medium",
    "geometry_role": "design_proposal",
    "area_sqm": 13662.0
   },
   "geometry": {
    "type": "Polygon",
    "coordinates": [
     [
      [
       116.35409999999996,
       39.962999999999944
      ],
      [
       116.35529999999996,
       39.962999999999944
      ],
      [
       116.35529999999996,
       39.96179999999995
      ],
      [
       116.35409999999996,
       39.96179999999995
      ],
      [
       116.35409999999996,
       39.962999999999944
      ]
     ]
    ]
   }
  },
  {
   "type": "Feature",
   "id": "LU-00860",
   "properties": {
    "id": "LU-00860",
    "layer": "LAND_USE",
    "land_use_code": "1401",
    "land_use_name_zh": "公园绿地 / 京张活力带",
    "source_type": "agent_generated_design",
    "confidence": "medium",
    "geometry_role": "design_proposal",
    "area_sqm": 13661.8
   },
   "geometry": {
    "type": "Polygon",
    "coordinates": [
     [
      [
       116.35409999999996,
       39.96419999999994
      ],
      [
       116.35529999999996,
       39.96419999999994
      ],
      [
       116.35529999999996,
       39.962999999999944
      ],
      [
       116.35409999999996,
       39.962999999999944
      ],
      [
       116.35409999999996,
       39.96419999999994
      ]
     ]
    ]
   }
  },
  {
   "type": "Feature",
   "id": "LU-00861",
   "properties": {
    "id": "LU-00861",
    "layer": "LAND_USE",
    "land_use_code": "1401",
    "land_use_name_zh": "公园绿地 / 京张活力带",
    "source_type": "agent_generated_design",
    "confidence": "medium",
    "geometry_role": "design_proposal",
    "area_sqm": 13600.8
   },
   "geometry": {
    "type": "Polygon",
    "coordinates": [
     [
      [
       116.35529999999996,
       39.96419999999994
      ],
      [
       116.35409999999996,
       39.96419999999994
      ],
      [
       116.35409999999996,
       39.96539999999994
      ],
      [
       116.35526800000001,
       39.96539999999994
      ],
      [
       116.35529999999996,
       39.965000000000536
      ],
      [
       116.35529999999996,
       39.96419999999994
      ]
     ]
    ]
   }
  },
  {
   "type": "Feature",
   "id": "LU-00862",
   "properties": {
    "id": "LU-00862",
    "layer": "LAND_USE",
    "land_use_code": "1401",
    "land_use_name_zh": "公园绿地 / 京张活力带",
    "source_type": "agent_generated_design",
    "confidence": "medium",
    "geometry_role": "design_proposal",
    "area_sqm": 12750.6
   },
   "geometry": {
    "type": "Polygon",
    "coordinates": [
     [
      [
       116.35409999999996,
       39.96539999999994
      ],
      [
       116.35409999999996,
       39.966599999999936
      ],
      [
       116.35517200000001,
       39.966599999999936
      ],
      [
       116.35526800000001,
       39.96539999999994
      ],
      [
       116.35409999999996,
       39.96539999999994
      ]
     ]
    ]
   }
  },
  {
   "type": "Feature",
   "id": "LU-00863",
   "properties": {
    "id": "LU-00863",
    "layer": "LAND_USE",
    "land_use_code": "1401",
    "land_use_name_zh": "公园绿地 / 京张活力带",
    "source_type": "agent_generated_design",
    "confidence": "medium",
    "geometry_role": "design_proposal",
    "area_sqm": 11657.5
   },
   "geometry": {
    "type": "Polygon",
    "coordinates": [
     [
      [
       116.35409999999996,
       39.966599999999936
      ],
      [
       116.35409999999996,
       39.96779999999993
      ],
      [
       116.35507600000001,
       39.96779999999993
      ],
      [
       116.35517200000001,
       39.966599999999936
      ],
      [
       116.35409999999996,
       39.966599999999936
      ]
     ]
    ]
   }
  },
  {
   "type": "Feature",
   "id": "LU-00864",
   "properties": {
    "id": "LU-00864",
    "layer": "LAND_USE",
    "land_use_code": "1401",
    "land_use_name_zh": "公园绿地 / 京张活力带",
    "source_type": "agent_generated_design",
    "confidence": "medium",
    "geometry_role": "design_proposal",
    "area_sqm": 10564.4
   },
   "geometry": {
    "type": "Polygon",
    "coordinates": [
     [
      [
       116.35409999999996,
       39.96779999999993
      ],
      [
       116.35409999999996,
       39.96899999999993
      ],
      [
       116.35498000000001,
       39.96899999999993
      ],
      [
       116.35507600000001,
       39.96779999999993
      ],
      [
       116.35409999999996,
       39.96779999999993
      ]
     ]
    ]
   }
  },
  {
   "type": "Feature",
   "id": "LU-00865",
   "properties": {
    "id": "LU-00865",
    "layer": "LAND_USE",
    "land_use_code": "1401",
    "land_use_name_zh": "公园绿地 / 京张活力带",
    "source_type": "agent_generated_design",
    "confidence": "medium",
    "geometry_role": "design_proposal",
    "area_sqm": 9471.4
   },
   "geometry": {
    "type": "Polygon",
    "coordinates": [
     [
      [
       116.35409999999996,
       39.96899999999993
      ],
      [
       116.35409999999996,
       39.97019999999993
      ],
      [
       116.35488400000001,
       39.97019999999993
      ],
      [
       116.35498000000001,
       39.96899999999993
      ],
      [
       116.35409999999996,
       39.96899999999993
      ]
     ]
    ]
   }
  },
  {
   "type": "Feature",
   "id": "LU-00866",
   "properties": {
    "id": "LU-00866",
    "layer": "LAND_USE",
    "land_use_code": "1401",
    "land_use_name_zh": "公园绿地 / 京张活力带",
    "source_type": "agent_generated_design",
    "confidence": "medium",
    "geometry_role": "design_proposal",
    "area_sqm": 8378.4
   },
   "geometry": {
    "type": "Polygon",
    "coordinates": [
     [
      [
       116.35409999999996,
       39.97019999999993
      ],
      [
       116.35409999999996,
       39.971399999999925
      ],
      [
       116.35478800000001,
       39.971399999999925
      ],
      [
       116.35488400000001,
       39.97019999999993
      ],
      [
       116.35409999999996,
       39.97019999999993
      ]
     ]
    ]
   }
  },
  {
   "type": "Feature",
   "id": "LU-00867",
   "properties": {
    "id": "LU-00867",
    "layer": "LAND_USE",
    "land_use_code": "1401",
    "land_use_name_zh": "公园绿地 / 京张活力带",
    "source_type": "agent_generated_design",
    "confidence": "medium",
    "geometry_role": "design_proposal",
    "area_sqm": 7285.4
   },
   "geometry": {
    "type": "Polygon",
    "coordinates": [
     [
      [
       116.35409999999996,
       39.971399999999925
      ],
      [
       116.35409999999996,
       39.97259999999992
      ],
      [
       116.35469200000001,
       39.97259999999992
      ],
      [
       116.35478800000001,
       39.971399999999925
      ],
      [
       116.35409999999996,
       39.971399999999925
      ]
     ]
    ]
   }
  },
  {
   "type": "Feature",
   "id": "LU-00868",
   "properties": {
    "id": "LU-00868",
    "layer": "LAND_USE",
    "land_use_code": "1401",
    "land_use_name_zh": "公园绿地 / 京张活力带",
    "source_type": "agent_generated_design",
    "confidence": "medium",
    "geometry_role": "design_proposal",
    "area_sqm": 6192.5
   },
   "geometry": {
    "type": "Polygon",
    "coordinates": [
     [
      [
       116.35409999999996,
       39.97259999999992
      ],
      [
       116.35409999999996,
       39.97379999999992
      ],
      [
       116.35459600000002,
       39.97379999999992
      ],
      [
       116.35469200000001,
       39.97259999999992
      ],
      [
       116.35409999999996,
       39.97259999999992
      ]
     ]
    ]
   }
  },
  {
   "type": "Feature",
   "id": "LU-00869",
   "properties": {
    "id": "LU-00869",
    "layer": "LAND_USE",
    "land_use_code": "0701",
    "land_use_name_zh": "城镇住宅用地",
    "source_type": "agent_generated_design",
    "confidence": "medium",
    "geometry_role": "design_proposal",
    "area_sqm": 5099.6
   },
   "geometry": {
    "type": "Polygon",
    "coordinates": [
     [
      [
       116.35409999999996,
       39.97379999999992
      ],
      [
       116.35409999999996,
       39.974999999999916
      ],
      [
       116.3545,
       39.974999999999916
      ],
      [
       116.35459600000002,
       39.97379999999992
      ],
      [
       116.35409999999996,
       39.97379999999992
      ]
     ]
    ]
   }
  },
  {
   "type": "Feature",
   "id": "LU-00870",
   "properties": {
    "id": "LU-00870",
    "layer": "LAND_USE",
    "land_use_code": "1207",
    "land_use_name_zh": "城镇道路用地",
    "source_type": "agent_generated_design",
    "confidence": "medium",
    "geometry_role": "design_proposal",
    "area_sqm": 4006.8
   },
   "geometry": {
    "type": "Polygon",
    "coordinates": [
     [
      [
       116.35409999999996,
       39.974999999999916
      ],
      [
       116.35409999999996,
       39.97619999999991
      ],
      [
       116.354404,
       39.97619999999991
      ],
      [
       116.3545,
       39.974999999999916
      ],
      [
       116.35409999999996,
       39.974999999999916
      ]
     ]
    ]
   }
  },
  {
   "type": "Feature",
   "id": "LU-00871",
   "properties": {
    "id": "LU-00871",
    "layer": "LAND_USE",
    "land_use_code": "0701",
    "land_use_name_zh": "城镇住宅用地",
    "source_type": "agent_generated_design",
    "confidence": "medium",
    "geometry_role": "design_proposal",
    "area_sqm": 2914.0
   },
   "geometry": {
    "type": "Polygon",
    "coordinates": [
     [
      [
       116.35409999999996,
       39.97619999999991
      ],
      [
       116.35409999999996,
       39.97739999999991
      ],
      [
       116.354308,
       39.97739999999991
      ],
      [
       116.354404,
       39.97619999999991
      ],
      [
       116.35409999999996,
       39.97619999999991
      ]
     ]
    ]
   }
  },
  {
   "type": "Feature",
   "id": "LU-00872",
   "properties": {
    "id": "LU-00872",
    "layer": "LAND_USE",
    "land_use_code": "0701",
    "land_use_name_zh": "城镇住宅用地",
    "source_type": "agent_generated_design",
    "confidence": "medium",
    "geometry_role": "design_proposal",
    "area_sqm": 1821.2
   },
   "geometry": {
    "type": "Polygon",
    "coordinates": [
     [
      [
       116.35409999999996,
       39.97739999999991
      ],
      [
       116.35409999999996,
       39.97859999999991
      ],
      [
       116.354212,
       39.97859999999991
      ],
      [
       116.354308,
       39.97739999999991
      ],
      [
       116.35409999999996,
       39.97739999999991
      ]
     ]
    ]
   }
  },
  {
   "type": "Feature",
   "id": "LU-00873",
   "properties": {
    "id": "LU-00873",
    "layer": "LAND_USE",
    "land_use_code": "1207",
    "land_use_name_zh": "城镇道路用地",
    "source_type": "agent_generated_design",
    "confidence": "medium",
    "geometry_role": "design_proposal",
    "area_sqm": 728.5
   },
   "geometry": {
    "type": "Polygon",
    "coordinates": [
     [
      [
       116.35409999999996,
       39.97859999999991
      ],
      [
       116.35409999999996,
       39.979799999999905
      ],
      [
       116.354116,
       39.979799999999905
      ],
      [
       116.354212,
       39.97859999999991
      ],
      [
       116.35409999999996,
       39.97859999999991
      ]
     ]
    ]
   }
  },
  {
   "type": "Feature",
   "id": "LU-00874",
   "properties": {
    "id": "LU-00874",
    "layer": "LAND_USE",
    "land_use_code": "0701",
    "land_use_name_zh": "城镇住宅用地",
    "source_type": "agent_generated_design",
    "confidence": "medium",
    "geometry_role": "design_proposal",
    "area_sqm": 15.2
   },
   "geometry": {
    "type": "Polygon",
    "coordinates": [
     [
      [
       116.35409999999996,
       39.979799999999905
      ],
      [
       116.35409999999996,
       39.98000000000054
      ],
      [
       116.354116,
       39.979799999999905
      ],
      [
       116.35409999999996,
       39.979799999999905
      ]
     ]
    ]
   }
  },
  {
   "type": "Feature",
   "id": "LU-00875",
   "properties": {
    "id": "LU-00875",
    "layer": "LAND_USE",
    "land_use_code": "0701",
    "land_use_name_zh": "城镇住宅用地",
    "source_type": "agent_generated_design",
    "confidence": "medium",
    "geometry_role": "design_proposal",
    "area_sqm": 41.6
   },
   "geometry": {
    "type": "Polygon",
    "coordinates": [
     [
      [
       116.35409999999996,
       40.004999999999846
      ],
      [
       116.35412191780821,
       40.004999999999846
      ],
      [
       116.35409999999996,
       40.00459999999922
      ],
      [
       116.35409999999996,
       40.004999999999846
      ]
     ]
    ]
   }
  },
  {
   "type": "Feature",
   "id": "LU-00876",
   "properties": {
    "id": "LU-00876",
    "layer": "LAND_USE",
    "land_use_code": "0701",
    "land_use_name_zh": "城镇住宅用地",
    "source_type": "agent_generated_design",
    "confidence": "medium",
    "geometry_role": "design_proposal",
    "area_sqm": 623.4
   },
   "geometry": {
    "type": "Polygon",
    "coordinates": [
     [
      [
       116.35409999999996,
       40.004999999999846
      ],
      [
       116.35409999999996,
       40.00619999999984
      ],
      [
       116.35418767123286,
       40.00619999999984
      ],
      [
       116.35412191780821,
       40.004999999999846
      ],
      [
       116.35409999999996,
       40.004999999999846
      ]
     ]
    ]
   }
  },
  {
   "type": "Feature",
   "id": "LU-00877",
   "properties": {
    "id": "LU-00877",
    "layer": "LAND_USE",
    "land_use_code": "0701",
    "land_use_name_zh": "城镇住宅用地",
    "source_type": "agent_generated_design",
    "confidence": "medium",
    "geometry_role": "design_proposal",
    "area_sqm": 1371.6
   },
   "geometry": {
    "type": "Polygon",
    "coordinates": [
     [
      [
       116.35409999999996,
       40.00619999999984
      ],
      [
       116.35409999999996,
       40.00739999999984
      ],
      [
       116.35425342465753,
       40.00739999999984
      ],
      [
       116.35418767123286,
       40.00619999999984
      ],
      [
       116.35409999999996,
       40.00619999999984
      ]
     ]
    ]
   }
  },
  {
   "type": "Feature",
   "id": "LU-00878",
   "properties": {
    "id": "LU-00878",
    "layer": "LAND_USE",
    "land_use_code": "0901",
    "land_use_name_zh": "商业用地",
    "source_type": "agent_generated_design",
    "confidence": "medium",
    "geometry_role": "design_proposal",
    "area_sqm": 2119.6
   },
   "geometry": {
    "type": "Polygon",
    "coordinates": [
     [
      [
       116.35409999999996,
       40.00739999999984
      ],
      [
       116.35409999999996,
       40.00859999999984
      ],
      [
       116.35431917808218,
       40.00859999999984
      ],
      [
       116.35425342465753,
       40.00739999999984
      ],
      [
       116.35409999999996,
       40.00739999999984
      ]
     ]
    ]
   }
  },
  {
   "type": "Feature",
   "id": "LU-00879",
   "properties": {
    "id": "LU-00879",
    "layer": "LAND_USE",
    "land_use_code": "0701",
    "land_use_name_zh": "城镇住宅用地",
    "source_type": "agent_generated_design",
    "confidence": "medium",
    "geometry_role": "design_proposal",
    "area_sqm": 2867.7
   },
   "geometry": {
    "type": "Polygon",
    "coordinates": [
     [
      [
       116.35409999999996,
       40.00859999999984
      ],
      [
       116.35409999999996,
       40.009799999999835
      ],
      [
       116.35438493150684,
       40.009799999999835
      ],
      [
       116.35431917808218,
       40.00859999999984
      ],
      [
       116.35409999999996,
       40.00859999999984
      ]
     ]
    ]
   }
  },
  {
   "type": "Feature",
   "id": "LU-00880",
   "properties": {
    "id": "LU-00880",
    "layer": "LAND_USE",
    "land_use_code": "0701",
    "land_use_name_zh": "城镇住宅用地",
    "source_type": "agent_generated_design",
    "confidence": "medium",
    "geometry_role": "design_proposal",
    "area_sqm": 3615.8
   },
   "geometry": {
    "type": "Polygon",
    "coordinates": [
     [
      [
       116.35409999999996,
       40.009799999999835
      ],
      [
       116.35409999999996,
       40.01099999999983
      ],
      [
       116.35445068493149,
       40.01099999999983
      ],
      [
       116.35438493150684,
       40.009799999999835
      ],
      [
       116.35409999999996,
       40.009799999999835
      ]
     ]
    ]
   }
  },
  {
   "type": "Feature",
   "id": "LU-00881",
   "properties": {
    "id": "LU-00881",
    "layer": "LAND_USE",
    "land_use_code": "0701",
    "land_use_name_zh": "城镇住宅用地",
    "source_type": "agent_generated_design",
    "confidence": "medium",
    "geometry_role": "design_proposal",
    "area_sqm": 4363.8
   },
   "geometry": {
    "type": "Polygon",
    "coordinates": [
     [
      [
       116.35409999999996,
       40.01099999999983
      ],
      [
       116.35409999999996,
       40.01219999999983
      ],
      [
       116.35451643835616,
       40.01219999999983
      ],
      [
       116.35445068493149,
       40.01099999999983
      ],
      [
       116.35409999999996,
       40.01099999999983
      ]
     ]
    ]
   }
  },
  {
   "type": "Feature",
   "id": "LU-00882",
   "properties": {
    "id": "LU-00882",
    "layer": "LAND_USE",
    "land_use_code": "0701",
    "land_use_name_zh": "城镇住宅用地",
    "source_type": "agent_generated_design",
    "confidence": "medium",
    "geometry_role": "design_proposal",
    "area_sqm": 5111.7
   },
   "geometry": {
    "type": "Polygon",
    "coordinates": [
     [
      [
       116.35409999999996,
       40.01219999999983
      ],
      [
       116.35409999999996,
       40.01339999999983
      ],
      [
       116.3545821917808,
       40.01339999999983
      ],
      [
       116.35451643835616,
       40.01219999999983
      ],
      [
       116.35409999999996,
       40.01219999999983
      ]
     ]
    ]
   }
  },
  {
   "type": "Feature",
   "id": "LU-00883",
   "properties": {
    "id": "LU-00883",
    "layer": "LAND_USE",
    "land_use_code": "0901",
    "land_use_name_zh": "商业用地",
    "source_type": "agent_generated_design",
    "confidence": "medium",
    "geometry_role": "design_proposal",
    "area_sqm": 5859.7
   },
   "geometry": {
    "type": "Polygon",
    "coordinates": [
     [
      [
       116.35409999999996,
       40.01339999999983
      ],
      [
       116.35409999999996,
       40.014599999999824
      ],
      [
       116.35464794520547,
       40.014599999999824
      ],
      [
       116.3545821917808,
       40.01339999999983
      ],
      [
       116.35409999999996,
       40.01339999999983
      ]
     ]
    ]
   }
  },
  {
   "type": "Feature",
   "id": "LU-00884",
   "properties": {
    "id": "LU-00884",
    "layer": "LAND_USE",
    "land_use_code": "1207",
    "land_use_name_zh": "城镇道路用地",
    "source_type": "agent_generated_design",
    "confidence": "medium",
    "geometry_role": "design_proposal",
    "area_sqm": 6607.6
   },
   "geometry": {
    "type": "Polygon",
    "coordinates": [
     [
      [
       116.35409999999996,
       40.014599999999824
      ],
      [
       116.35409999999996,
       40.01579999999982
      ],
      [
       116.35471369863014,
       40.01579999999982
      ],
      [
       116.35464794520547,
       40.014599999999824
      ],
      [
       116.35409999999996,
       40.014599999999824
      ]
     ]
    ]
   }
  },
  {
   "type": "Feature",
   "id": "LU-00885",
   "properties": {
    "id": "LU-00885",
    "layer": "LAND_USE",
    "land_use_code": "0801",
    "land_use_name_zh": "机关团体用地",
    "source_type": "agent_generated_design",
    "confidence": "medium",
    "geometry_role": "design_proposal",
    "area_sqm": 7355.5
   },
   "geometry": {
    "type": "Polygon",
    "coordinates": [
     [
      [
       116.35409999999996,
       40.01579999999982
      ],
      [
       116.35409999999996,
       40.01699999999982
      ],
      [
       116.35477945205479,
       40.01699999999982
      ],
      [
       116.35471369863014,
       40.01579999999982
      ],
      [
       116.35409999999996,
       40.01579999999982
      ]
     ]
    ]
   }
  },
  {
   "type": "Feature",
   "id": "LU-00886",
   "properties": {
    "id": "LU-00886",
    "layer": "LAND_USE",
    "land_use_code": "0701",
    "land_use_name_zh": "城镇住宅用地",
    "source_type": "agent_generated_design",
    "confidence": "medium",
    "geometry_role": "design_proposal",
    "area_sqm": 8103.4
   },
   "geometry": {
    "type": "Polygon",
    "coordinates": [
     [
      [
       116.35409999999996,
       40.01699999999982
      ],
      [
       116.35409999999996,
       40.018199999999815
      ],
      [
       116.35484520547945,
       40.018199999999815
      ],
      [
       116.35477945205479,
       40.01699999999982
      ],
      [
       116.35409999999996,
       40.01699999999982
      ]
     ]
    ]
   }
  },
  {
   "type": "Feature",
   "id": "LU-00887",
   "properties": {
    "id": "LU-00887",
    "layer": "LAND_USE",
    "land_use_code": "0701",
    "land_use_name_zh": "城镇住宅用地",
    "source_type": "agent_generated_design",
    "confidence": "medium",
    "geometry_role": "design_proposal",
    "area_sqm": 8851.3
   },
   "geometry": {
    "type": "Polygon",
    "coordinates": [
     [
      [
       116.35409999999996,
       40.018199999999815
      ],
      [
       116.35409999999996,
       40.01939999999981
      ],
      [
       116.3549109589041,
       40.01939999999981
      ],
      [
       116.35484520547945,
       40.018199999999815
      ],
      [
       116.35409999999996,
       40.018199999999815
      ]
     ]
    ]
   }
  },
  {
   "type": "Feature",
   "id": "LU-00888",
   "properties": {
    "id": "LU-00888",
    "layer": "LAND_USE",
    "land_use_code": "0901",
    "land_use_name_zh": "商业用地",
    "source_type": "agent_generated_design",
    "confidence": "medium",
    "geometry_role": "design_proposal",
    "area_sqm": 9599.1
   },
   "geometry": {
    "type": "Polygon",
    "coordinates": [
     [
      [
       116.35409999999996,
       40.01939999999981
      ],
      [
       116.35409999999996,
       40.02059999999981
      ],
      [
       116.35497671232876,
       40.02059999999981
      ],
      [
       116.3549109589041,
       40.01939999999981
      ],
      [
       116.35409999999996,
       40.01939999999981
      ]
     ]
    ]
   }
  },
  {
   "type": "Feature",
   "id": "LU-00889",
   "properties": {
    "id": "LU-00889",
    "layer": "LAND_USE",
    "land_use_code": "0701",
    "land_use_name_zh": "城镇住宅用地",
    "source_type": "agent_generated_design",
    "confidence": "medium",
    "geometry_role": "design_proposal",
    "area_sqm": 10346.9
   },
   "geometry": {
    "type": "Polygon",
    "coordinates": [
     [
      [
       116.35409999999996,
       40.02059999999981
      ],
      [
       116.35409999999996,
       40.02179999999981
      ],
      [
       116.35504246575341,
       40.02179999999981
      ],
      [
       116.35497671232876,
       40.02059999999981
      ],
      [
       116.35409999999996,
       40.02059999999981
      ]
     ]
    ]
   }
  },
  {
   "type": "Feature",
   "id": "LU-00890",
   "properties": {
    "id": "LU-00890",
    "layer": "LAND_USE",
    "land_use_code": "0701",
    "land_use_name_zh": "城镇住宅用地",
    "source_type": "agent_generated_design",
    "confidence": "medium",
    "geometry_role": "design_proposal",
    "area_sqm": 11094.7
   },
   "geometry": {
    "type": "Polygon",
    "coordinates": [
     [
      [
       116.35409999999996,
       40.02179999999981
      ],
      [
       116.35409999999996,
       40.022999999999804
      ],
      [
       116.35510821917808,
       40.022999999999804
      ],
      [
       116.35504246575341,
       40.02179999999981
      ],
      [
       116.35409999999996,
       40.02179999999981
      ]
     ]
    ]
   }
  },
  {
   "type": "Feature",
   "id": "LU-00891",
   "properties": {
    "id": "LU-00891",
    "layer": "LAND_USE",
    "land_use_code": "0701",
    "land_use_name_zh": "城镇住宅用地",
    "source_type": "agent_generated_design",
    "confidence": "medium",
    "geometry_role": "design_proposal",
    "area_sqm": 11842.5
   },
   "geometry": {
    "type": "Polygon",
    "coordinates": [
     [
      [
       116.35409999999996,
       40.022999999999804
      ],
      [
       116.35409999999996,
       40.0241999999998
      ],
      [
       116.35517397260273,
       40.0241999999998
      ],
      [
       116.35510821917808,
       40.022999999999804
      ],
      [
       116.35409999999996,
       40.022999999999804
      ]
     ]
    ]
   }
  },
  {
   "type": "Feature",
   "id": "LU-00892",
   "properties": {
    "id": "LU-00892",
    "layer": "LAND_USE",
    "land_use_code": "0801",
    "land_use_name_zh": "机关团体用地",
    "source_type": "agent_generated_design",
    "confidence": "medium",
    "geometry_role": "design_proposal",
    "area_sqm": 12590.2
   },
   "geometry": {
    "type": "Polygon",
    "coordinates": [
     [
      [
       116.35409999999996,
       40.0241999999998
      ],
      [
       116.35409999999996,
       40.0253999999998
      ],
      [
       116.35523972602739,
       40.0253999999998
      ],
      [
       116.35517397260273,
       40.0241999999998
      ],
      [
       116.35409999999996,
       40.0241999999998
      ]
     ]
    ]
   }
  },
  {
   "type": "Feature",
   "id": "LU-00893",
   "properties": {
    "id": "LU-00893",
    "layer": "LAND_USE",
    "land_use_code": "0801",
    "land_use_name_zh": "机关团体用地",
    "source_type": "agent_generated_design",
    "confidence": "medium",
    "geometry_role": "design_proposal",
    "area_sqm": 12197.8
   },
   "geometry": {
    "type": "Polygon",
    "coordinates": [
     [
      [
       116.35409999999996,
       40.0253999999998
      ],
      [
       116.35409999999996,
       40.0265
      ],
      [
       116.35529999999996,
       40.0265
      ],
      [
       116.35529999999996,
       40.02649999999922
      ],
      [
       116.35523972602739,
       40.0253999999998
      ],
      [
       116.35409999999996,
       40.0253999999998
      ]
     ]
    ]
   }
  },
  {
   "type": "Feature",
   "id": "LU-00894",
   "properties": {
    "id": "LU-00894",
    "layer": "LAND_USE",
    "land_use_code": "1207",
    "land_use_name_zh": "城镇道路用地",
    "source_type": "agent_generated_design",
    "confidence": "medium",
    "geometry_role": "design_proposal",
    "area_sqm": 0.0
   },
   "geometry": {
    "type": "Polygon",
    "coordinates": [
     [
      [
       116.35529999999996,
       39.939
      ],
      [
       116.35529999999996,
       39.9402
      ],
      [
       116.3553,
       39.9402
      ],
      [
       116.3553,
       39.939
      ],
      [
       116.35529999999996,
       39.939
      ]
     ]
    ]
   }
  },
  {
   "type": "Feature",
   "id": "LU-00895",
   "properties": {
    "id": "LU-00895",
    "layer": "LAND_USE",
    "land_use_code": "0801",
    "land_use_name_zh": "机关团体用地",
    "source_type": "agent_generated_design",
    "confidence": "medium",
    "geometry_role": "design_proposal",
    "area_sqm": 0.0
   },
   "geometry": {
    "type": "Polygon",
    "coordinates": [
     [
      [
       116.35529999999996,
       39.9402
      ],
      [
       116.35529999999996,
       39.941399999999994
      ],
      [
       116.3553,
       39.941399999999994
      ],
      [
       116.3553,
       39.9402
      ],
      [
       116.35529999999996,
       39.9402
      ]
     ]
    ]
   }
  },
  {
   "type": "Feature",
   "id": "LU-00896",
   "properties": {
    "id": "LU-00896",
    "layer": "LAND_USE",
    "land_use_code": "0901",
    "land_use_name_zh": "商业用地",
    "source_type": "agent_generated_design",
    "confidence": "medium",
    "geometry_role": "design_proposal",
    "area_sqm": 0.0
   },
   "geometry": {
    "type": "Polygon",
    "coordinates": [
     [
      [
       116.35529999999996,
       39.941399999999994
      ],
      [
       116.35529999999996,
       39.94259999999999
      ],
      [
       116.3553,
       39.94259999999999
      ],
      [
       116.3553,
       39.941399999999994
      ],
      [
       116.35529999999996,
       39.941399999999994
      ]
     ]
    ]
   }
  },
  {
   "type": "Feature",
   "id": "LU-00897",
   "properties": {
    "id": "LU-00897",
    "layer": "LAND_USE",
    "land_use_code": "1207",
    "land_use_name_zh": "城镇道路用地",
    "source_type": "agent_generated_design",
    "confidence": "medium",
    "geometry_role": "design_proposal",
    "area_sqm": 0.0
   },
   "geometry": {
    "type": "Polygon",
    "coordinates": [
     [
      [
       116.35529999999996,
       39.94259999999999
      ],
      [
       116.35529999999996,
       39.94379999999999
      ],
      [
       116.3553,
       39.94379999999999
      ],
      [
       116.3553,
       39.94259999999999
      ],
      [
       116.35529999999996,
       39.94259999999999
      ]
     ]
    ]
   }
  },
  {
   "type": "Feature",
   "id": "LU-00898",
   "properties": {
    "id": "LU-00898",
    "layer": "LAND_USE",
    "land_use_code": "0701",
    "land_use_name_zh": "城镇住宅用地",
    "source_type": "agent_generated_design",
    "confidence": "medium",
    "geometry_role": "design_proposal",
    "area_sqm": 0.0
   },
   "geometry": {
    "type": "Polygon",
    "coordinates": [
     [
      [
       116.35529999999996,
       39.94379999999999
      ],
      [
       116.35529999999996,
       39.944999999999986
      ],
      [
       116.3553,
       39.944999999999986
      ],
      [
       116.3553,
       39.94379999999999
      ],
      [
       116.35529999999996,
       39.94379999999999
      ]
     ]
    ]
   }
  },
  {
   "type": "Feature",
   "id": "LU-00899",
   "properties": {
    "id": "LU-00899",
    "layer": "LAND_USE",
    "land_use_code": "0701",
    "land_use_name_zh": "城镇住宅用地",
    "source_type": "agent_generated_design",
    "confidence": "medium",
    "geometry_role": "design_proposal",
    "area_sqm": 0.0
   },
   "geometry": {
    "type": "Polygon",
    "coordinates": [
     [
      [
       116.35529999999996,
       39.944999999999986
      ],
      [
       116.35529999999996,
       39.94619999999998
      ],
      [
       116.3553,
       39.94619999999998
      ],
      [
       116.3553,
       39.944999999999986
      ],
      [
       116.35529999999996,
       39.944999999999986
      ]
     ]
    ]
   }
  },
  {
   "type": "Feature",
   "id": "LU-00900",
   "properties": {
    "id": "LU-00900",
    "layer": "LAND_USE",
    "land_use_code": "0701",
    "land_use_name_zh": "城镇住宅用地",
    "source_type": "agent_generated_design",
    "confidence": "medium",
    "geometry_role": "design_proposal",
    "area_sqm": 0.0
   },
   "geometry": {
    "type": "Polygon",
    "coordinates": [
     [
      [
       116.35529999999996,
       39.94619999999998
      ],
      [
       116.35529999999996,
       39.94739999999998
      ],
      [
       116.3553,
       39.94739999999998
      ],
      [
       116.3553,
       39.94619999999998
      ],
      [
       116.35529999999996,
       39.94619999999998
      ]
     ]
    ]
   }
  },
  {
   "type": "Feature",
   "id": "LU-00901",
   "properties": {
    "id": "LU-00901",
    "layer": "LAND_USE",
    "land_use_code": "0901",
    "land_use_name_zh": "商业用地",
    "source_type": "agent_generated_design",
    "confidence": "medium",
    "geometry_role": "design_proposal",
    "area_sqm": 0.0
   },
   "geometry": {
    "type": "Polygon",
    "coordinates": [
     [
      [
       116.35529999999996,
       39.94739999999998
      ],
      [
       116.35529999999996,
       39.94859999999998
      ],
      [
       116.3553,
       39.94859999999998
      ],
      [
       116.3553,
       39.94739999999998
      ],
      [
       116.35529999999996,
       39.94739999999998
      ]
     ]
    ]
   }
  },
  {
   "type": "Feature",
   "id": "LU-00902",
   "properties": {
    "id": "LU-00902",
    "layer": "LAND_USE",
    "land_use_code": "0801",
    "land_use_name_zh": "机关团体用地",
    "source_type": "agent_generated_design",
    "confidence": "medium",
    "geometry_role": "design_proposal",
    "area_sqm": 0.0
   },
   "geometry": {
    "type": "Polygon",
    "coordinates": [
     [
      [
       116.35529999999996,
       39.94859999999998
      ],
      [
       116.35529999999996,
       39.949799999999975
      ],
      [
       116.3553,
       39.949799999999975
      ],
      [
       116.3553,
       39.94859999999998
      ],
      [
       116.35529999999996,
       39.94859999999998
      ]
     ]
    ]
   }
  },
  {
   "type": "Feature",
   "id": "LU-00903",
   "properties": {
    "id": "LU-00903",
    "layer": "LAND_USE",
    "land_use_code": "0701",
    "land_use_name_zh": "城镇住宅用地",
    "source_type": "agent_generated_design",
    "confidence": "medium",
    "geometry_role": "design_proposal",
    "area_sqm": 0.0
   },
   "geometry": {
    "type": "Polygon",
    "coordinates": [
     [
      [
       116.35529999999996,
       39.949799999999975
      ],
      [
       116.35529999999996,
       39.95099999999997
      ],
      [
       116.3553,
       39.95099999999997
      ],
      [
       116.3553,
       39.949799999999975
      ],
      [
       116.35529999999996,
       39.949799999999975
      ]
     ]
    ]
   }
  },
  {
   "type": "Feature",
   "id": "LU-00904",
   "properties": {
    "id": "LU-00904",
    "layer": "LAND_USE",
    "land_use_code": "1207",
    "land_use_name_zh": "城镇道路用地",
    "source_type": "agent_generated_design",
    "confidence": "medium",
    "geometry_role": "design_proposal",
    "area_sqm": 0.0
   },
   "geometry": {
    "type": "Polygon",
    "coordinates": [
     [
      [
       116.35529999999996,
       39.95099999999997
      ],
      [
       116.35529999999996,
       39.95219999999997
      ],
      [
       116.3553,
       39.95219999999997
      ],
      [
       116.3553,
       39.95099999999997
      ],
      [
       116.35529999999996,
       39.95099999999997
      ]
     ]
    ]
   }
  },
  {
   "type": "Feature",
   "id": "LU-00905",
   "properties": {
    "id": "LU-00905",
    "layer": "LAND_USE",
    "land_use_code": "0701",
    "land_use_name_zh": "城镇住宅用地",
    "source_type": "agent_generated_design",
    "confidence": "medium",
    "geometry_role": "design_proposal",
    "area_sqm": 0.0
   },
   "geometry": {
    "type": "Polygon",
    "coordinates": [
     [
      [
       116.35529999999996,
       39.95219999999997
      ],
      [
       116.35529999999996,
       39.95339999999997
      ],
      [
       116.3553,
       39.95339999999997
      ],
      [
       116.3553,
       39.95219999999997
      ],
      [
       116.35529999999996,
       39.95219999999997
      ]
     ]
    ]
   }
  },
  {
   "type": "Feature",
   "id": "LU-00906",
   "properties": {
    "id": "LU-00906",
    "layer": "LAND_USE",
    "land_use_code": "0901",
    "land_use_name_zh": "商业用地",
    "source_type": "agent_generated_design",
    "confidence": "medium",
    "geometry_role": "design_proposal",
    "area_sqm": 0.0
   },
   "geometry": {
    "type": "Polygon",
    "coordinates": [
     [
      [
       116.35529999999996,
       39.95339999999997
      ],
      [
       116.35529999999996,
       39.954599999999964
      ],
      [
       116.3553,
       39.954599999999964
      ],
      [
       116.3553,
       39.95339999999997
      ],
      [
       116.35529999999996,
       39.95339999999997
      ]
     ]
    ]
   }
  },
  {
   "type": "Feature",
   "id": "LU-00907",
   "properties": {
    "id": "LU-00907",
    "layer": "LAND_USE",
    "land_use_code": "1207",
    "land_use_name_zh": "城镇道路用地",
    "source_type": "agent_generated_design",
    "confidence": "medium",
    "geometry_role": "design_proposal",
    "area_sqm": 0.0
   },
   "geometry": {
    "type": "Polygon",
    "coordinates": [
     [
      [
       116.35529999999996,
       39.954599999999964
      ],
      [
       116.35529999999996,
       39.95579999999996
      ],
      [
       116.3553,
       39.95579999999996
      ],
      [
       116.3553,
       39.954599999999964
      ],
      [
       116.35529999999996,
       39.954599999999964
      ]
     ]
    ]
   }
  },
  {
   "type": "Feature",
   "id": "LU-00908",
   "properties": {
    "id": "LU-00908",
    "layer": "LAND_USE",
    "land_use_code": "0701",
    "land_use_name_zh": "城镇住宅用地",
    "source_type": "agent_generated_design",
    "confidence": "medium",
    "geometry_role": "design_proposal",
    "area_sqm": 0.0
   },
   "geometry": {
    "type": "Polygon",
    "coordinates": [
     [
      [
       116.35529999999996,
       39.95579999999996
      ],
      [
       116.35529999999996,
       39.95699999999996
      ],
      [
       116.3553,
       39.95699999999996
      ],
      [
       116.3553,
       39.95579999999996
      ],
      [
       116.35529999999996,
       39.95579999999996
      ]
     ]
    ]
   }
  },
  {
   "type": "Feature",
   "id": "LU-00909",
   "properties": {
    "id": "LU-00909",
    "layer": "LAND_USE",
    "land_use_code": "0801",
    "land_use_name_zh": "机关团体用地",
    "source_type": "agent_generated_design",
    "confidence": "medium",
    "geometry_role": "design_proposal",
    "area_sqm": 0.0
   },
   "geometry": {
    "type": "Polygon",
    "coordinates": [
     [
      [
       116.35529999999996,
       39.95699999999996
      ],
      [
       116.35529999999996,
       39.958199999999955
      ],
      [
       116.3553,
       39.958199999999955
      ],
      [
       116.3553,
       39.95699999999996
      ],
      [
       116.35529999999996,
       39.95699999999996
      ]
     ]
    ]
   }
  },
  {
   "type": "Feature",
   "id": "LU-00910",
   "properties": {
    "id": "LU-00910",
    "layer": "LAND_USE",
    "land_use_code": "0701",
    "land_use_name_zh": "城镇住宅用地",
    "source_type": "agent_generated_design",
    "confidence": "medium",
    "geometry_role": "design_proposal",
    "area_sqm": 0.0
   },
   "geometry": {
    "type": "Polygon",
    "coordinates": [
     [
      [
       116.35529999999996,
       39.958199999999955
      ],
      [
       116.35529999999996,
       39.95939999999995
      ],
      [
       116.3553,
       39.95939999999995
      ],
      [
       116.3553,
       39.958199999999955
      ],
      [
       116.35529999999996,
       39.958199999999955
      ]
     ]
    ]
   }
  },
  {
   "type": "Feature",
   "id": "LU-00911",
   "properties": {
    "id": "LU-00911",
    "layer": "LAND_USE",
    "land_use_code": "0901",
    "land_use_name_zh": "商业用地",
    "source_type": "agent_generated_design",
    "confidence": "medium",
    "geometry_role": "design_proposal",
    "area_sqm": 0.0
   },
   "geometry": {
    "type": "Polygon",
    "coordinates": [
     [
      [
       116.35529999999996,
       39.95939999999995
      ],
      [
       116.35529999999996,
       39.96059999999995
      ],
      [
       116.3553,
       39.96059999999995
      ],
      [
       116.3553,
       39.95939999999995
      ],
      [
       116.35529999999996,
       39.95939999999995
      ]
     ]
    ]
   }
  },
  {
   "type": "Feature",
   "id": "LU-00912",
   "properties": {
    "id": "LU-00912",
    "layer": "LAND_USE",
    "land_use_code": "1401",
    "land_use_name_zh": "公园绿地 / 京张活力带",
    "source_type": "agent_generated_design",
    "confidence": "medium",
    "geometry_role": "design_proposal",
    "area_sqm": 0.0
   },
   "geometry": {
    "type": "Polygon",
    "coordinates": [
     [
      [
       116.35529999999996,
       39.96059999999995
      ],
      [
       116.35529999999996,
       39.96179999999995
      ],
      [
       116.3553,
       39.96179999999995
      ],
      [
       116.3553,
       39.96059999999995
      ],
      [
       116.35529999999996,
       39.96059999999995
      ]
     ]
    ]
   }
  },
  {
   "type": "Feature",
   "id": "LU-00913",
   "properties": {
    "id": "LU-00913",
    "layer": "LAND_USE",
    "land_use_code": "1401",
    "land_use_name_zh": "公园绿地 / 京张活力带",
    "source_type": "agent_generated_design",
    "confidence": "medium",
    "geometry_role": "design_proposal",
    "area_sqm": 0.0
   },
   "geometry": {
    "type": "Polygon",
    "coordinates": [
     [
      [
       116.35529999999996,
       39.96179999999995
      ],
      [
       116.35529999999996,
       39.962999999999944
      ],
      [
       116.3553,
       39.962999999999944
      ],
      [
       116.3553,
       39.96179999999995
      ],
      [
       116.35529999999996,
       39.96179999999995
      ]
     ]
    ]
   }
  },
  {
   "type": "Feature",
   "id": "LU-00914",
   "properties": {
    "id": "LU-00914",
    "layer": "LAND_USE",
    "land_use_code": "1401",
    "land_use_name_zh": "公园绿地 / 京张活力带",
    "source_type": "agent_generated_design",
    "confidence": "medium",
    "geometry_role": "design_proposal",
    "area_sqm": 0.0
   },
   "geometry": {
    "type": "Polygon",
    "coordinates": [
     [
      [
       116.35529999999996,
       39.962999999999944
      ],
      [
       116.35529999999996,
       39.96419999999994
      ],
      [
       116.3553,
       39.96419999999994
      ],
      [
       116.3553,
       39.962999999999944
      ],
      [
       116.35529999999996,
       39.962999999999944
      ]
     ]
    ]
   }
  },
  {
   "type": "Feature",
   "id": "LU-00915",
   "properties": {
    "id": "LU-00915",
    "layer": "LAND_USE",
    "land_use_code": "1401",
    "land_use_name_zh": "公园绿地 / 京张活力带",
    "source_type": "agent_generated_design",
    "confidence": "medium",
    "geometry_role": "design_proposal",
    "area_sqm": 0.0
   },
   "geometry": {
    "type": "Polygon",
    "coordinates": [
     [
      [
       116.35529999999996,
       39.96419999999994
      ],
      [
       116.35529999999996,
       39.965000000000536
      ],
      [
       116.3553,
       39.965
      ],
      [
       116.3553,
       39.96419999999994
      ],
      [
       116.35529999999996,
       39.96419999999994
      ]
     ]
    ]
   }
  },
  {
   "type": "Feature",
   "id": "LU-00916",
   "properties": {
    "id": "LU-00916",
    "layer": "LAND_USE",
    "land_use_code": "0701",
    "land_use_name_zh": "城镇住宅用地",
    "source_type": "agent_generated_design",
    "confidence": "medium",
    "geometry_role": "design_proposal",
    "area_sqm": 0.0
   },
   "geometry": {
    "type": "Polygon",
    "coordinates": [
     [
      [
       116.35529999999996,
       40.0265
      ],
      [
       116.3553,
       40.0265
      ],
      [
       116.35529999999996,
       40.02649999999922
      ],
      [
       116.35529999999996,
       40.0265
      ]
     ]
    ]
   }
  }
 ]
}