{"type": "FeatureCollection", "features": [{"type": "Feature", "id": "LU-000-000-0", "properties": {"id": "LU-000-000-0", "layer": "LAND_USE", "source_type": "agent_generated_design", "confidence": "medium", "geometry_role": "design_proposal", "land_use_code": "0901", "area_sqm_declared": 43005.5}, "geometry": {"type": "Polygon", "coordinates": [[[116.34283411694629, 39.94109149585476], [116.34285412344926, 39.93900011562498], [116.34070000000001, 39.93899999999999], [116.3406422843374, 39.94107905120053], [116.34283411694629, 39.94109149585476]]]}}, {"type": "Feature", "id": "LU-000-001-0", "properties": {"id": "LU-000-001-0", "layer": "LAND_USE", "source_type": "agent_generated_design", "confidence": "medium", "geometry_role": "design_proposal", "land_use_code": "1207", "area_sqm_declared": 45364.7}, "geometry": {"type": "Polygon", "coordinates": [[[116.34281343873477, 39.94325286273918], [116.34283411694629, 39.94109149585476], [116.3406422843374, 39.94107905120053], [116.34058228512444, 39.94324019388682], [116.34281343873477, 39.94325286273918]]]}}, {"type": "Feature", "id": "LU-000-002-0", "properties": {"id": "LU-000-002-0", "layer": "LAND_USE", "source_type": "agent_generated_design", "confidence": "medium", "geometry_role": "design_proposal", "land_use_code": "1402", "area_sqm_declared": 46169.9}, "geometry": {"type": "Polygon", "coordinates": [[[116.34279275829036, 39.94541422880644], [116.34281343873477, 39.94325286273918], [116.34058228512444, 39.94324019388682], [116.34052228120161, 39.94540133570863], [116.34279275829036, 39.94541422880644]]]}}, {"type": "Feature", "id": "LU-000-003-0", "properties": {"id": "LU-000-003-0", "layer": "LAND_USE", "source_type": "agent_generated_design", "confidence": "medium", "geometry_role": "design_proposal", "land_use_code": "0701", "area_sqm_declared": 46975.1}, "geometry": {"type": "Polygon", "coordinates": [[[116.34277207561279, 39.94757559405654], [116.34279275829036, 39.94541422880644], [116.34052228120161, 39.94540133570863], [116.3404622725683, 39.94756247666591], [116.34277207561279, 39.94757559405654]]]}}, {"type": "Feature", "id": "LU-000-004-0", "properties": {"id": "LU-000-004-0", "layer": "LAND_USE", "source_type": "agent_generated_design", "confidence": "medium", "geometry_role": "design_proposal", "land_use_code": "0803", "area_sqm_declared": 47780.2}, "geometry": {"type": "Polygon", "coordinates": [[[116.34275139070175, 39.94973695848946], [116.34277207561279, 39.94757559405654], [116.3404622725683, 39.94756247666591], [116.34040225922378, 39.94972361675865], [116.34275139070175, 39.94973695848946]]]}}, {"type": "Feature", "id": "LU-000-005-0", "properties": {"id": "LU-000-005-0", "layer": "LAND_USE", "source_type": "agent_generated_design", "confidence": "medium", "geometry_role": "design_proposal", "land_use_code": "16", "area_sqm_declared": 48585.4}, "geometry": {"type": "Polygon", "coordinates": [[[116.34273070355707, 39.951898322105166], [116.34275139070175, 39.94973695848946], [116.34040225922378, 39.94972361675865], [116.34034224116743, 39.951884755986825], [116.34273070355707, 39.951898322105166]]]}}, {"type": "Feature", "id": "LU-000-006-0", "properties": {"id": "LU-000-006-0", "layer": "LAND_USE", "source_type": "agent_generated_design", "confidence": "medium", "geometry_role": "design_proposal", "land_use_code": "0701", "area_sqm_declared": 49390.6}, "geometry": {"type": "Polygon", "coordinates": [[[116.34271001417837, 39.954059684903704], [116.34273070355707, 39.951898322105166], [116.34034224116743, 39.951884755986825], [116.34028221839854, 39.95404589435045], [116.34271001417837, 39.954059684903704]]]}}, {"type": "Feature", "id": "LU-000-007-0", "properties": {"id": "LU-000-007-0", "layer": "LAND_USE", "source_type": "agent_generated_design", "confidence": "medium", "geometry_role": "design_proposal", "land_use_code": "0901", "area_sqm_declared": 50195.7}, "geometry": {"type": "Polygon", "coordinates": [[[116.34268932256546, 39.95622104688501], [116.34271001417837, 39.954059684903704], [116.34028221839854, 39.95404589435045], [116.34022219091649, 39.95620703184948], [116.34268932256546, 39.95622104688501]]]}}, {"type": "Feature", "id": "LU-000-008-0", "properties": {"id": "LU-000-008-0", "layer": "LAND_USE", "source_type": "agent_generated_design", "confidence": "medium", "geometry_role": "design_proposal", "land_use_code": "0701", "area_sqm_declared": 51000.9}, "geometry": {"type": "Polygon", "coordinates": [[[116.34266862871803, 39.95838240804908], [116.34268932256546, 39.95622104688501], [116.34022219091649, 39.95620703184948], [116.34016215872053, 39.958368168483894], [116.34266862871803, 39.95838240804908]]]}}, {"type": "Feature", "id": "LU-000-009-0", "properties": {"id": "LU-000-009-0", "layer": "LAND_USE", "source_type": "agent_generated_design", "confidence": "medium", "geometry_role": "design_proposal", "land_use_code": "0803", "area_sqm_declared": 51806.1}, "geometry": {"type": "Polygon", "coordinates": [[[116.34264793263583, 39.960543768395915], [116.34266862871803, 39.95838240804908], [116.34016215872053, 39.958368168483894], [116.34010212181009, 39.960529304253676], [116.34264793263583, 39.960543768395915]]]}}, {"type": "Feature", "id": "LU-000-010-0", "properties": {"id": "LU-000-010-0", "layer": "LAND_USE", "source_type": "agent_generated_design", "confidence": "medium", "geometry_role": "design_proposal", "land_use_code": "1403", "area_sqm_declared": 52611.3}, "geometry": {"type": "Polygon", "coordinates": [[[116.34262723431856, 39.9627051279255], [116.34264793263583, 39.960543768395915], [116.34010212181009, 39.960529304253676], [116.3400420801844, 39.96269043915882], [116.34262723431856, 39.9627051279255]]]}}, {"type": "Feature", "id": "LU-000-011-0", "properties": {"id": "LU-000-011-0", "layer": "LAND_USE", "source_type": "agent_generated_design", "confidence": "medium", "geometry_role": "design_proposal", "land_use_code": "1403", "area_sqm_declared": 53416.4}, "geometry": {"type": "Polygon", "coordinates": [[[116.34260653376599, 39.964866486637845], [116.34262723431856, 39.9627051279255], [116.3400420801844, 39.96269043915882], [116.33998203384287, 39.96485157319931], [116.34260653376599, 39.964866486637845]]]}}, {"type": "Feature", "id": "LU-000-012-0", "properties": {"id": "LU-000-012-0", "layer": "LAND_USE", "source_type": "agent_generated_design", "confidence": "medium", "geometry_role": "design_proposal", "land_use_code": "0701", "area_sqm_declared": 54221.6}, "geometry": {"type": "Polygon", "coordinates": [[[116.34258583097782, 39.9670278445329], [116.34260653376599, 39.964866486637845], [116.33998203384287, 39.96485157319931], [116.33992198278479, 39.967012706375115], [116.34258583097782, 39.9670278445329]]]}}, {"type": "Feature", "id": "LU-000-013-0", "properties": {"id": "LU-000-013-0", "layer": "LAND_USE", "source_type": "agent_generated_design", "confidence": "medium", "geometry_role": "design_proposal", "land_use_code": "0805", "area_sqm_declared": 55026.8}, "geometry": {"type": "Polygon", "coordinates": [[[116.34256512595381, 39.969189201610654], [116.34258583097782, 39.9670278445329], [116.33992198278479, 39.967012706375115], [116.33986192700951, 39.9691738386862], [116.34256512595381, 39.969189201610654]]]}}, {"type": "Feature", "id": "LU-000-014-0", "properties": {"id": "LU-000-014-0", "layer": "LAND_USE", "source_type": "agent_generated_design", "confidence": "medium", "geometry_role": "design_proposal", "land_use_code": "0805", "area_sqm_declared": 55831.9}, "geometry": {"type": "Polygon", "coordinates": [[[116.34254441869369, 39.97135055787113], [116.34256512595381, 39.969189201610654], [116.33986192700951, 39.9691738386862], [116.33980186651631, 39.971334970132595], [116.34254441869369, 39.97135055787113]]]}}, {"type": "Feature", "id": "LU-000-015-0", "properties": {"id": "LU-000-015-0", "layer": "LAND_USE", "source_type": "agent_generated_design", "confidence": "medium", "geometry_role": "design_proposal", "land_use_code": "1401", "area_sqm_declared": 56637.1}, "geometry": {"type": "Polygon", "coordinates": [[[116.34252370919715, 39.973511913314304], [116.34254441869369, 39.97135055787113], [116.33980186651631, 39.971334970132595], [116.33974180130458, 39.97349610071425], [116.34252370919715, 39.973511913314304]]]}}, {"type": "Feature", "id": "LU-000-016-0", "properties": {"id": "LU-000-016-0", "layer": "LAND_USE", "source_type": "agent_generated_design", "confidence": "medium", "geometry_role": "design_proposal", "land_use_code": "16", "area_sqm_declared": 57253.1}, "geometry": {"type": "Polygon", "coordinates": [[[116.34250299746397, 39.97567326794015], [116.34252370919715, 39.973511913314304], [116.33974180130458, 39.97349610071425], [116.3397, 39.975], [116.33974240736312, 39.97565757606688], [116.34250299746397, 39.97567326794015]]]}}, {"type": "Feature", "id": "LU-000-017-0", "properties": {"id": "LU-000-017-0", "layer": "LAND_USE", "source_type": "agent_generated_design", "confidence": "medium", "geometry_role": "design_proposal", "land_use_code": "1401", "area_sqm_declared": 54958.0}, "geometry": {"type": "Polygon", "coordinates": [[[116.34248228349384, 39.977834621748656], [116.34250299746397, 39.97567326794015], [116.33974240736312, 39.97565757606688], [116.33988185794577, 39.97781984142819], [116.34248228349384, 39.977834621748656]]]}}, {"type": "Feature", "id": "LU-000-018-0", "properties": {"id": "LU-000-018-0", "layer": "LAND_USE", "source_type": "agent_generated_design", "confidence": "medium", "geometry_role": "design_proposal", "land_use_code": "1402", "area_sqm_declared": 51672.5}, "geometry": {"type": "Polygon", "coordinates": [[[116.34246156728648, 39.97999597473982], [116.34248228349384, 39.977834621748656], [116.33988185794577, 39.97781984142819], [116.34002131638532, 39.97998210588952], [116.34246156728648, 39.97999597473982]]]}}, {"type": "Feature", "id": "LU-000-019-0", "properties": {"id": "LU-000-019-0", "layer": "LAND_USE", "source_type": "agent_generated_design", "confidence": "medium", "geometry_role": "design_proposal", "land_use_code": "1403", "area_sqm_declared": 48386.9}, "geometry": {"type": "Polygon", "coordinates": [[[116.34244084884169, 39.98215732691364], [116.34246156728648, 39.97999597473982], [116.34002131638532, 39.97998210588952], [116.34016078268314, 39.982144369450815], [116.34244084884169, 39.98215732691364]]]}}, {"type": "Feature", "id": "LU-000-020-0", "properties": {"id": "LU-000-020-0", "layer": "LAND_USE", "source_type": "agent_generated_design", "confidence": "medium", "geometry_role": "design_proposal", "land_use_code": "0804", "area_sqm_declared": 45101.4}, "geometry": {"type": "Polygon", "coordinates": [[[116.34242012815915, 39.984318678270085], [116.34244084884169, 39.98215732691364], [116.34016078268314, 39.982144369450815], [116.3403002568406, 39.98430663211199], [116.34242012815915, 39.984318678270085]]]}}, {"type": "Feature", "id": "LU-000-021-0", "properties": {"id": "LU-000-021-0", "layer": "LAND_USE", "source_type": "agent_generated_design", "confidence": "medium", "geometry_role": "design_proposal", "land_use_code": "0701", "area_sqm_declared": 41815.8}, "geometry": {"type": "Polygon", "coordinates": [[[116.34239940523858, 39.98648002880915], [116.34242012815915, 39.984318678270085], [116.3403002568406, 39.98430663211199], [116.34043973885908, 39.98646889387303], [116.34239940523858, 39.98648002880915]]]}}, {"type": "Feature", "id": "LU-000-022-0", "properties": {"id": "LU-000-022-0", "layer": "LAND_USE", "source_type": "agent_generated_design", "confidence": "medium", "geometry_role": "design_proposal", "land_use_code": "0805", "area_sqm_declared": 38530.2}, "geometry": {"type": "Polygon", "coordinates": [[[116.34237868007975, 39.98864137853083], [116.34239940523858, 39.98648002880915], [116.34043973885908, 39.98646889387303], [116.34057922873994, 39.98863115473388], [116.34237868007975, 39.98864137853083]]]}}, {"type": "Feature", "id": "LU-000-023-0", "properties": {"id": "LU-000-023-0", "layer": "LAND_USE", "source_type": "agent_generated_design", "confidence": "medium", "geometry_role": "design_proposal", "land_use_code": "0701", "area_sqm_declared": 35244.7}, "geometry": {"type": "Polygon", "coordinates": [[[116.34235795268233, 39.99080272743511], [116.34237868007975, 39.98864137853083], [116.34057922873994, 39.98863115473388], [116.34071872648452, 39.990793414694465], [116.34235795268233, 39.99080272743511]]]}}, {"type": "Feature", "id": "LU-000-024-0", "properties": {"id": "LU-000-024-0", "layer": "LAND_USE", "source_type": "agent_generated_design", "confidence": "medium", "geometry_role": "design_proposal", "land_use_code": "0804", "area_sqm_declared": 31959.1}, "geometry": {"type": "Polygon", "coordinates": [[[116.34233722304612, 39.99296407552198], [116.34235795268233, 39.99080272743511], [116.34071872648452, 39.990793414694465], [116.3408582320942, 39.992955673754786], [116.34233722304612, 39.99296407552198]]]}}, {"type": "Feature", "id": "LU-000-025-0", "properties": {"id": "LU-000-025-0", "layer": "LAND_USE", "source_type": "agent_generated_design", "confidence": "medium", "geometry_role": "design_proposal", "land_use_code": "0806", "area_sqm_declared": 28673.6}, "geometry": {"type": "Polygon", "coordinates": [[[116.3423164911708, 39.99512542279141], [116.34233722304612, 39.99296407552198], [116.3408582320942, 39.992955673754786], [116.34099774557038, 39.99511793191474], [116.3423164911708, 39.99512542279141]]]}}, {"type": "Feature", "id": "LU-000-026-0", "properties": {"id": "LU-000-026-0", "layer": "LAND_USE", "source_type": "agent_generated_design", "confidence": "medium", "geometry_role": "design_proposal", "land_use_code": "0806", "area_sqm_declared": 25388.0}, "geometry": {"type": "Polygon", "coordinates": [[[116.34229575705614, 39.99728676924341], [116.3423164911708, 39.99512542279141], [116.34099774557038, 39.99511793191474], [116.3411372669144, 39.997280189174305], [116.34229575705614, 39.99728676924341]]]}}, {"type": "Feature", "id": "LU-000-027-0", "properties": {"id": "LU-000-027-0", "layer": "LAND_USE", "source_type": "agent_generated_design", "confidence": "medium", "geometry_role": "design_proposal", "land_use_code": "1402", "area_sqm_declared": 22102.4}, "geometry": {"type": "Polygon", "coordinates": [[[116.34227502070182, 39.999448114877964], [116.34229575705614, 39.99728676924341], [116.3411372669144, 39.997280189174305], [116.34127679612759, 39.99944244553343], [116.34227502070182, 39.999448114877964]]]}}, {"type": "Feature", "id": "LU-000-028-0", "properties": {"id": "LU-000-028-0", "layer": "LAND_USE", "source_type": "agent_generated_design", "confidence": "medium", "geometry_role": "design_proposal", "land_use_code": "0701", "area_sqm_declared": 18816.9}, "geometry": {"type": "Polygon", "coordinates": [[[116.34225428210762, 40.00160945969506], [116.34227502070182, 39.999448114877964], [116.34127679612759, 39.99944244553343], [116.34141633321138, 40.001604700992075], [116.34225428210762, 40.00160945969506]]]}}, {"type": "Feature", "id": "LU-000-029-0", "properties": {"id": "LU-000-029-0", "layer": "LAND_USE", "source_type": "agent_generated_design", "confidence": "medium", "geometry_role": "design_proposal", "land_use_code": "1402", "area_sqm_declared": 15531.3}, "geometry": {"type": "Polygon", "coordinates": [[[116.34223354127325, 40.003770803694685], [116.34225428210762, 40.00160945969506], [116.34141633321138, 40.001604700992075], [116.34155587816711, 40.00376695555018], [116.34223354127325, 40.003770803694685]]]}}, {"type": "Feature", "id": "LU-000-030-0", "properties": {"id": "LU-000-030-0", "layer": "LAND_USE", "source_type": "agent_generated_design", "confidence": "medium", "geometry_role": "design_proposal", "land_use_code": "0701", "area_sqm_declared": 12245.8}, "geometry": {"type": "Polygon", "coordinates": [[[116.34221279819842, 40.005932146876816], [116.34223354127325, 40.003770803694685], [116.34155587816711, 40.00376695555018], [116.34169543099613, 40.005929209207665], [116.34221279819842, 40.005932146876816]]]}}, {"type": "Feature", "id": "LU-000-031-0", "properties": {"id": "LU-000-031-0", "layer": "LAND_USE", "source_type": "agent_generated_design", "confidence": "medium", "geometry_role": "design_proposal", "land_use_code": "16", "area_sqm_declared": 9287.3}, "geometry": {"type": "Polygon", "coordinates": [[[116.34219205288288, 40.00809348924147], [116.34221279819842, 40.005932146876816], [116.34169543099613, 40.005929209207665], [116.34169999999999, 40.00600000000001], [116.34180198965159, 40.00809127453413], [116.34219205288288, 40.00809348924147]]]}}, {"type": "Feature", "id": "LU-000-032-0", "properties": {"id": "LU-000-032-0", "layer": "LAND_USE", "source_type": "agent_generated_design", "confidence": "medium", "geometry_role": "design_proposal", "land_use_code": "0701", "area_sqm_declared": 6700.6}, "geometry": {"type": "Polygon", "coordinates": [[[116.34217130532635, 40.01025483078861], [116.34219205288288, 40.00809348924147], [116.34180198965159, 40.00809127453413], [116.34190743702658, 40.01025333266982], [116.34217130532635, 40.01025483078861]]]}}, {"type": "Feature", "id": "LU-000-033-0", "properties": {"id": "LU-000-033-0", "layer": "LAND_USE", "source_type": "agent_generated_design", "confidence": "medium", "geometry_role": "design_proposal", "land_use_code": "0701", "area_sqm_declared": 4114.2}, "geometry": {"type": "Polygon", "coordinates": [[[116.34215055552858, 40.01241617151823], [116.34217130532635, 40.01025483078861], [116.34190743702658, 40.01025333266982], [116.34201289012395, 40.01241538995963], [116.34215055552858, 40.01241617151823]]]}}, {"type": "Feature", "id": "LU-000-034-0", "properties": {"id": "LU-000-034-0", "layer": "LAND_USE", "source_type": "agent_generated_design", "confidence": "medium", "geometry_role": "design_proposal", "land_use_code": "16", "area_sqm_declared": 1527.9}, "geometry": {"type": "Polygon", "coordinates": [[[116.34212980348927, 40.014577511430325], [116.34215055552858, 40.01241617151823], [116.34201289012395, 40.01241538995963], [116.34211834894481, 40.014577446403536], [116.34212980348927, 40.014577511430325]]]}}, {"type": "Feature", "id": "LU-000-035-0", "properties": {"id": "LU-000-035-0", "layer": "LAND_USE", "source_type": "agent_generated_design", "confidence": "medium", "geometry_role": "design_proposal", "land_use_code": "0701", "area_sqm_declared": 10.7}, "geometry": {"type": "Polygon", "coordinates": [[[116.34212980348927, 40.014577511430325], [116.34211834894481, 40.014577446403536], [116.34212792004612, 40.01477366180022], [116.34212980348927, 40.014577511430325]]]}}, {"type": "Feature", "id": "LU-001-000-0", "properties": {"id": "LU-001-000-0", "layer": "LAND_USE", "source_type": "agent_generated_design", "confidence": "medium", "geometry_role": "design_proposal", "land_use_code": "0701", "area_sqm_declared": 55945.3}, "geometry": {"type": "Polygon", "coordinates": [[[116.34283411694629, 39.94109149585476], [116.34564202798123, 39.9411073778928], [116.34566209941494, 39.93900020625449], [116.34285412344926, 39.93900011562498], [116.34283411694629, 39.94109149585476]]]}}, {"type": "Feature", "id": "LU-001-001-0", "properties": {"id": "LU-001-001-0", "layer": "LAND_USE", "source_type": "agent_generated_design", "confidence": "medium", "geometry_role": "design_proposal", "land_use_code": "1403", "area_sqm_declared": 57600.0}, "geometry": {"type": "Polygon", "coordinates": [[[116.34283411694629, 39.94109149585476], [116.34281343873477, 39.94325286273918], [116.34562143810732, 39.94326874598651], [116.34564202798123, 39.9411073778928], [116.34283411694629, 39.94109149585476]]]}}, {"type": "Feature", "id": "LU-001-002-0", "properties": {"id": "LU-001-002-0", "layer": "LAND_USE", "source_type": "agent_generated_design", "confidence": "medium", "geometry_role": "design_proposal", "land_use_code": "0901", "area_sqm_declared": 57600.0}, "geometry": {"type": "Polygon", "coordinates": [[[116.34281343873477, 39.94325286273918], [116.34279275829036, 39.94541422880644], [116.34560084601003, 39.94543011326313], [116.34562143810732, 39.94326874598651], [116.34281343873477, 39.94325286273918]]]}}, {"type": "Feature", "id": "LU-001-003-0", "properties": {"id": "LU-001-003-0", "layer": "LAND_USE", "source_type": "agent_generated_design", "confidence": "medium", "geometry_role": "design_proposal", "land_use_code": "1401", "area_sqm_declared": 57600.0}, "geometry": {"type": "Polygon", "coordinates": [[[116.34279275829036, 39.94541422880644], [116.34277207561279, 39.94757559405654], [116.34558025168914, 39.947591479722654], [116.34560084601003, 39.94543011326313], [116.34279275829036, 39.94541422880644]]]}}, {"type": "Feature", "id": "LU-001-004-0", "properties": {"id": "LU-001-004-0", "layer": "LAND_USE", "source_type": "agent_generated_design", "confidence": "medium", "geometry_role": "design_proposal", "land_use_code": "1403", "area_sqm_declared": 57600.0}, "geometry": {"type": "Polygon", "coordinates": [[[116.34277207561279, 39.94757559405654], [116.34275139070175, 39.94973695848946], [116.34555965514436, 39.94975284536508], [116.34558025168914, 39.947591479722654], [116.34277207561279, 39.94757559405654]]]}}, {"type": "Feature", "id": "LU-001-005-0", "properties": {"id": "LU-001-005-0", "layer": "LAND_USE", "source_type": "agent_generated_design", "confidence": "medium", "geometry_role": "design_proposal", "land_use_code": "0803", "area_sqm_declared": 57600.0}, "geometry": {"type": "Polygon", "coordinates": [[[116.34275139070175, 39.94973695848946], [116.34273070355707, 39.951898322105166], [116.34553905637539, 39.95191421019039], [116.34555965514436, 39.94975284536508], [116.34275139070175, 39.94973695848946]]]}}, {"type": "Feature", "id": "LU-001-006-0", "properties": {"id": "LU-001-006-0", "layer": "LAND_USE", "source_type": "agent_generated_design", "confidence": "medium", "geometry_role": "design_proposal", "land_use_code": "0803", "area_sqm_declared": 57600.0}, "geometry": {"type": "Polygon", "coordinates": [[[116.34273070355707, 39.951898322105166], [116.34271001417837, 39.954059684903704], [116.345518455382, 39.95407557419857], [116.34553905637539, 39.95191421019039], [116.34273070355707, 39.951898322105166]]]}}, {"type": "Feature", "id": "LU-001-007-0", "properties": {"id": "LU-001-007-0", "layer": "LAND_USE", "source_type": "agent_generated_design", "confidence": "medium", "geometry_role": "design_proposal", "land_use_code": "0901", "area_sqm_declared": 57600.0}, "geometry": {"type": "Polygon", "coordinates": [[[116.34271001417837, 39.954059684903704], [116.34268932256546, 39.95622104688501], [116.34549785216393, 39.95623693738962], [116.345518455382, 39.95407557419857], [116.34271001417837, 39.954059684903704]]]}}, {"type": "Feature", "id": "LU-001-008-0", "properties": {"id": "LU-001-008-0", "layer": "LAND_USE", "source_type": "agent_generated_design", "confidence": "medium", "geometry_role": "design_proposal", "land_use_code": "1403", "area_sqm_declared": 57600.0}, "geometry": {"type": "Polygon", "coordinates": [[[116.34268932256546, 39.95622104688501], [116.34266862871803, 39.95838240804908], [116.34547724672089, 39.958398299763495], [116.34549785216393, 39.95623693738962], [116.34268932256546, 39.95622104688501]]]}}, {"type": "Feature", "id": "LU-001-009-0", "properties": {"id": "LU-001-009-0", "layer": "LAND_USE", "source_type": "agent_generated_design", "confidence": "medium", "geometry_role": "design_proposal", "land_use_code": "0806", "area_sqm_declared": 57600.0}, "geometry": {"type": "Polygon", "coordinates": [[[116.34266862871803, 39.95838240804908], [116.34264793263583, 39.960543768395915], [116.34545663905263, 39.96055966132022], [116.34547724672089, 39.958398299763495], [116.34266862871803, 39.95838240804908]]]}}, {"type": "Feature", "id": "LU-001-010-0", "properties": {"id": "LU-001-010-0", "layer": "LAND_USE", "source_type": "agent_generated_design", "confidence": "medium", "geometry_role": "design_proposal", "land_use_code": "0806", "area_sqm_declared": 57600.0}, "geometry": {"type": "Polygon", "coordinates": [[[116.34264793263583, 39.960543768395915], [116.34262723431856, 39.9627051279255], [116.34543602915885, 39.96272102205977], [116.34545663905263, 39.96055966132022], [116.34264793263583, 39.960543768395915]]]}}, {"type": "Feature", "id": "LU-001-011-0", "properties": {"id": "LU-001-011-0", "layer": "LAND_USE", "source_type": "agent_generated_design", "confidence": "medium", "geometry_role": "design_proposal", "land_use_code": "0701", "area_sqm_declared": 57600.0}, "geometry": {"type": "Polygon", "coordinates": [[[116.34262723431856, 39.9627051279255], [116.34260653376599, 39.964866486637845], [116.34541541703929, 39.964882381982136], [116.34543602915885, 39.96272102205977], [116.34262723431856, 39.9627051279255]]]}}, {"type": "Feature", "id": "LU-001-012-0", "properties": {"id": "LU-001-012-0", "layer": "LAND_USE", "source_type": "agent_generated_design", "confidence": "medium", "geometry_role": "design_proposal", "land_use_code": "0803", "area_sqm_declared": 57600.0}, "geometry": {"type": "Polygon", "coordinates": [[[116.34260653376599, 39.964866486637845], [116.34258583097782, 39.9670278445329], [116.34539480269373, 39.967043741087295], [116.34541541703929, 39.964882381982136], [116.34260653376599, 39.964866486637845]]]}}, {"type": "Feature", "id": "LU-001-013-0", "properties": {"id": "LU-001-013-0", "layer": "LAND_USE", "source_type": "agent_generated_design", "confidence": "medium", "geometry_role": "design_proposal", "land_use_code": "0701", "area_sqm_declared": 57600.0}, "geometry": {"type": "Polygon", "coordinates": [[[116.34258583097782, 39.9670278445329], [116.34256512595381, 39.969189201610654], [116.34537418612183, 39.96920509937525], [116.34539480269373, 39.967043741087295], [116.34258583097782, 39.9670278445329]]]}}, {"type": "Feature", "id": "LU-001-014-0", "properties": {"id": "LU-001-014-0", "layer": "LAND_USE", "source_type": "agent_generated_design", "confidence": "medium", "geometry_role": "design_proposal", "land_use_code": "1401", "area_sqm_declared": 57600.0}, "geometry": {"type": "Polygon", "coordinates": [[[116.34256512595381, 39.969189201610654], [116.34254441869369, 39.97135055787113], [116.34535356732339, 39.971366456845985], [116.34537418612183, 39.96920509937525], [116.34256512595381, 39.969189201610654]]]}}, {"type": "Feature", "id": "LU-001-015-0", "properties": {"id": "LU-001-015-0", "layer": "LAND_USE", "source_type": "agent_generated_design", "confidence": "medium", "geometry_role": "design_proposal", "land_use_code": "1401", "area_sqm_declared": 57600.0}, "geometry": {"type": "Polygon", "coordinates": [[[116.34254441869369, 39.97135055787113], [116.34252370919715, 39.973511913314304], [116.34533294629807, 39.973527813499494], [116.34535356732339, 39.971366456845985], [116.34254441869369, 39.97135055787113]]]}}, {"type": "Feature", "id": "LU-001-016-0", "properties": {"id": "LU-001-016-0", "layer": "LAND_USE", "source_type": "agent_generated_design", "confidence": "medium", "geometry_role": "design_proposal", "land_use_code": "1401", "area_sqm_declared": 57600.0}, "geometry": {"type": "Polygon", "coordinates": [[[116.34252370919715, 39.973511913314304], [116.34250299746397, 39.97567326794015], [116.34531232304566, 39.975689169335745], [116.34533294629807, 39.973527813499494], [116.34252370919715, 39.973511913314304]]]}}, {"type": "Feature", "id": "LU-001-017-0", "properties": {"id": "LU-001-017-0", "layer": "LAND_USE", "source_type": "agent_generated_design", "confidence": "medium", "geometry_role": "design_proposal", "land_use_code": "16", "area_sqm_declared": 57600.0}, "geometry": {"type": "Polygon", "coordinates": [[[116.34250299746397, 39.97567326794015], [116.34248228349384, 39.977834621748656], [116.34529169756588, 39.97785052435475], [116.34531232304566, 39.975689169335745], [116.34250299746397, 39.97567326794015]]]}}, {"type": "Feature", "id": "LU-001-018-0", "properties": {"id": "LU-001-018-0", "layer": "LAND_USE", "source_type": "agent_generated_design", "confidence": "medium", "geometry_role": "design_proposal", "land_use_code": "0806", "area_sqm_declared": 57600.0}, "geometry": {"type": "Polygon", "coordinates": [[[116.34248228349384, 39.977834621748656], [116.34246156728648, 39.97999597473982], [116.34527106985843, 39.98001187855647], [116.34529169756588, 39.97785052435475], [116.34248228349384, 39.977834621748656]]]}}, {"type": "Feature", "id": "LU-001-019-0", "properties": {"id": "LU-001-019-0", "layer": "LAND_USE", "source_type": "agent_generated_design", "confidence": "medium", "geometry_role": "design_proposal", "land_use_code": "0701", "area_sqm_declared": 57600.0}, "geometry": {"type": "Polygon", "coordinates": [[[116.34246156728648, 39.97999597473982], [116.34244084884169, 39.98215732691364], [116.34525043992309, 39.982173231940926], [116.34527106985843, 39.98001187855647], [116.34246156728648, 39.97999597473982]]]}}, {"type": "Feature", "id": "LU-001-020-0", "properties": {"id": "LU-001-020-0", "layer": "LAND_USE", "source_type": "agent_generated_design", "confidence": "medium", "geometry_role": "design_proposal", "land_use_code": "1403", "area_sqm_declared": 57600.0}, "geometry": {"type": "Polygon", "coordinates": [[[116.34244084884169, 39.98215732691364], [116.34242012815915, 39.984318678270085], [116.34522980775955, 39.984334584508076], [116.34525043992309, 39.982173231940926], [116.34244084884169, 39.98215732691364]]]}}, {"type": "Feature", "id": "LU-001-021-0", "properties": {"id": "LU-001-021-0", "layer": "LAND_USE", "source_type": "agent_generated_design", "confidence": "medium", "geometry_role": "design_proposal", "land_use_code": "0806", "area_sqm_declared": 57600.0}, "geometry": {"type": "Polygon", "coordinates": [[[116.34242012815915, 39.984318678270085], [116.34239940523858, 39.98648002880915], [116.34520917336756, 39.98649593625793], [116.34522980775955, 39.984334584508076], [116.34242012815915, 39.984318678270085]]]}}, {"type": "Feature", "id": "LU-001-022-0", "properties": {"id": "LU-001-022-0", "layer": "LAND_USE", "source_type": "agent_generated_design", "confidence": "medium", "geometry_role": "design_proposal", "land_use_code": "0901", "area_sqm_declared": 57600.0}, "geometry": {"type": "Polygon", "coordinates": [[[116.34239940523858, 39.98648002880915], [116.34237868007975, 39.98864137853083], [116.34518853674685, 39.98865728719048], [116.34520917336756, 39.98649593625793], [116.34239940523858, 39.98648002880915]]]}}, {"type": "Feature", "id": "LU-001-023-0", "properties": {"id": "LU-001-023-0", "layer": "LAND_USE", "source_type": "agent_generated_design", "confidence": "medium", "geometry_role": "design_proposal", "land_use_code": "1401", "area_sqm_declared": 57600.0}, "geometry": {"type": "Polygon", "coordinates": [[[116.34237868007975, 39.98864137853083], [116.34235795268233, 39.99080272743511], [116.34516789789714, 39.990818637305686], [116.34518853674685, 39.98865728719048], [116.34237868007975, 39.98864137853083]]]}}, {"type": "Feature", "id": "LU-001-024-0", "properties": {"id": "LU-001-024-0", "layer": "LAND_USE", "source_type": "agent_generated_design", "confidence": "medium", "geometry_role": "design_proposal", "land_use_code": "1401", "area_sqm_declared": 57600.0}, "geometry": {"type": "Polygon", "coordinates": [[[116.34235795268233, 39.99080272743511], [116.34233722304612, 39.99296407552198], [116.34514725681818, 39.99297998660357], [116.34516789789714, 39.990818637305686], [116.34235795268233, 39.99080272743511]]]}}, {"type": "Feature", "id": "LU-001-025-0", "properties": {"id": "LU-001-025-0", "layer": "LAND_USE", "source_type": "agent_generated_design", "confidence": "medium", "geometry_role": "design_proposal", "land_use_code": "1403", "area_sqm_declared": 57600.0}, "geometry": {"type": "Polygon", "coordinates": [[[116.34233722304612, 39.99296407552198], [116.3423164911708, 39.99512542279141], [116.34512661350969, 39.99514133508411], [116.34514725681818, 39.99297998660357], [116.34233722304612, 39.99296407552198]]]}}, {"type": "Feature", "id": "LU-001-026-0", "properties": {"id": "LU-001-026-0", "layer": "LAND_USE", "source_type": "agent_generated_design", "confidence": "medium", "geometry_role": "design_proposal", "land_use_code": "1401", "area_sqm_declared": 57600.0}, "geometry": {"type": "Polygon", "coordinates": [[[116.3423164911708, 39.99512542279141], [116.34229575705614, 39.99728676924341], [116.3451059679714, 39.99730268274726], [116.34512661350969, 39.99514133508411], [116.3423164911708, 39.99512542279141]]]}}, {"type": "Feature", "id": "LU-001-027-0", "properties": {"id": "LU-001-027-0", "layer": "LAND_USE", "source_type": "agent_generated_design", "confidence": "medium", "geometry_role": "design_proposal", "land_use_code": "1401", "area_sqm_declared": 57600.0}, "geometry": {"type": "Polygon", "coordinates": [[[116.34229575705614, 39.99728676924341], [116.34227502070182, 39.999448114877964], [116.34508532020305, 39.999464029593064], [116.3451059679714, 39.99730268274726], [116.34229575705614, 39.99728676924341]]]}}, {"type": "Feature", "id": "LU-001-028-0", "properties": {"id": "LU-001-028-0", "layer": "LAND_USE", "source_type": "agent_generated_design", "confidence": "medium", "geometry_role": "design_proposal", "land_use_code": "1403", "area_sqm_declared": 57600.0}, "geometry": {"type": "Polygon", "coordinates": [[[116.34227502070182, 39.999448114877964], [116.34225428210762, 40.00160945969506], [116.34506467020437, 40.001625375621465], [116.34508532020305, 39.999464029593064], [116.34227502070182, 39.999448114877964]]]}}, {"type": "Feature", "id": "LU-001-029-0", "properties": {"id": "LU-001-029-0", "layer": "LAND_USE", "source_type": "agent_generated_design", "confidence": "medium", "geometry_role": "design_proposal", "land_use_code": "1403", "area_sqm_declared": 57600.0}, "geometry": {"type": "Polygon", "coordinates": [[[116.34225428210762, 40.00160945969506], [116.34223354127325, 40.003770803694685], [116.34504401797506, 40.00378672083249], [116.34506467020437, 40.001625375621465], [116.34225428210762, 40.00160945969506]]]}}, {"type": "Feature", "id": "LU-001-030-0", "properties": {"id": "LU-001-030-0", "layer": "LAND_USE", "source_type": "agent_generated_design", "confidence": "medium", "geometry_role": "design_proposal", "land_use_code": "1401", "area_sqm_declared": 57600.0}, "geometry": {"type": "Polygon", "coordinates": [[[116.34223354127325, 40.003770803694685], [116.34221279819842, 40.005932146876816], [116.34502336351488, 40.00594806522609], [116.34504401797506, 40.00378672083249], [116.34223354127325, 40.003770803694685]]]}}, {"type": "Feature", "id": "LU-001-031-0", "properties": {"id": "LU-001-031-0", "layer": "LAND_USE", "source_type": "agent_generated_design", "confidence": "medium", "geometry_role": "design_proposal", "land_use_code": "1403", "area_sqm_declared": 57600.0}, "geometry": {"type": "Polygon", "coordinates": [[[116.34221279819842, 40.005932146876816], [116.34219205288288, 40.00809348924147], [116.34500270682356, 40.008109408802284], [116.34502336351488, 40.00594806522609], [116.34221279819842, 40.005932146876816]]]}}, {"type": "Feature", "id": "LU-001-032-0", "properties": {"id": "LU-001-032-0", "layer": "LAND_USE", "source_type": "agent_generated_design", "confidence": "medium", "geometry_role": "design_proposal", "land_use_code": "0803", "area_sqm_declared": 57600.0}, "geometry": {"type": "Polygon", "coordinates": [[[116.34219205288288, 40.00809348924147], [116.34217130532635, 40.01025483078861], [116.34498204790086, 40.010270751561045], [116.34500270682356, 40.008109408802284], [116.34219205288288, 40.00809348924147]]]}}, {"type": "Feature", "id": "LU-001-033-0", "properties": {"id": "LU-001-033-0", "layer": "LAND_USE", "source_type": "agent_generated_design", "confidence": "medium", "geometry_role": "design_proposal", "land_use_code": "0803", "area_sqm_declared": 57600.0}, "geometry": {"type": "Polygon", "coordinates": [[[116.34217130532635, 40.01025483078861], [116.34215055552858, 40.01241617151823], [116.34496138674646, 40.01243209350235], [116.34498204790086, 40.010270751561045], [116.34217130532635, 40.01025483078861]]]}}, {"type": "Feature", "id": "LU-001-034-0", "properties": {"id": "LU-001-034-0", "layer": "LAND_USE", "source_type": "agent_generated_design", "confidence": "medium", "geometry_role": "design_proposal", "land_use_code": "0803", "area_sqm_declared": 57600.0}, "geometry": {"type": "Polygon", "coordinates": [[[116.34215055552858, 40.01241617151823], [116.34212980348927, 40.014577511430325], [116.3449407233601, 40.014593434626214], [116.34496138674646, 40.01243209350235], [116.34215055552858, 40.01241617151823]]]}}, {"type": "Feature", "id": "LU-001-035-0", "properties": {"id": "LU-001-035-0", "layer": "LAND_USE", "source_type": "agent_generated_design", "confidence": "medium", "geometry_role": "design_proposal", "land_use_code": "1402", "area_sqm_declared": 56530.9}, "geometry": {"type": "Polygon", "coordinates": [[[116.34492005774152, 40.01675477493261], [116.3449407233601, 40.014593434626214], [116.34212980348927, 40.014577511430325], [116.34212792004612, 40.01477366180022], [116.34222381349007, 40.01673950200152], [116.34492005774152, 40.01675477493261]]]}}, {"type": "Feature", "id": "LU-001-036-0", "properties": {"id": "LU-001-036-0", "layer": "LAND_USE", "source_type": "agent_generated_design", "confidence": "medium", "geometry_role": "design_proposal", "land_use_code": "1403", "area_sqm_declared": 53955.2}, "geometry": {"type": "Polygon", "coordinates": [[[116.34489938989046, 40.018916114421536], [116.34492005774152, 40.01675477493261], [116.34222381349007, 40.01673950200152], [116.34232928376083, 40.01890155675354], [116.34489938989046, 40.018916114421536]]]}}, {"type": "Feature", "id": "LU-001-037-0", "properties": {"id": "LU-001-037-0", "layer": "LAND_USE", "source_type": "agent_generated_design", "confidence": "medium", "geometry_role": "design_proposal", "land_use_code": "0701", "area_sqm_declared": 51368.9}, "geometry": {"type": "Polygon", "coordinates": [[[116.34487871980664, 40.021077453092964], [116.34489938989046, 40.018916114421536], [116.34232928376083, 40.01890155675354], [116.34243475975808, 40.021063610659574], [116.34487871980664, 40.021077453092964]]]}}, {"type": "Feature", "id": "LU-001-038-0", "properties": {"id": "LU-001-038-0", "layer": "LAND_USE", "source_type": "agent_generated_design", "confidence": "medium", "geometry_role": "design_proposal", "land_use_code": "0701", "area_sqm_declared": 48782.5}, "geometry": {"type": "Polygon", "coordinates": [[[116.3448580474898, 40.023238790946884], [116.34487871980664, 40.021077453092964], [116.34243475975808, 40.021063610659574], [116.34254024148281, 40.02322566371956], [116.3448580474898, 40.023238790946884]]]}}, {"type": "Feature", "id": "LU-001-039-0", "properties": {"id": "LU-001-039-0", "layer": "LAND_USE", "source_type": "agent_generated_design", "confidence": "medium", "geometry_role": "design_proposal", "land_use_code": "16", "area_sqm_declared": 46196.2}, "geometry": {"type": "Polygon", "coordinates": [[[116.34483737293966, 40.02540012798332], [116.3448580474898, 40.023238790946884], [116.34254024148281, 40.02322566371956], [116.3426457289361, 40.025387715933505], [116.34483737293966, 40.02540012798332]]]}}, {"type": "Feature", "id": "LU-001-040-0", "properties": {"id": "LU-001-040-0", "layer": "LAND_USE", "source_type": "agent_generated_design", "confidence": "medium", "geometry_role": "design_proposal", "land_use_code": "0901", "area_sqm_declared": 22638.0}, "geometry": {"type": "Polygon", "coordinates": [[[116.34483737293966, 40.02540012798332], [116.3426457289361, 40.025387715933505], [116.34270000000001, 40.0265], [116.34482685019101, 40.02650009611694], [116.34483737293966, 40.02540012798332]]]}}, {"type": "Feature", "id": "LU-002-000-0", "properties": {"id": "LU-002-000-0", "layer": "LAND_USE", "source_type": "agent_generated_design", "confidence": "medium", "geometry_role": "design_proposal", "land_use_code": "0805", "area_sqm_declared": 56366.1}, "geometry": {"type": "Polygon", "coordinates": [[[116.34564202798123, 39.9411073778928], [116.34844994123924, 39.94112319193354], [116.34847007631282, 39.93900022887408], [116.34566209941494, 39.93900020625449], [116.34564202798123, 39.9411073778928]]]}}, {"type": "Feature", "id": "LU-002-001-0", "properties": {"id": "LU-002-001-0", "layer": "LAND_USE", "source_type": "agent_generated_design", "confidence": "medium", "geometry_role": "design_proposal", "land_use_code": "16", "area_sqm_declared": 57600.0}, "geometry": {"type": "Polygon", "coordinates": [[[116.34564202798123, 39.9411073778928], [116.34562143810732, 39.94326874598651], [116.3484294397032, 39.94328456123134], [116.34844994123924, 39.94112319193354], [116.34564202798123, 39.9411073778928]]]}}, {"type": "Feature", "id": "LU-002-002-0", "properties": {"id": "LU-002-002-0", "layer": "LAND_USE", "source_type": "agent_generated_design", "confidence": "medium", "geometry_role": "design_proposal", "land_use_code": "0806", "area_sqm_declared": 57600.0}, "geometry": {"type": "Polygon", "coordinates": [[[116.34562143810732, 39.94326874598651], [116.34560084601003, 39.94543011326313], [116.34840893595333, 39.94544592971216], [116.3484294397032, 39.94328456123134], [116.34562143810732, 39.94326874598651]]]}}, {"type": "Feature", "id": "LU-002-003-0", "properties": {"id": "LU-002-003-0", "layer": "LAND_USE", "source_type": "agent_generated_design", "confidence": "medium", "geometry_role": "design_proposal", "land_use_code": "0806", "area_sqm_declared": 57600.0}, "geometry": {"type": "Polygon", "coordinates": [[[116.34560084601003, 39.94543011326313], [116.34558025168914, 39.947591479722654], [116.3483884299894, 39.94760729737593], [116.34840893595333, 39.94544592971216], [116.34560084601003, 39.94543011326313]]]}}, {"type": "Feature", "id": "LU-002-004-0", "properties": {"id": "LU-002-004-0", "layer": "LAND_USE", "source_type": "agent_generated_design", "confidence": "medium", "geometry_role": "design_proposal", "land_use_code": "0806", "area_sqm_declared": 57600.0}, "geometry": {"type": "Polygon", "coordinates": [[[116.34558025168914, 39.947591479722654], [116.34555965514436, 39.94975284536508], [116.34836792181108, 39.9497686642227], [116.3483884299894, 39.94760729737593], [116.34558025168914, 39.947591479722654]]]}}, {"type": "Feature", "id": "LU-002-005-0", "properties": {"id": "LU-002-005-0", "layer": "LAND_USE", "source_type": "agent_generated_design", "confidence": "medium", "geometry_role": "design_proposal", "land_use_code": "0701", "area_sqm_declared": 57600.0}, "geometry": {"type": "Polygon", "coordinates": [[[116.34555965514436, 39.94975284536508], [116.34553905637539, 39.95191421019039], [116.34834741141815, 39.9519300302524], [116.34836792181108, 39.9497686642227], [116.34555965514436, 39.94975284536508]]]}}, {"type": "Feature", "id": "LU-002-006-0", "properties": {"id": "LU-002-006-0", "layer": "LAND_USE", "source_type": "agent_generated_design", "confidence": "medium", "geometry_role": "design_proposal", "land_use_code": "0701", "area_sqm_declared": 57600.0}, "geometry": {"type": "Polygon", "coordinates": [[[116.34553905637539, 39.95191421019039], [116.345518455382, 39.95407557419857], [116.34832689881034, 39.95409139546506], [116.34834741141815, 39.9519300302524], [116.34553905637539, 39.95191421019039]]]}}, {"type": "Feature", "id": "LU-002-007-0", "properties": {"id": "LU-002-007-0", "layer": "LAND_USE", "source_type": "agent_generated_design", "confidence": "medium", "geometry_role": "design_proposal", "land_use_code": "0701", "area_sqm_declared": 57600.0}, "geometry": {"type": "Polygon", "coordinates": [[[116.345518455382, 39.95407557419857], [116.34549785216393, 39.95623693738962], [116.34830638398738, 39.95625275986067], [116.34832689881034, 39.95409139546506], [116.345518455382, 39.95407557419857]]]}}, {"type": "Feature", "id": "LU-002-008-0", "properties": {"id": "LU-002-008-0", "layer": "LAND_USE", "source_type": "agent_generated_design", "confidence": "medium", "geometry_role": "design_proposal", "land_use_code": "0701", "area_sqm_declared": 57600.0}, "geometry": {"type": "Polygon", "coordinates": [[[116.34549785216393, 39.95623693738962], [116.34547724672089, 39.958398299763495], [116.34828586694898, 39.95841412343918], [116.34830638398738, 39.95625275986067], [116.34549785216393, 39.95623693738962]]]}}, {"type": "Feature", "id": "LU-002-009-0", "properties": {"id": "LU-002-009-0", "layer": "LAND_USE", "source_type": "agent_generated_design", "confidence": "medium", "geometry_role": "design_proposal", "land_use_code": "1403", "area_sqm_declared": 57600.0}, "geometry": {"type": "Polygon", "coordinates": [[[116.34547724672089, 39.958398299763495], [116.34545663905263, 39.96055966132022], [116.34826534769493, 39.96057548620061], [116.34828586694898, 39.95841412343918], [116.34547724672089, 39.958398299763495]]]}}, {"type": "Feature", "id": "LU-002-010-0", "properties": {"id": "LU-002-010-0", "layer": "LAND_USE", "source_type": "agent_generated_design", "confidence": "medium", "geometry_role": "design_proposal", "land_use_code": "0803", "area_sqm_declared": 57600.0}, "geometry": {"type": "Polygon", "coordinates": [[[116.34545663905263, 39.96055966132022], [116.34543602915885, 39.96272102205977], [116.3482448262249, 39.962736848144935], [116.34826534769493, 39.96057548620061], [116.34545663905263, 39.96055966132022]]]}}, {"type": "Feature", "id": "LU-002-011-0", "properties": {"id": "LU-002-011-0", "layer": "LAND_USE", "source_type": "agent_generated_design", "confidence": "medium", "geometry_role": "design_proposal", "land_use_code": "1401", "area_sqm_declared": 57600.0}, "geometry": {"type": "Polygon", "coordinates": [[[116.34543602915885, 39.96272102205977], [116.34541541703929, 39.964882381982136], [116.34822430253865, 39.96489820927215], [116.3482448262249, 39.962736848144935], [116.34543602915885, 39.96272102205977]]]}}, {"type": "Feature", "id": "LU-002-012-0", "properties": {"id": "LU-002-012-0", "layer": "LAND_USE", "source_type": "agent_generated_design", "confidence": "medium", "geometry_role": "design_proposal", "land_use_code": "0803", "area_sqm_declared": 57600.0}, "geometry": {"type": "Polygon", "coordinates": [[[116.34541541703929, 39.964882381982136], [116.34539480269373, 39.967043741087295], [116.34820377663591, 39.96705956958225], [116.34822430253865, 39.96489820927215], [116.34541541703929, 39.964882381982136]]]}}, {"type": "Feature", "id": "LU-002-013-0", "properties": {"id": "LU-002-013-0", "layer": "LAND_USE", "source_type": "agent_generated_design", "confidence": "medium", "geometry_role": "design_proposal", "land_use_code": "0901", "area_sqm_declared": 57600.0}, "geometry": {"type": "Polygon", "coordinates": [[[116.34539480269373, 39.967043741087295], [116.34537418612183, 39.96920509937525], [116.34818324851643, 39.9692209290752], [116.34820377663591, 39.96705956958225], [116.34539480269373, 39.967043741087295]]]}}, {"type": "Feature", "id": "LU-002-014-0", "properties": {"id": "LU-002-014-0", "layer": "LAND_USE", "source_type": "agent_generated_design", "confidence": "medium", "geometry_role": "design_proposal", "land_use_code": "0806", "area_sqm_declared": 57600.0}, "geometry": {"type": "Polygon", "coordinates": [[[116.34537418612183, 39.96920509937525], [116.34535356732339, 39.971366456845985], [116.3481627181799, 39.97138228775103], [116.34818324851643, 39.9692209290752], [116.34537418612183, 39.96920509937525]]]}}, {"type": "Feature", "id": "LU-002-015-0", "properties": {"id": "LU-002-015-0", "layer": "LAND_USE", "source_type": "agent_generated_design", "confidence": "medium", "geometry_role": "design_proposal", "land_use_code": "0901", "area_sqm_declared": 57600.0}, "geometry": {"type": "Polygon", "coordinates": [[[116.34535356732339, 39.971366456845985], [116.34533294629807, 39.973527813499494], [116.34814218562613, 39.97354364560967], [116.3481627181799, 39.97138228775103], [116.34535356732339, 39.971366456845985]]]}}, {"type": "Feature", "id": "LU-002-016-0", "properties": {"id": "LU-002-016-0", "layer": "LAND_USE", "source_type": "agent_generated_design", "confidence": "medium", "geometry_role": "design_proposal", "land_use_code": "0901", "area_sqm_declared": 57600.0}, "geometry": {"type": "Polygon", "coordinates": [[[116.34533294629807, 39.973527813499494], [116.34531232304566, 39.975689169335745], [116.34812165085475, 39.97570500265116], [116.34814218562613, 39.97354364560967], [116.34533294629807, 39.973527813499494]]]}}, {"type": "Feature", "id": "LU-002-017-0", "properties": {"id": "LU-002-017-0", "layer": "LAND_USE", "source_type": "agent_generated_design", "confidence": "medium", "geometry_role": "design_proposal", "land_use_code": "16", "area_sqm_declared": 57600.0}, "geometry": {"type": "Polygon", "coordinates": [[[116.34531232304566, 39.975689169335745], [116.34529169756588, 39.97785052435475], [116.34810111386557, 39.97786635887547], [116.34812165085475, 39.97570500265116], [116.34531232304566, 39.975689169335745]]]}}, {"type": "Feature", "id": "LU-002-018-0", "properties": {"id": "LU-002-018-0", "layer": "LAND_USE", "source_type": "agent_generated_design", "confidence": "medium", "geometry_role": "design_proposal", "land_use_code": "0701", "area_sqm_declared": 57600.0}, "geometry": {"type": "Polygon", "coordinates": [[[116.34529169756588, 39.97785052435475], [116.34527106985843, 39.98001187855647], [116.3480805746583, 39.98002771428257], [116.34810111386557, 39.97786635887547], [116.34529169756588, 39.97785052435475]]]}}, {"type": "Feature", "id": "LU-002-019-0", "properties": {"id": "LU-002-019-0", "layer": "LAND_USE", "source_type": "agent_generated_design", "confidence": "medium", "geometry_role": "design_proposal", "land_use_code": "0701", "area_sqm_declared": 57600.0}, "geometry": {"type": "Polygon", "coordinates": [[[116.34527106985843, 39.98001187855647], [116.34525043992309, 39.982173231940926], [116.34806003323267, 39.982189068872486], [116.3480805746583, 39.98002771428257], [116.34527106985843, 39.98001187855647]]]}}, {"type": "Feature", "id": "LU-002-020-0", "properties": {"id": "LU-002-020-0", "layer": "LAND_USE", "source_type": "agent_generated_design", "confidence": "medium", "geometry_role": "design_proposal", "land_use_code": "1401", "area_sqm_declared": 57600.0}, "geometry": {"type": "Polygon", "coordinates": [[[116.34525043992309, 39.982173231940926], [116.34522980775955, 39.984334584508076], [116.34803948958843, 39.984350422645164], [116.34806003323267, 39.982189068872486], [116.34525043992309, 39.982173231940926]]]}}, {"type": "Feature", "id": "LU-002-021-0", "properties": {"id": "LU-002-021-0", "layer": "LAND_USE", "source_type": "agent_generated_design", "confidence": "medium", "geometry_role": "design_proposal", "land_use_code": "16", "area_sqm_declared": 57600.0}, "geometry": {"type": "Polygon", "coordinates": [[[116.34522980775955, 39.984334584508076], [116.34520917336756, 39.98649593625793], [116.34801894372526, 39.986511775600626], [116.34803948958843, 39.984350422645164], [116.34522980775955, 39.984334584508076]]]}}, {"type": "Feature", "id": "LU-002-022-0", "properties": {"id": "LU-002-022-0", "layer": "LAND_USE", "source_type": "agent_generated_design", "confidence": "medium", "geometry_role": "design_proposal", "land_use_code": "1403", "area_sqm_declared": 57600.0}, "geometry": {"type": "Polygon", "coordinates": [[[116.34520917336756, 39.98649593625793], [116.34518853674685, 39.98865728719048], [116.34799839564295, 39.98867312773884], [116.34801894372526, 39.986511775600626], [116.34520917336756, 39.98649593625793]]]}}, {"type": "Feature", "id": "LU-002-023-0", "properties": {"id": "LU-002-023-0", "layer": "LAND_USE", "source_type": "agent_generated_design", "confidence": "medium", "geometry_role": "design_proposal", "land_use_code": "1401", "area_sqm_declared": 57600.0}, "geometry": {"type": "Polygon", "coordinates": [[[116.34518853674685, 39.98865728719048], [116.34516789789714, 39.990818637305686], [116.3479778453412, 39.990834479059814], [116.34799839564295, 39.98867312773884], [116.34518853674685, 39.98865728719048]]]}}, {"type": "Feature", "id": "LU-002-024-0", "properties": {"id": "LU-002-024-0", "layer": "LAND_USE", "source_type": "agent_generated_design", "confidence": "medium", "geometry_role": "design_proposal", "land_use_code": "1403", "area_sqm_declared": 57600.0}, "geometry": {"type": "Polygon", "coordinates": [[[116.34516789789714, 39.990818637305686], [116.34514725681818, 39.99297998660357], [116.34795729281979, 39.992995829563526], [116.3479778453412, 39.990834479059814], [116.34516789789714, 39.990818637305686]]]}}, {"type": "Feature", "id": "LU-002-025-0", "properties": {"id": "LU-002-025-0", "layer": "LAND_USE", "source_type": "agent_generated_design", "confidence": "medium", "geometry_role": "design_proposal", "land_use_code": "16", "area_sqm_declared": 57600.0}, "geometry": {"type": "Polygon", "coordinates": [[[116.34514725681818, 39.99297998660357], [116.34512661350969, 39.99514133508411], [116.34793673807837, 39.99515717924996], [116.34795729281979, 39.992995829563526], [116.34514725681818, 39.99297998660357]]]}}, {"type": "Feature", "id": "LU-002-026-0", "properties": {"id": "LU-002-026-0", "layer": "LAND_USE", "source_type": "agent_generated_design", "confidence": "medium", "geometry_role": "design_proposal", "land_use_code": "0701", "area_sqm_declared": 57600.0}, "geometry": {"type": "Polygon", "coordinates": [[[116.34512661350969, 39.99514133508411], [116.3451059679714, 39.99730268274726], [116.34791618111673, 39.99731852811911], [116.34793673807837, 39.99515717924996], [116.34512661350969, 39.99514133508411]]]}}, {"type": "Feature", "id": "LU-002-027-0", "properties": {"id": "LU-002-027-0", "layer": "LAND_USE", "source_type": "agent_generated_design", "confidence": "medium", "geometry_role": "design_proposal", "land_use_code": "1401", "area_sqm_declared": 57600.0}, "geometry": {"type": "Polygon", "coordinates": [[[116.3451059679714, 39.99730268274726], [116.34508532020305, 39.999464029593064], [116.34789562193461, 39.99947987617096], [116.34791618111673, 39.99731852811911], [116.3451059679714, 39.99730268274726]]]}}, {"type": "Feature", "id": "LU-002-028-0", "properties": {"id": "LU-002-028-0", "layer": "LAND_USE", "source_type": "agent_generated_design", "confidence": "medium", "geometry_role": "design_proposal", "land_use_code": "16", "area_sqm_declared": 57600.0}, "geometry": {"type": "Polygon", "coordinates": [[[116.34508532020305, 39.999464029593064], [116.34506467020437, 40.001625375621465], [116.34787506053169, 40.00164122340549], [116.34789562193461, 39.99947987617096], [116.34508532020305, 39.999464029593064]]]}}, {"type": "Feature", "id": "LU-002-029-0", "properties": {"id": "LU-002-029-0", "layer": "LAND_USE", "source_type": "agent_generated_design", "confidence": "medium", "geometry_role": "design_proposal", "land_use_code": "0806", "area_sqm_declared": 57600.0}, "geometry": {"type": "Polygon", "coordinates": [[[116.34506467020437, 40.001625375621465], [116.34504401797506, 40.00378672083249], [116.34785449690776, 40.00380256982272], [116.34787506053169, 40.00164122340549], [116.34506467020437, 40.001625375621465]]]}}, {"type": "Feature", "id": "LU-002-030-0", "properties": {"id": "LU-002-030-0", "layer": "LAND_USE", "source_type": "agent_generated_design", "confidence": "medium", "geometry_role": "design_proposal", "land_use_code": "16", "area_sqm_declared": 57600.0}, "geometry": {"type": "Polygon", "coordinates": [[[116.34504401797506, 40.00378672083249], [116.34502336351488, 40.00594806522609], [116.34783393106252, 40.0059639154226], [116.34785449690776, 40.00380256982272], [116.34504401797506, 40.00378672083249]]]}}, {"type": "Feature", "id": "LU-002-031-0", "properties": {"id": "LU-002-031-0", "layer": "LAND_USE", "source_type": "agent_generated_design", "confidence": "medium", "geometry_role": "design_proposal", "land_use_code": "0701", "area_sqm_declared": 57600.0}, "geometry": {"type": "Polygon", "coordinates": [[[116.34502336351488, 40.00594806522609], [116.34500270682356, 40.008109408802284], [116.34781336299571, 40.00812526020514], [116.34783393106252, 40.0059639154226], [116.34502336351488, 40.00594806522609]]]}}, {"type": "Feature", "id": "LU-002-032-0", "properties": {"id": "LU-002-032-0", "layer": "LAND_USE", "source_type": "agent_generated_design", "confidence": "medium", "geometry_role": "design_proposal", "land_use_code": "0803", "area_sqm_declared": 57600.0}, "geometry": {"type": "Polygon", "coordinates": [[[116.34500270682356, 40.008109408802284], [116.34498204790086, 40.010270751561045], [116.34779279270704, 40.01028660417034], [116.34781336299571, 40.00812526020514], [116.34500270682356, 40.008109408802284]]]}}, {"type": "Feature", "id": "LU-002-033-0", "properties": {"id": "LU-002-033-0", "layer": "LAND_USE", "source_type": "agent_generated_design", "confidence": "medium", "geometry_role": "design_proposal", "land_use_code": "16", "area_sqm_declared": 57600.0}, "geometry": {"type": "Polygon", "coordinates": [[[116.34498204790086, 40.010270751561045], [116.34496138674646, 40.01243209350235], [116.34777222019628, 40.01244794731815], [116.34779279270704, 40.01028660417034], [116.34498204790086, 40.010270751561045]]]}}, {"type": "Feature", "id": "LU-002-034-0", "properties": {"id": "LU-002-034-0", "layer": "LAND_USE", "source_type": "agent_generated_design", "confidence": "medium", "geometry_role": "design_proposal", "land_use_code": "1403", "area_sqm_declared": 57600.0}, "geometry": {"type": "Polygon", "coordinates": [[[116.34496138674646, 40.01243209350235], [116.3449407233601, 40.014593434626214], [116.34775164546315, 40.01460928964859], [116.34777222019628, 40.01244794731815], [116.34496138674646, 40.01243209350235]]]}}, {"type": "Feature", "id": "LU-002-035-0", "properties": {"id": "LU-002-035-0", "layer": "LAND_USE", "source_type": "agent_generated_design", "confidence": "medium", "geometry_role": "design_proposal", "land_use_code": "1401", "area_sqm_declared": 57600.0}, "geometry": {"type": "Polygon", "coordinates": [[[116.3449407233601, 40.014593434626214], [116.34492005774152, 40.01675477493261], [116.34773106850737, 40.01677063116164], [116.34775164546315, 40.01460928964859], [116.3449407233601, 40.014593434626214]]]}}, {"type": "Feature", "id": "LU-002-036-0", "properties": {"id": "LU-002-036-0", "layer": "LAND_USE", "source_type": "agent_generated_design", "confidence": "medium", "geometry_role": "design_proposal", "land_use_code": "0901", "area_sqm_declared": 57600.0}, "geometry": {"type": "Polygon", "coordinates": [[[116.34492005774152, 40.01675477493261], [116.34489938989046, 40.018916114421536], [116.34771048932866, 40.0189319718573], [116.34773106850737, 40.01677063116164], [116.34492005774152, 40.01675477493261]]]}}, {"type": "Feature", "id": "LU-002-037-0", "properties": {"id": "LU-002-037-0", "layer": "LAND_USE", "source_type": "agent_generated_design", "confidence": "medium", "geometry_role": "design_proposal", "land_use_code": "16", "area_sqm_declared": 57600.0}, "geometry": {"type": "Polygon", "coordinates": [[[116.34489938989046, 40.018916114421536], [116.34487871980664, 40.021077453092964], [116.34768990792679, 40.02109331173554], [116.34771048932866, 40.0189319718573], [116.34489938989046, 40.018916114421536]]]}}, {"type": "Feature", "id": "LU-002-038-0", "properties": {"id": "LU-002-038-0", "layer": "LAND_USE", "source_type": "agent_generated_design", "confidence": "medium", "geometry_role": "design_proposal", "land_use_code": "0803", "area_sqm_declared": 57600.0}, "geometry": {"type": "Polygon", "coordinates": [[[116.34487871980664, 40.021077453092964], [116.3448580474898, 40.023238790946884], [116.34766932430148, 40.02325465079633], [116.34768990792679, 40.02109331173554], [116.34487871980664, 40.021077453092964]]]}}, {"type": "Feature", "id": "LU-002-039-0", "properties": {"id": "LU-002-039-0", "layer": "LAND_USE", "source_type": "agent_generated_design", "confidence": "medium", "geometry_role": "design_proposal", "land_use_code": "1403", "area_sqm_declared": 57600.0}, "geometry": {"type": "Polygon", "coordinates": [[[116.3448580474898, 40.023238790946884], [116.34483737293966, 40.02540012798332], [116.34764873845243, 40.02541598903972], [116.34766932430148, 40.02325465079633], [116.3448580474898, 40.023238790946884]]]}}, {"type": "Feature", "id": "LU-002-040-0", "properties": {"id": "LU-002-040-0", "layer": "LAND_USE", "source_type": "agent_generated_design", "confidence": "medium", "geometry_role": "design_proposal", "land_use_code": "1403", "area_sqm_declared": 29103.9}, "geometry": {"type": "Polygon", "coordinates": [[[116.34764873845243, 40.02541598903972], [116.34483737293966, 40.02540012798332], [116.34482685019101, 40.02650009611694], [116.34763841130275, 40.026500163264494], [116.34764873845243, 40.02541598903972]]]}}, {"type": "Feature", "id": "LU-003-000-0", "properties": {"id": "LU-003-000-0", "layer": "LAND_USE", "source_type": "agent_generated_design", "confidence": "medium", "geometry_role": "design_proposal", "land_use_code": "16", "area_sqm_declared": 56786.9}, "geometry": {"type": "Polygon", "coordinates": [[[116.34844994123924, 39.94112319193354], [116.35125785671082, 39.94113893797679], [116.35127805413335, 39.93900018348367], [116.34847007631282, 39.93900022887408], [116.34844994123924, 39.94112319193354]]]}}, {"type": "Feature", "id": "LU-003-001-0", "properties": {"id": "LU-003-001-0", "layer": "LAND_USE", "source_type": "agent_generated_design", "confidence": "medium", "geometry_role": "design_proposal", "land_use_code": "1403", "area_sqm_declared": 57600.0}, "geometry": {"type": "Polygon", "coordinates": [[[116.34844994123924, 39.94112319193354], [116.3484294397032, 39.94328456123134], [116.35123744351293, 39.94330030847354], [116.35125785671082, 39.94113893797679], [116.34844994123924, 39.94112319193354]]]}}, {"type": "Feature", "id": "LU-003-002-0", "properties": {"id": "LU-003-002-0", "layer": "LAND_USE", "source_type": "agent_generated_design", "confidence": "medium", "geometry_role": "design_proposal", "land_use_code": "0701", "area_sqm_declared": 57600.0}, "geometry": {"type": "Polygon", "coordinates": [[[116.3484294397032, 39.94328456123134], [116.34840893595333, 39.94544592971216], [116.35121702811072, 39.94546167815334], [116.35123744351293, 39.94330030847354], [116.3484294397032, 39.94328456123134]]]}}, {"type": "Feature", "id": "LU-003-003-0", "properties": {"id": "LU-003-003-0", "layer": "LAND_USE", "source_type": "agent_generated_design", "confidence": "medium", "geometry_role": "design_proposal", "land_use_code": "1403", "area_sqm_declared": 57600.0}, "geometry": {"type": "Polygon", "coordinates": [[[116.34840893595333, 39.94544592971216], [116.3483884299894, 39.94760729737593], [116.35119661050398, 39.94762304701621], [116.35121702811072, 39.94546167815334], [116.34840893595333, 39.94544592971216]]]}}, {"type": "Feature", "id": "LU-003-004-0", "properties": {"id": "LU-003-004-0", "layer": "LAND_USE", "source_type": "agent_generated_design", "confidence": "medium", "geometry_role": "design_proposal", "land_use_code": "1401", "area_sqm_declared": 57600.0}, "geometry": {"type": "Polygon", "coordinates": [[[116.3483884299894, 39.94760729737593], [116.34836792181108, 39.9497686642227], [116.35117619069243, 39.94978441506211], [116.35119661050398, 39.94762304701621], [116.3483884299894, 39.94760729737593]]]}}, {"type": "Feature", "id": "LU-003-005-0", "properties": {"id": "LU-003-005-0", "layer": "LAND_USE", "source_type": "agent_generated_design", "confidence": "medium", "geometry_role": "design_proposal", "land_use_code": "0701", "area_sqm_declared": 57600.0}, "geometry": {"type": "Polygon", "coordinates": [[[116.34836792181108, 39.9497686642227], [116.34834741141815, 39.9519300302524], [116.3511557686758, 39.95194578229105], [116.35117619069243, 39.94978441506211], [116.34836792181108, 39.9497686642227]]]}}, {"type": "Feature", "id": "LU-003-006-0", "properties": {"id": "LU-003-006-0", "layer": "LAND_USE", "source_type": "agent_generated_design", "confidence": "medium", "geometry_role": "design_proposal", "land_use_code": "0803", "area_sqm_declared": 57600.0}, "geometry": {"type": "Polygon", "coordinates": [[[116.34834741141815, 39.9519300302524], [116.34832689881034, 39.95409139546506], [116.35113534445382, 39.95410714870302], [116.3511557686758, 39.95194578229105], [116.34834741141815, 39.9519300302524]]]}}, {"type": "Feature", "id": "LU-003-007-0", "properties": {"id": "LU-003-007-0", "layer": "LAND_USE", "source_type": "agent_generated_design", "confidence": "medium", "geometry_role": "design_proposal", "land_use_code": "16", "area_sqm_declared": 57600.0}, "geometry": {"type": "Polygon", "coordinates": [[[116.34832689881034, 39.95409139546506], [116.34830638398738, 39.95625275986067], [116.35111491802624, 39.95626851429799], [116.35113534445382, 39.95410714870302], [116.34832689881034, 39.95409139546506]]]}}, {"type": "Feature", "id": "LU-003-008-0", "properties": {"id": "LU-003-008-0", "layer": "LAND_USE", "source_type": "agent_generated_design", "confidence": "medium", "geometry_role": "design_proposal", "land_use_code": "0701", "area_sqm_declared": 57600.0}, "geometry": {"type": "Polygon", "coordinates": [[[116.34830638398738, 39.95625275986067], [116.34828586694898, 39.95841412343918], [116.35109448939278, 39.958429879075965], [116.35111491802624, 39.95626851429799], [116.34830638398738, 39.95625275986067]]]}}, {"type": "Feature", "id": "LU-003-009-0", "properties": {"id": "LU-003-009-0", "layer": "LAND_USE", "source_type": "agent_generated_design", "confidence": "medium", "geometry_role": "design_proposal", "land_use_code": "0803", "area_sqm_declared": 57600.0}, "geometry": {"type": "Polygon", "coordinates": [[[116.34828586694898, 39.95841412343918], [116.34826534769493, 39.96057548620061], [116.35107405855318, 39.96059124303691], [116.35109448939278, 39.958429879075965], [116.34828586694898, 39.95841412343918]]]}}, {"type": "Feature", "id": "LU-003-010-0", "properties": {"id": "LU-003-010-0", "layer": "LAND_USE", "source_type": "agent_generated_design", "confidence": "medium", "geometry_role": "design_proposal", "land_use_code": "0806", "area_sqm_declared": 57600.0}, "geometry": {"type": "Polygon", "coordinates": [[[116.34826534769493, 39.96057548620061], [116.3482448262249, 39.962736848144935], [116.35105362550718, 39.96275260618085], [116.35107405855318, 39.96059124303691], [116.34826534769493, 39.96057548620061]]]}}, {"type": "Feature", "id": "LU-003-011-0", "properties": {"id": "LU-003-011-0", "layer": "LAND_USE", "source_type": "agent_generated_design", "confidence": "medium", "geometry_role": "design_proposal", "land_use_code": "16", "area_sqm_declared": 57600.0}, "geometry": {"type": "Polygon", "coordinates": [[[116.3482448262249, 39.962736848144935], [116.34822430253865, 39.96489820927215], [116.3510331902545, 39.96491396850774], [116.35105362550718, 39.96275260618085], [116.3482448262249, 39.962736848144935]]]}}, {"type": "Feature", "id": "LU-003-012-0", "properties": {"id": "LU-003-012-0", "layer": "LAND_USE", "source_type": "agent_generated_design", "confidence": "medium", "geometry_role": "design_proposal", "land_use_code": "0803", "area_sqm_declared": 57600.0}, "geometry": {"type": "Polygon", "coordinates": [[[116.34822430253865, 39.96489820927215], [116.34820377663591, 39.96705956958225], [116.35101275279487, 39.967075330017586], [116.3510331902545, 39.96491396850774], [116.34822430253865, 39.96489820927215]]]}}, {"type": "Feature", "id": "LU-003-013-0", "properties": {"id": "LU-003-013-0", "layer": "LAND_USE", "source_type": "agent_generated_design", "confidence": "medium", "geometry_role": "design_proposal", "land_use_code": "0901", "area_sqm_declared": 57600.0}, "geometry": {"type": "Polygon", "coordinates": [[[116.34820377663591, 39.96705956958225], [116.34818324851643, 39.9692209290752], [116.35099231312805, 39.96923669071036], [116.35101275279487, 39.967075330017586], [116.34820377663591, 39.96705956958225]]]}}, {"type": "Feature", "id": "LU-003-014-0", "properties": {"id": "LU-003-014-0", "layer": "LAND_USE", "source_type": "agent_generated_design", "confidence": "medium", "geometry_role": "design_proposal", "land_use_code": "0806", "area_sqm_declared": 57600.0}, "geometry": {"type": "Polygon", "coordinates": [[[116.34818324851643, 39.9692209290752], [116.3481627181799, 39.97138228775103], [116.35097187125376, 39.97139805058608], [116.35099231312805, 39.96923669071036], [116.34818324851643, 39.9692209290752]]]}}, {"type": "Feature", "id": "LU-003-015-0", "properties": {"id": "LU-003-015-0", "layer": "LAND_USE", "source_type": "agent_generated_design", "confidence": "medium", "geometry_role": "design_proposal", "land_use_code": "0901", "area_sqm_declared": 57600.0}, "geometry": {"type": "Polygon", "coordinates": [[[116.3481627181799, 39.97138228775103], [116.34814218562613, 39.97354364560967], [116.35095142717171, 39.9735594096447], [116.35097187125376, 39.97139805058608], [116.3481627181799, 39.97138228775103]]]}}, {"type": "Feature", "id": "LU-003-016-0", "properties": {"id": "LU-003-016-0", "layer": "LAND_USE", "source_type": "agent_generated_design", "confidence": "medium", "geometry_role": "design_proposal", "land_use_code": "0803", "area_sqm_declared": 57600.0}, "geometry": {"type": "Polygon", "coordinates": [[[116.34814218562613, 39.97354364560967], [116.34812165085475, 39.97570500265116], [116.35093098088167, 39.97572076788624], [116.35095142717171, 39.9735594096447], [116.34814218562613, 39.97354364560967]]]}}, {"type": "Feature", "id": "LU-003-017-0", "properties": {"id": "LU-003-017-0", "layer": "LAND_USE", "source_type": "agent_generated_design", "confidence": "medium", "geometry_role": "design_proposal", "land_use_code": "0701", "area_sqm_declared": 57600.0}, "geometry": {"type": "Polygon", "coordinates": [[[116.34812165085475, 39.97570500265116], [116.34810111386557, 39.97786635887547], [116.35091053238338, 39.977882125310664], [116.35093098088167, 39.97572076788624], [116.34812165085475, 39.97570500265116]]]}}, {"type": "Feature", "id": "LU-003-018-0", "properties": {"id": "LU-003-018-0", "layer": "LAND_USE", "source_type": "agent_generated_design", "confidence": "medium", "geometry_role": "design_proposal", "land_use_code": "0901", "area_sqm_declared": 57600.0}, "geometry": {"type": "Polygon", "coordinates": [[[116.34810111386557, 39.97786635887547], [116.3480805746583, 39.98002771428257], [116.35089008167654, 39.98004348191797], [116.35091053238338, 39.977882125310664], [116.34810111386557, 39.97786635887547]]]}}, {"type": "Feature", "id": "LU-003-019-0", "properties": {"id": "LU-003-019-0", "layer": "LAND_USE", "source_type": "agent_generated_design", "confidence": "medium", "geometry_role": "design_proposal", "land_use_code": "0701", "area_sqm_declared": 57600.0}, "geometry": {"type": "Polygon", "coordinates": [[[116.3480805746583, 39.98002771428257], [116.34806003323267, 39.982189068872486], [116.35086962876089, 39.98220483770815], [116.35089008167654, 39.98004348191797], [116.3480805746583, 39.98002771428257]]]}}, {"type": "Feature", "id": "LU-003-020-0", "properties": {"id": "LU-003-020-0", "layer": "LAND_USE", "source_type": "agent_generated_design", "confidence": "medium", "geometry_role": "design_proposal", "land_use_code": "1403", "area_sqm_declared": 57600.0}, "geometry": {"type": "Polygon", "coordinates": [[[116.34806003323267, 39.982189068872486], [116.34803948958843, 39.984350422645164], [116.35084917363616, 39.984366192681186], [116.35086962876089, 39.98220483770815], [116.34806003323267, 39.982189068872486]]]}}, {"type": "Feature", "id": "LU-003-021-0", "properties": {"id": "LU-003-021-0", "layer": "LAND_USE", "source_type": "agent_generated_design", "confidence": "medium", "geometry_role": "design_proposal", "land_use_code": "0701", "area_sqm_declared": 57600.0}, "geometry": {"type": "Polygon", "coordinates": [[[116.34803948958843, 39.984350422645164], [116.34801894372526, 39.986511775600626], [116.35082871630215, 39.98652754683707], [116.35084917363616, 39.984366192681186], [116.34803948958843, 39.984350422645164]]]}}, {"type": "Feature", "id": "LU-003-022-0", "properties": {"id": "LU-003-022-0", "layer": "LAND_USE", "source_type": "agent_generated_design", "confidence": "medium", "geometry_role": "design_proposal", "land_use_code": "1403", "area_sqm_declared": 57600.0}, "geometry": {"type": "Polygon", "coordinates": [[[116.34801894372526, 39.986511775600626], [116.34799839564295, 39.98867312773884], [116.35080825675847, 39.988688900175795], [116.35082871630215, 39.98652754683707], [116.34801894372526, 39.986511775600626]]]}}, {"type": "Feature", "id": "LU-003-023-0", "properties": {"id": "LU-003-023-0", "layer": "LAND_USE", "source_type": "agent_generated_design", "confidence": "medium", "geometry_role": "design_proposal", "land_use_code": "0803", "area_sqm_declared": 57600.0}, "geometry": {"type": "Polygon", "coordinates": [[[116.34799839564295, 39.98867312773884], [116.3479778453412, 39.990834479059814], [116.35078779500498, 39.990850252697314], [116.35080825675847, 39.988688900175795], [116.34799839564295, 39.98867312773884]]]}}, {"type": "Feature", "id": "LU-003-024-0", "properties": {"id": "LU-003-024-0", "layer": "LAND_USE", "source_type": "agent_generated_design", "confidence": "medium", "geometry_role": "design_proposal", "land_use_code": "0806", "area_sqm_declared": 57600.0}, "geometry": {"type": "Polygon", "coordinates": [[[116.3479778453412, 39.990834479059814], [116.34795729281979, 39.992995829563526], [116.35076733104131, 39.99301160440168], [116.35078779500498, 39.990850252697314], [116.3479778453412, 39.990834479059814]]]}}, {"type": "Feature", "id": "LU-003-025-0", "properties": {"id": "LU-003-025-0", "layer": "LAND_USE", "source_type": "agent_generated_design", "confidence": "medium", "geometry_role": "design_proposal", "land_use_code": "0806", "area_sqm_declared": 57600.0}, "geometry": {"type": "Polygon", "coordinates": [[[116.34795729281979, 39.992995829563526], [116.34793673807837, 39.99515717924996], [116.35074686486728, 39.99517295528883], [116.35076733104131, 39.99301160440168], [116.34795729281979, 39.992995829563526]]]}}, {"type": "Feature", "id": "LU-003-026-0", "properties": {"id": "LU-003-026-0", "layer": "LAND_USE", "source_type": "agent_generated_design", "confidence": "medium", "geometry_role": "design_proposal", "land_use_code": "0806", "area_sqm_declared": 57600.0}, "geometry": {"type": "Polygon", "coordinates": [[[116.34793673807837, 39.99515717924996], [116.34791618111673, 39.99731852811911], [116.35072639648256, 39.99733430535877], [116.35074686486728, 39.99517295528883], [116.34793673807837, 39.99515717924996]]]}}, {"type": "Feature", "id": "LU-003-027-0", "properties": {"id": "LU-003-027-0", "layer": "LAND_USE", "source_type": "agent_generated_design", "confidence": "medium", "geometry_role": "design_proposal", "land_use_code": "0901", "area_sqm_declared": 57600.0}, "geometry": {"type": "Polygon", "coordinates": [[[116.34791618111673, 39.99731852811911], [116.34789562193461, 39.99947987617096], [116.35070592588693, 39.999495654611486], [116.35072639648256, 39.99733430535877], [116.34791618111673, 39.99731852811911]]]}}, {"type": "Feature", "id": "LU-003-028-0", "properties": {"id": "LU-003-028-0", "layer": "LAND_USE", "source_type": "agent_generated_design", "confidence": "medium", "geometry_role": "design_proposal", "land_use_code": "0901", "area_sqm_declared": 57600.0}, "geometry": {"type": "Polygon", "coordinates": [[[116.34789562193461, 39.99947987617096], [116.34787506053169, 40.00164122340549], [116.35068545308006, 40.00165700304697], [116.35070592588693, 39.999495654611486], [116.34789562193461, 39.99947987617096]]]}}, {"type": "Feature", "id": "LU-003-029-0", "properties": {"id": "LU-003-029-0", "layer": "LAND_USE", "source_type": "agent_generated_design", "confidence": "medium", "geometry_role": "design_proposal", "land_use_code": "1403", "area_sqm_declared": 57600.0}, "geometry": {"type": "Polygon", "coordinates": [[[116.34787506053169, 40.00164122340549], [116.34785449690776, 40.00380256982272], [116.35066497806176, 40.00381835066522], [116.35068545308006, 40.00165700304697], [116.34787506053169, 40.00164122340549]]]}}, {"type": "Feature", "id": "LU-003-030-0", "properties": {"id": "LU-003-030-0", "layer": "LAND_USE", "source_type": "agent_generated_design", "confidence": "medium", "geometry_role": "design_proposal", "land_use_code": "16", "area_sqm_declared": 57600.0}, "geometry": {"type": "Polygon", "coordinates": [[[116.34785449690776, 40.00380256982272], [116.34783393106252, 40.0059639154226], [116.3506445008317, 40.00597969746619], [116.35066497806176, 40.00381835066522], [116.34785449690776, 40.00380256982272]]]}}, {"type": "Feature", "id": "LU-003-031-0", "properties": {"id": "LU-003-031-0", "layer": "LAND_USE", "source_type": "agent_generated_design", "confidence": "medium", "geometry_role": "design_proposal", "land_use_code": "0806", "area_sqm_declared": 57600.0}, "geometry": {"type": "Polygon", "coordinates": [[[116.34783393106252, 40.0059639154226], [116.34781336299571, 40.00812526020514], [116.35062402138965, 40.00814104344991], [116.3506445008317, 40.00597969746619], [116.34783393106252, 40.0059639154226]]]}}, {"type": "Feature", "id": "LU-003-032-0", "properties": {"id": "LU-003-032-0", "layer": "LAND_USE", "source_type": "agent_generated_design", "confidence": "medium", "geometry_role": "design_proposal", "land_use_code": "1403", "area_sqm_declared": 57600.0}, "geometry": {"type": "Polygon", "coordinates": [[[116.34781336299571, 40.00812526020514], [116.34779279270704, 40.01028660417034], [116.35060353973533, 40.010302388616346], [116.35062402138965, 40.00814104344991], [116.34781336299571, 40.00812526020514]]]}}, {"type": "Feature", "id": "LU-003-033-0", "properties": {"id": "LU-003-033-0", "layer": "LAND_USE", "source_type": "agent_generated_design", "confidence": "medium", "geometry_role": "design_proposal", "land_use_code": "1403", "area_sqm_declared": 57600.0}, "geometry": {"type": "Polygon", "coordinates": [[[116.34779279270704, 40.01028660417034], [116.34777222019628, 40.01244794731815], [116.35058305586848, 40.01246373296547], [116.35060353973533, 40.010302388616346], [116.34779279270704, 40.01028660417034]]]}}, {"type": "Feature", "id": "LU-003-034-0", "properties": {"id": "LU-003-034-0", "layer": "LAND_USE", "source_type": "agent_generated_design", "confidence": "medium", "geometry_role": "design_proposal", "land_use_code": "0803", "area_sqm_declared": 57600.0}, "geometry": {"type": "Polygon", "coordinates": [[[116.34777222019628, 40.01244794731815], [116.34775164546315, 40.01460928964859], [116.35056256978883, 40.01462507649731], [116.35058305586848, 40.01246373296547], [116.34777222019628, 40.01244794731815]]]}}, {"type": "Feature", "id": "LU-003-035-0", "properties": {"id": "LU-003-035-0", "layer": "LAND_USE", "source_type": "agent_generated_design", "confidence": "medium", "geometry_role": "design_proposal", "land_use_code": "0803", "area_sqm_declared": 57600.0}, "geometry": {"type": "Polygon", "coordinates": [[[116.34775164546315, 40.01460928964859], [116.34773106850737, 40.01677063116164], [116.35054208149612, 40.016786419211826], [116.35056256978883, 40.01462507649731], [116.34775164546315, 40.01460928964859]]]}}, {"type": "Feature", "id": "LU-003-036-0", "properties": {"id": "LU-003-036-0", "layer": "LAND_USE", "source_type": "agent_generated_design", "confidence": "medium", "geometry_role": "design_proposal", "land_use_code": "0803", "area_sqm_declared": 57600.0}, "geometry": {"type": "Polygon", "coordinates": [[[116.34773106850737, 40.01677063116164], [116.34771048932866, 40.0189319718573], [116.35052159099006, 40.018947761109025], [116.35054208149612, 40.016786419211826], [116.34773106850737, 40.01677063116164]]]}}, {"type": "Feature", "id": "LU-003-037-0", "properties": {"id": "LU-003-037-0", "layer": "LAND_USE", "source_type": "agent_generated_design", "confidence": "medium", "geometry_role": "design_proposal", "land_use_code": "0901", "area_sqm_declared": 57600.0}, "geometry": {"type": "Polygon", "coordinates": [[[116.34771048932866, 40.0189319718573], [116.34768990792679, 40.02109331173554], [116.3505010982704, 40.02110910218889], [116.35052159099006, 40.018947761109025], [116.34771048932866, 40.0189319718573]]]}}, {"type": "Feature", "id": "LU-003-038-0", "properties": {"id": "LU-003-038-0", "layer": "LAND_USE", "source_type": "agent_generated_design", "confidence": "medium", "geometry_role": "design_proposal", "land_use_code": "0806", "area_sqm_declared": 57600.0}, "geometry": {"type": "Polygon", "coordinates": [[[116.34768990792679, 40.02109331173554], [116.34766932430148, 40.02325465079633], [116.35048060333688, 40.02327044245138], [116.3505010982704, 40.02110910218889], [116.34768990792679, 40.02109331173554]]]}}, {"type": "Feature", "id": "LU-003-039-0", "properties": {"id": "LU-003-039-0", "layer": "LAND_USE", "source_type": "agent_generated_design", "confidence": "medium", "geometry_role": "design_proposal", "land_use_code": "0803", "area_sqm_declared": 57600.0}, "geometry": {"type": "Polygon", "coordinates": [[[116.34766932430148, 40.02325465079633], [116.34764873845243, 40.02541598903972], [116.3504601061892, 40.025431781896536], [116.35048060333688, 40.02327044245138], [116.34766932430148, 40.02325465079633]]]}}, {"type": "Feature", "id": "LU-003-040-0", "properties": {"id": "LU-003-040-0", "layer": "LAND_USE", "source_type": "agent_generated_design", "confidence": "medium", "geometry_role": "design_proposal", "land_use_code": "0804", "area_sqm_declared": 28683.0}, "geometry": {"type": "Polygon", "coordinates": [[[116.3504601061892, 40.025431781896536], [116.34764873845243, 40.02541598903972], [116.34763841130275, 40.026500163264494], [116.35044997334195, 40.026500162192185], [116.3504601061892, 40.025431781896536]]]}}, {"type": "Feature", "id": "LU-004-000-0", "properties": {"id": "LU-004-000-0", "layer": "LAND_USE", "source_type": "agent_generated_design", "confidence": "medium", "geometry_role": "design_proposal", "land_use_code": "0804", "area_sqm_declared": 57207.7}, "geometry": {"type": "Polygon", "coordinates": [[[116.35125785671082, 39.94113893797679], [116.35406577438643, 39.94115461602242], [116.35408603286697, 39.93900007008323], [116.35127805413335, 39.93900018348367], [116.35125785671082, 39.94113893797679]]]}}, {"type": "Feature", "id": "LU-004-001-0", "properties": {"id": "LU-004-001-0", "layer": "LAND_USE", "source_type": "agent_generated_design", "confidence": "medium", "geometry_role": "design_proposal", "land_use_code": "0901", "area_sqm_declared": 57600.0}, "geometry": {"type": "Polygon", "coordinates": [[[116.35125785671082, 39.94113893797679], [116.35123744351293, 39.94330030847354], [116.35404544952691, 39.943315987712914], [116.35406577438643, 39.94115461602242], [116.35125785671082, 39.94113893797679]]]}}, {"type": "Feature", "id": "LU-004-002-0", "properties": {"id": "LU-004-002-0", "layer": "LAND_USE", "source_type": "agent_generated_design", "confidence": "medium", "geometry_role": "design_proposal", "land_use_code": "0803", "area_sqm_declared": 57600.0}, "geometry": {"type": "Polygon", "coordinates": [[[116.35123744351293, 39.94330030847354], [116.35121702811072, 39.94546167815334], [116.35402512247265, 39.94547735858655], [116.35404544952691, 39.943315987712914], [116.35123744351293, 39.94330030847354]]]}}, {"type": "Feature", "id": "LU-004-003-0", "properties": {"id": "LU-004-003-0", "layer": "LAND_USE", "source_type": "agent_generated_design", "confidence": "medium", "geometry_role": "design_proposal", "land_use_code": "1401", "area_sqm_declared": 57600.0}, "geometry": {"type": "Polygon", "coordinates": [[[116.35121702811072, 39.94546167815334], [116.35119661050398, 39.94762304701621], [116.35400479322338, 39.94763872864332], [116.35402512247265, 39.94547735858655], [116.35121702811072, 39.94546167815334]]]}}, {"type": "Feature", "id": "LU-004-004-0", "properties": {"id": "LU-004-004-0", "layer": "LAND_USE", "source_type": "agent_generated_design", "confidence": "medium", "geometry_role": "design_proposal", "land_use_code": "1401", "area_sqm_declared": 57600.0}, "geometry": {"type": "Polygon", "coordinates": [[[116.35119661050398, 39.94762304701621], [116.35117619069243, 39.94978441506211], [116.35398446177888, 39.949800097883205], [116.35400479322338, 39.94763872864332], [116.35119661050398, 39.94762304701621]]]}}, {"type": "Feature", "id": "LU-004-005-0", "properties": {"id": "LU-004-005-0", "layer": "LAND_USE", "source_type": "agent_generated_design", "confidence": "medium", "geometry_role": "design_proposal", "land_use_code": "0806", "area_sqm_declared": 57600.0}, "geometry": {"type": "Polygon", "coordinates": [[[116.35117619069243, 39.94978441506211], [116.3511557686758, 39.95194578229105], [116.35396412813878, 39.95196146630619], [116.35398446177888, 39.949800097883205], [116.35117619069243, 39.94978441506211]]]}}, {"type": "Feature", "id": "LU-004-006-0", "properties": {"id": "LU-004-006-0", "layer": "LAND_USE", "source_type": "agent_generated_design", "confidence": "medium", "geometry_role": "design_proposal", "land_use_code": "0806", "area_sqm_declared": 57600.0}, "geometry": {"type": "Polygon", "coordinates": [[[116.3511557686758, 39.95194578229105], [116.35113534445382, 39.95410714870302], [116.35394379230291, 39.95412283391228], [116.35396412813878, 39.95196146630619], [116.3511557686758, 39.95194578229105]]]}}, {"type": "Feature", "id": "LU-004-007-0", "properties": {"id": "LU-004-007-0", "layer": "LAND_USE", "source_type": "agent_generated_design", "confidence": "medium", "geometry_role": "design_proposal", "land_use_code": "1403", "area_sqm_declared": 57600.0}, "geometry": {"type": "Polygon", "coordinates": [[[116.35113534445382, 39.95410714870302], [116.35111491802624, 39.95626851429799], [116.35392345427097, 39.956284200701454], [116.35394379230291, 39.95412283391228], [116.35113534445382, 39.95410714870302]]]}}, {"type": "Feature", "id": "LU-004-008-0", "properties": {"id": "LU-004-008-0", "layer": "LAND_USE", "source_type": "agent_generated_design", "confidence": "medium", "geometry_role": "design_proposal", "land_use_code": "0803", "area_sqm_declared": 57600.0}, "geometry": {"type": "Polygon", "coordinates": [[[116.35111491802624, 39.95626851429799], [116.35109448939278, 39.958429879075965], [116.35390311404271, 39.95844556667369], [116.35392345427097, 39.956284200701454], [116.35111491802624, 39.95626851429799]]]}}, {"type": "Feature", "id": "LU-004-009-0", "properties": {"id": "LU-004-009-0", "layer": "LAND_USE", "source_type": "agent_generated_design", "confidence": "medium", "geometry_role": "design_proposal", "land_use_code": "0901", "area_sqm_declared": 57600.0}, "geometry": {"type": "Polygon", "coordinates": [[[116.35109448939278, 39.958429879075965], [116.35107405855318, 39.96059124303691], [116.35388277161783, 39.960606931828984], [116.35390311404271, 39.95844556667369], [116.35109448939278, 39.958429879075965]]]}}, {"type": "Feature", "id": "LU-004-010-0", "properties": {"id": "LU-004-010-0", "layer": "LAND_USE", "source_type": "agent_generated_design", "confidence": "medium", "geometry_role": "design_proposal", "land_use_code": "1403", "area_sqm_declared": 57600.0}, "geometry": {"type": "Polygon", "coordinates": [[[116.35107405855318, 39.96059124303691], [116.35105362550718, 39.96275260618085], [116.35386242699613, 39.96276829616733], [116.35388277161783, 39.960606931828984], [116.35107405855318, 39.96059124303691]]]}}, {"type": "Feature", "id": "LU-004-011-0", "properties": {"id": "LU-004-011-0", "layer": "LAND_USE", "source_type": "agent_generated_design", "confidence": "medium", "geometry_role": "design_proposal", "land_use_code": "0806", "area_sqm_declared": 57600.0}, "geometry": {"type": "Polygon", "coordinates": [[[116.35105362550718, 39.96275260618085], [116.3510331902545, 39.96491396850774], [116.35384208017727, 39.964929659688735], [116.35386242699613, 39.96276829616733], [116.35105362550718, 39.96275260618085]]]}}, {"type": "Feature", "id": "LU-004-012-0", "properties": {"id": "LU-004-012-0", "layer": "LAND_USE", "source_type": "agent_generated_design", "confidence": "medium", "geometry_role": "design_proposal", "land_use_code": "16", "area_sqm_declared": 57600.0}, "geometry": {"type": "Polygon", "coordinates": [[[116.3510331902545, 39.96491396850774], [116.35101275279487, 39.967075330017586], [116.353821731161, 39.96709102239314], [116.35384208017727, 39.964929659688735], [116.3510331902545, 39.96491396850774]]]}}, {"type": "Feature", "id": "LU-004-013-0", "properties": {"id": "LU-004-013-0", "layer": "LAND_USE", "source_type": "agent_generated_design", "confidence": "medium", "geometry_role": "design_proposal", "land_use_code": "0803", "area_sqm_declared": 57600.0}, "geometry": {"type": "Polygon", "coordinates": [[[116.35101275279487, 39.967075330017586], [116.35099231312805, 39.96923669071036], [116.35380137994713, 39.96925238428057], [116.353821731161, 39.96709102239314], [116.35101275279487, 39.967075330017586]]]}}, {"type": "Feature", "id": "LU-004-014-0", "properties": {"id": "LU-004-014-0", "layer": "LAND_USE", "source_type": "agent_generated_design", "confidence": "medium", "geometry_role": "design_proposal", "land_use_code": "0806", "area_sqm_declared": 57600.0}, "geometry": {"type": "Polygon", "coordinates": [[[116.35099231312805, 39.96923669071036], [116.35097187125376, 39.97139805058608], [116.35378102653532, 39.971413745351], [116.35380137994713, 39.96925238428057], [116.35099231312805, 39.96923669071036]]]}}, {"type": "Feature", "id": "LU-004-015-0", "properties": {"id": "LU-004-015-0", "layer": "LAND_USE", "source_type": "agent_generated_design", "confidence": "medium", "geometry_role": "design_proposal", "land_use_code": "0701", "area_sqm_declared": 57600.0}, "geometry": {"type": "Polygon", "coordinates": [[[116.35097187125376, 39.97139805058608], [116.35095142717171, 39.9735594096447], [116.35376067092531, 39.97357510560442], [116.35378102653532, 39.971413745351], [116.35097187125376, 39.97139805058608]]]}}, {"type": "Feature", "id": "LU-004-016-0", "properties": {"id": "LU-004-016-0", "layer": "LAND_USE", "source_type": "agent_generated_design", "confidence": "medium", "geometry_role": "design_proposal", "land_use_code": "1403", "area_sqm_declared": 57600.0}, "geometry": {"type": "Polygon", "coordinates": [[[116.35095142717171, 39.9735594096447], [116.35093098088167, 39.97572076788624], [116.35374031311684, 39.97573646504082], [116.35376067092531, 39.97357510560442], [116.35095142717171, 39.9735594096447]]]}}, {"type": "Feature", "id": "LU-004-017-0", "properties": {"id": "LU-004-017-0", "layer": "LAND_USE", "source_type": "agent_generated_design", "confidence": "medium", "geometry_role": "design_proposal", "land_use_code": "16", "area_sqm_declared": 57600.0}, "geometry": {"type": "Polygon", "coordinates": [[[116.35093098088167, 39.97572076788624], [116.35091053238338, 39.977882125310664], [116.35371995310969, 39.977897823660186], [116.35374031311684, 39.97573646504082], [116.35093098088167, 39.97572076788624]]]}}, {"type": "Feature", "id": "LU-004-018-0", "properties": {"id": "LU-004-018-0", "layer": "LAND_USE", "source_type": "agent_generated_design", "confidence": "medium", "geometry_role": "design_proposal", "land_use_code": "16", "area_sqm_declared": 57600.0}, "geometry": {"type": "Polygon", "coordinates": [[[116.35091053238338, 39.977882125310664], [116.35089008167654, 39.98004348191797], [116.35369959090356, 39.98005918146251], [116.35371995310969, 39.977897823660186], [116.35091053238338, 39.977882125310664]]]}}, {"type": "Feature", "id": "LU-004-019-0", "properties": {"id": "LU-004-019-0", "layer": "LAND_USE", "source_type": "agent_generated_design", "confidence": "medium", "geometry_role": "design_proposal", "land_use_code": "0901", "area_sqm_declared": 57600.0}, "geometry": {"type": "Polygon", "coordinates": [[[116.35089008167654, 39.98004348191797], [116.35086962876089, 39.98220483770815], [116.35367922649817, 39.982220538447784], [116.35369959090356, 39.98005918146251], [116.35089008167654, 39.98004348191797]]]}}, {"type": "Feature", "id": "LU-004-020-0", "properties": {"id": "LU-004-020-0", "layer": "LAND_USE", "source_type": "agent_generated_design", "confidence": "medium", "geometry_role": "design_proposal", "land_use_code": "0901", "area_sqm_declared": 57600.0}, "geometry": {"type": "Polygon", "coordinates": [[[116.35086962876089, 39.98220483770815], [116.35084917363616, 39.984366192681186], [116.35365885989326, 39.98438189461598], [116.35367922649817, 39.982220538447784], [116.35086962876089, 39.98220483770815]]]}}, {"type": "Feature", "id": "LU-004-021-0", "properties": {"id": "LU-004-021-0", "layer": "LAND_USE", "source_type": "agent_generated_design", "confidence": "medium", "geometry_role": "design_proposal", "land_use_code": "0701", "area_sqm_declared": 57343.1}, "geometry": {"type": "Polygon", "coordinates": [[[116.35365885989326, 39.98438189461598], [116.35084917363616, 39.984366192681186], [116.35082871630215, 39.98652754683707], [116.35357666245744, 39.98654290515528], [116.3536467485637, 39.985667068805], [116.35365885989326, 39.98438189461598]]]}}, {"type": "Feature", "id": "LU-004-022-0", "properties": {"id": "LU-004-022-0", "layer": "LAND_USE", "source_type": "agent_generated_design", "confidence": "medium", "geometry_role": "design_proposal", "land_use_code": "0804", "area_sqm_declared": 54769.2}, "geometry": {"type": "Polygon", "coordinates": [[[116.35082871630215, 39.98652754683707], [116.35080825675847, 39.988688900175795], [116.35340376644125, 39.988703408878905], [116.35357666245744, 39.98654290515528], [116.35082871630215, 39.98652754683707]]]}}, {"type": "Feature", "id": "LU-004-023-0", "properties": {"id": "LU-004-023-0", "layer": "LAND_USE", "source_type": "agent_generated_design", "confidence": "medium", "geometry_role": "design_proposal", "land_use_code": "0803", "area_sqm_declared": 52120.0}, "geometry": {"type": "Polygon", "coordinates": [[[116.35080825675847, 39.988688900175795], [116.35078779500498, 39.990850252697314], [116.35334735146233, 39.99086456146072], [116.3533, 39.989999999999995], [116.35340376644125, 39.988703408878905], [116.35080825675847, 39.988688900175795]]]}}, {"type": "Feature", "id": "LU-004-024-0", "properties": {"id": "LU-004-024-0", "layer": "LAND_USE", "source_type": "agent_generated_design", "confidence": "medium", "geometry_role": "design_proposal", "land_use_code": "1402", "area_sqm_declared": 53889.9}, "geometry": {"type": "Polygon", "coordinates": [[[116.35078779500498, 39.990850252697314], [116.35076733104131, 39.99301160440168], [116.35346577436515, 39.99302668864522], [116.35334735146233, 39.99086456146072], [116.35078779500498, 39.990850252697314]]]}}, {"type": "Feature", "id": "LU-004-025-0", "properties": {"id": "LU-004-025-0", "layer": "LAND_USE", "source_type": "agent_generated_design", "confidence": "medium", "geometry_role": "design_proposal", "land_use_code": "0805", "area_sqm_declared": 56680.4}, "geometry": {"type": "Polygon", "coordinates": [[[116.35076733104131, 39.99301160440168], [116.35074686486728, 39.99517295528883], [116.35355699386686, 39.995188663200544], [116.35356098850336, 39.99476499029124], [116.35346577436515, 39.99302668864522], [116.35076733104131, 39.99301160440168]]]}}, {"type": "Feature", "id": "LU-004-026-0", "properties": {"id": "LU-004-026-0", "layer": "LAND_USE", "source_type": "agent_generated_design", "confidence": "medium", "geometry_role": "design_proposal", "land_use_code": "0901", "area_sqm_declared": 57600.0}, "geometry": {"type": "Polygon", "coordinates": [[[116.35074686486728, 39.99517295528883], [116.35072639648256, 39.99733430535877], [116.35353661405934, 39.9973500144661], [116.35355699386686, 39.995188663200544], [116.35074686486728, 39.99517295528883]]]}}, {"type": "Feature", "id": "LU-004-027-0", "properties": {"id": "LU-004-027-0", "layer": "LAND_USE", "source_type": "agent_generated_design", "confidence": "medium", "geometry_role": "design_proposal", "land_use_code": "0806", "area_sqm_declared": 57600.0}, "geometry": {"type": "Polygon", "coordinates": [[[116.35072639648256, 39.99733430535877], [116.35070592588693, 39.999495654611486], [116.35351623205044, 39.99951136491451], [116.35353661405934, 39.9973500144661], [116.35072639648256, 39.99733430535877]]]}}, {"type": "Feature", "id": "LU-004-028-0", "properties": {"id": "LU-004-028-0", "layer": "LAND_USE", "source_type": "agent_generated_design", "confidence": "medium", "geometry_role": "design_proposal", "land_use_code": "1401", "area_sqm_declared": 57600.0}, "geometry": {"type": "Polygon", "coordinates": [[[116.35070592588693, 39.999495654611486], [116.35068545308006, 40.00165700304697], [116.35349584783992, 40.00167271454574], [116.35351623205044, 39.99951136491451], [116.35070592588693, 39.999495654611486]]]}}, {"type": "Feature", "id": "LU-004-029-0", "properties": {"id": "LU-004-029-0", "layer": "LAND_USE", "source_type": "agent_generated_design", "confidence": "medium", "geometry_role": "design_proposal", "land_use_code": "0803", "area_sqm_declared": 57600.0}, "geometry": {"type": "Polygon", "coordinates": [[[116.35068545308006, 40.00165700304697], [116.35066497806176, 40.00381835066522], [116.35347546142748, 40.00383406335983], [116.35349584783992, 40.00167271454574], [116.35068545308006, 40.00165700304697]]]}}, {"type": "Feature", "id": "LU-004-030-0", "properties": {"id": "LU-004-030-0", "layer": "LAND_USE", "source_type": "agent_generated_design", "confidence": "medium", "geometry_role": "design_proposal", "land_use_code": "0803", "area_sqm_declared": 57600.0}, "geometry": {"type": "Polygon", "coordinates": [[[116.35066497806176, 40.00381835066522], [116.3506445008317, 40.00597969746619], [116.35345507281288, 40.00599541135671], [116.35347546142748, 40.00383406335983], [116.35066497806176, 40.00381835066522]]]}}, {"type": "Feature", "id": "LU-004-031-0", "properties": {"id": "LU-004-031-0", "layer": "LAND_USE", "source_type": "agent_generated_design", "confidence": "medium", "geometry_role": "design_proposal", "land_use_code": "0806", "area_sqm_declared": 57600.0}, "geometry": {"type": "Polygon", "coordinates": [[[116.3506445008317, 40.00597969746619], [116.35062402138965, 40.00814104344991], [116.35343468199589, 40.00815675853641], [116.35345507281288, 40.00599541135671], [116.3506445008317, 40.00597969746619]]]}}, {"type": "Feature", "id": "LU-004-032-0", "properties": {"id": "LU-004-032-0", "layer": "LAND_USE", "source_type": "agent_generated_design", "confidence": "medium", "geometry_role": "design_proposal", "land_use_code": "0806", "area_sqm_declared": 57600.0}, "geometry": {"type": "Polygon", "coordinates": [[[116.35062402138965, 40.00814104344991], [116.35060353973533, 40.010302388616346], [116.35341428897617, 40.01031810489889], [116.35343468199589, 40.00815675853641], [116.35062402138965, 40.00814104344991]]]}}, {"type": "Feature", "id": "LU-004-033-0", "properties": {"id": "LU-004-033-0", "layer": "LAND_USE", "source_type": "agent_generated_design", "confidence": "medium", "geometry_role": "design_proposal", "land_use_code": "1403", "area_sqm_declared": 57600.0}, "geometry": {"type": "Polygon", "coordinates": [[[116.35060353973533, 40.010302388616346], [116.35058305586848, 40.01246373296547], [116.35339389375349, 40.01247945044416], [116.35341428897617, 40.01031810489889], [116.35060353973533, 40.010302388616346]]]}}, {"type": "Feature", "id": "LU-004-034-0", "properties": {"id": "LU-004-034-0", "layer": "LAND_USE", "source_type": "agent_generated_design", "confidence": "medium", "geometry_role": "design_proposal", "land_use_code": "0803", "area_sqm_declared": 57600.0}, "geometry": {"type": "Polygon", "coordinates": [[[116.35058305586848, 40.01246373296547], [116.35056256978883, 40.01462507649731], [116.35337349632759, 40.014640795172205], [116.35339389375349, 40.01247945044416], [116.35058305586848, 40.01246373296547]]]}}, {"type": "Feature", "id": "LU-004-035-0", "properties": {"id": "LU-004-035-0", "layer": "LAND_USE", "source_type": "agent_generated_design", "confidence": "medium", "geometry_role": "design_proposal", "land_use_code": "0803", "area_sqm_declared": 57600.0}, "geometry": {"type": "Polygon", "coordinates": [[[116.35056256978883, 40.01462507649731], [116.35054208149612, 40.016786419211826], [116.35335309669819, 40.016802139083], [116.35337349632759, 40.014640795172205], [116.35056256978883, 40.01462507649731]]]}}, {"type": "Feature", "id": "LU-004-036-0", "properties": {"id": "LU-004-036-0", "layer": "LAND_USE", "source_type": "agent_generated_design", "confidence": "medium", "geometry_role": "design_proposal", "land_use_code": "0701", "area_sqm_declared": 57600.0}, "geometry": {"type": "Polygon", "coordinates": [[[116.35054208149612, 40.016786419211826], [116.35052159099006, 40.018947761109025], [116.35333269486505, 40.01896348217655], [116.35335309669819, 40.016802139083], [116.35054208149612, 40.016786419211826]]]}}, {"type": "Feature", "id": "LU-004-037-0", "properties": {"id": "LU-004-037-0", "layer": "LAND_USE", "source_type": "agent_generated_design", "confidence": "medium", "geometry_role": "design_proposal", "land_use_code": "0806", "area_sqm_declared": 57600.0}, "geometry": {"type": "Polygon", "coordinates": [[[116.35052159099006, 40.018947761109025], [116.3505010982704, 40.02110910218889], [116.35331229082786, 40.02112482445284], [116.35333269486505, 40.01896348217655], [116.35052159099006, 40.018947761109025]]]}}, {"type": "Feature", "id": "LU-004-038-0", "properties": {"id": "LU-004-038-0", "layer": "LAND_USE", "source_type": "agent_generated_design", "confidence": "medium", "geometry_role": "design_proposal", "land_use_code": "1403", "area_sqm_declared": 57600.0}, "geometry": {"type": "Polygon", "coordinates": [[[116.3505010982704, 40.02110910218889], [116.35048060333688, 40.02327044245138], [116.3532918845864, 40.023286165911834], [116.35331229082786, 40.02112482445284], [116.3505010982704, 40.02110910218889]]]}}, {"type": "Feature", "id": "LU-004-039-0", "properties": {"id": "LU-004-039-0", "layer": "LAND_USE", "source_type": "agent_generated_design", "confidence": "medium", "geometry_role": "design_proposal", "land_use_code": "0901", "area_sqm_declared": 57600.0}, "geometry": {"type": "Polygon", "coordinates": [[[116.35048060333688, 40.02327044245138], [116.3504601061892, 40.025431781896536], [116.35327147614038, 40.02544750655357], [116.3532918845864, 40.023286165911834], [116.35048060333688, 40.02327044245138]]]}}, {"type": "Feature", "id": "LU-004-040-0", "properties": {"id": "LU-004-040-0", "layer": "LAND_USE", "source_type": "agent_generated_design", "confidence": "medium", "geometry_role": "design_proposal", "land_use_code": "16", "area_sqm_declared": 28262.0}, "geometry": {"type": "Polygon", "coordinates": [[[116.35327147614038, 40.02544750655357], [116.3504601061892, 40.025431781896536], [116.35044997334195, 40.026500162192185], [116.353261536299, 40.02650009289997], [116.35327147614038, 40.02544750655357]]]}}, {"type": "Feature", "id": "LU-005-000-0", "properties": {"id": "LU-005-000-0", "layer": "LAND_USE", "source_type": "agent_generated_design", "confidence": "medium", "geometry_role": "design_proposal", "land_use_code": "1401", "area_sqm_declared": 25070.9}, "geometry": {"type": "Polygon", "coordinates": [[[116.35406577438643, 39.94115461602242], [116.35530000503903, 39.94116148584863], [116.3553, 39.939], [116.35408603286697, 39.93900007008323], [116.35406577438643, 39.94115461602242]]]}}, {"type": "Feature", "id": "LU-005-001-0", "properties": {"id": "LU-005-001-0", "layer": "LAND_USE", "source_type": "agent_generated_design", "confidence": "medium", "geometry_role": "design_proposal", "land_use_code": "0701", "area_sqm_declared": 25526.4}, "geometry": {"type": "Polygon", "coordinates": [[[116.35406577438643, 39.94115461602242], [116.35404544952691, 39.943315987712914], [116.35530000916445, 39.94332297089407], [116.35530000503903, 39.94116148584863], [116.35406577438643, 39.94115461602242]]]}}, {"type": "Feature", "id": "LU-005-002-0", "properties": {"id": "LU-005-002-0", "layer": "LAND_USE", "source_type": "agent_generated_design", "confidence": "medium", "geometry_role": "design_proposal", "land_use_code": "1403", "area_sqm_declared": 25942.6}, "geometry": {"type": "Polygon", "coordinates": [[[116.35404544952691, 39.943315987712914], [116.35402512247265, 39.94547735858655], [116.3553000123762, 39.94548445513634], [116.35530000916445, 39.94332297089407], [116.35404544952691, 39.943315987712914]]]}}, {"type": "Feature", "id": "LU-005-003-0", "properties": {"id": "LU-005-003-0", "layer": "LAND_USE", "source_type": "agent_generated_design", "confidence": "medium", "geometry_role": "design_proposal", "land_use_code": "0805", "area_sqm_declared": 26358.8}, "geometry": {"type": "Polygon", "coordinates": [[[116.35402512247265, 39.94547735858655], [116.35400479322338, 39.94763872864332], [116.35530001467424, 39.9476459385754], [116.3553000123762, 39.94548445513634], [116.35402512247265, 39.94547735858655]]]}}, {"type": "Feature", "id": "LU-005-004-0", "properties": {"id": "LU-005-004-0", "layer": "LAND_USE", "source_type": "agent_generated_design", "confidence": "medium", "geometry_role": "design_proposal", "land_use_code": "0804", "area_sqm_declared": 26775.0}, "geometry": {"type": "Polygon", "coordinates": [[[116.35400479322338, 39.94763872864332], [116.35398446177888, 39.949800097883205], [116.35530001605852, 39.94980742121124], [116.35530001467424, 39.9476459385754], [116.35400479322338, 39.94763872864332]]]}}, {"type": "Feature", "id": "LU-005-005-0", "properties": {"id": "LU-005-005-0", "layer": "LAND_USE", "source_type": "agent_generated_design", "confidence": "medium", "geometry_role": "design_proposal", "land_use_code": "1403", "area_sqm_declared": 27191.2}, "geometry": {"type": "Polygon", "coordinates": [[[116.35398446177888, 39.949800097883205], [116.35396412813878, 39.95196146630619], [116.35530001652897, 39.95196890304384], [116.35530001605852, 39.94980742121124], [116.35398446177888, 39.949800097883205]]]}}, {"type": "Feature", "id": "LU-005-006-0", "properties": {"id": "LU-005-006-0", "layer": "LAND_USE", "source_type": "agent_generated_design", "confidence": "medium", "geometry_role": "design_proposal", "land_use_code": "0701", "area_sqm_declared": 27607.4}, "geometry": {"type": "Polygon", "coordinates": [[[116.35396412813878, 39.95196146630619], [116.35394379230291, 39.95412283391228], [116.3553000160855, 39.954130384073224], [116.35530001652897, 39.95196890304384], [116.35396412813878, 39.95196146630619]]]}}, {"type": "Feature", "id": "LU-005-007-0", "properties": {"id": "LU-005-007-0", "layer": "LAND_USE", "source_type": "agent_generated_design", "confidence": "medium", "geometry_role": "design_proposal", "land_use_code": "1403", "area_sqm_declared": 28023.6}, "geometry": {"type": "Polygon", "coordinates": [[[116.35394379230291, 39.95412283391228], [116.35392345427097, 39.956284200701454], [116.35530001472809, 39.956291864299345], [116.3553000160855, 39.954130384073224], [116.35394379230291, 39.95412283391228]]]}}, {"type": "Feature", "id": "LU-005-008-0", "properties": {"id": "LU-005-008-0", "layer": "LAND_USE", "source_type": "agent_generated_design", "confidence": "medium", "geometry_role": "design_proposal", "land_use_code": "0701", "area_sqm_declared": 28439.8}, "geometry": {"type": "Polygon", "coordinates": [[[116.35392345427097, 39.956284200701454], [116.35390311404271, 39.95844556667369], [116.35530001245668, 39.95845334372221], [116.35530001472809, 39.956291864299345], [116.35392345427097, 39.956284200701454]]]}}, {"type": "Feature", "id": "LU-005-009-0", "properties": {"id": "LU-005-009-0", "layer": "LAND_USE", "source_type": "agent_generated_design", "confidence": "medium", "geometry_role": "design_proposal", "land_use_code": "0806", "area_sqm_declared": 28856.0}, "geometry": {"type": "Polygon", "coordinates": [[[116.35390311404271, 39.95844556667369], [116.35388277161783, 39.960606931828984], [116.35530000927122, 39.96061482234181], [116.35530001245668, 39.95845334372221], [116.35390311404271, 39.95844556667369]]]}}, {"type": "Feature", "id": "LU-005-010-0", "properties": {"id": "LU-005-010-0", "layer": "LAND_USE", "source_type": "agent_generated_design", "confidence": "medium", "geometry_role": "design_proposal", "land_use_code": "1402", "area_sqm_declared": 29272.2}, "geometry": {"type": "Polygon", "coordinates": [[[116.35388277161783, 39.960606931828984], [116.35386242699613, 39.96276829616733], [116.35530000517164, 39.96277630015812], [116.35530000927122, 39.96061482234181], [116.35388277161783, 39.960606931828984]]]}}, {"type": "Feature", "id": "LU-005-011-0", "properties": {"id": "LU-005-011-0", "layer": "LAND_USE", "source_type": "agent_generated_design", "confidence": "medium", "geometry_role": "design_proposal", "land_use_code": "0901", "area_sqm_declared": 29688.5}, "geometry": {"type": "Polygon", "coordinates": [[[116.35386242699613, 39.96276829616733], [116.35384208017727, 39.964929659688735], [116.35530000015788, 39.96493777717114], [116.35530000517164, 39.96277630015812], [116.35386242699613, 39.96276829616733]]]}}, {"type": "Feature", "id": "LU-005-012-0", "properties": {"id": "LU-005-012-0", "layer": "LAND_USE", "source_type": "agent_generated_design", "confidence": "medium", "geometry_role": "design_proposal", "land_use_code": "1207", "area_sqm_declared": 28433.8}, "geometry": {"type": "Polygon", "coordinates": [[[116.35384208017727, 39.964929659688735], [116.353821731161, 39.96709102239314], [116.35513219558376, 39.9670983200244], [116.3553, 39.965], [116.35530000015788, 39.96493777717114], [116.35384208017727, 39.964929659688735]]]}}, {"type": "Feature", "id": "LU-005-013-0", "properties": {"id": "LU-005-013-0", "layer": "LAND_USE", "source_type": "agent_generated_design", "confidence": "medium", "geometry_role": "design_proposal", "land_use_code": "1403", "area_sqm_declared": 25308.6}, "geometry": {"type": "Polygon", "coordinates": [[[116.353821731161, 39.96709102239314], [116.35380137994713, 39.96925238428057], [116.35495940574963, 39.969258834070835], [116.35513219558376, 39.9670983200244], [116.353821731161, 39.96709102239314]]]}}, {"type": "Feature", "id": "LU-005-014-0", "properties": {"id": "LU-005-014-0", "layer": "LAND_USE", "source_type": "agent_generated_design", "confidence": "medium", "geometry_role": "design_proposal", "land_use_code": "0804", "area_sqm_declared": 22182.0}, "geometry": {"type": "Polygon", "coordinates": [[[116.35380137994713, 39.96925238428057], [116.35378102653532, 39.971413745351], [116.35478660412477, 39.97141934697058], [116.35495940574963, 39.969258834070835], [116.35380137994713, 39.96925238428057]]]}}, {"type": "Feature", "id": "LU-005-015-0", "properties": {"id": "LU-005-015-0", "layer": "LAND_USE", "source_type": "agent_generated_design", "confidence": "medium", "geometry_role": "design_proposal", "land_use_code": "1403", "area_sqm_declared": 19055.4}, "geometry": {"type": "Polygon", "coordinates": [[[116.35378102653532, 39.971413745351], [116.35376067092531, 39.97357510560442], [116.35461379070735, 39.97357985872355], [116.35478660412477, 39.97141934697058], [116.35378102653532, 39.971413745351]]]}}, {"type": "Feature", "id": "LU-005-016-0", "properties": {"id": "LU-005-016-0", "layer": "LAND_USE", "source_type": "agent_generated_design", "confidence": "medium", "geometry_role": "design_proposal", "land_use_code": "0805", "area_sqm_declared": 15928.8}, "geometry": {"type": "Polygon", "coordinates": [[[116.35376067092531, 39.97357510560442], [116.35374031311684, 39.97573646504082], [116.35444096549556, 39.975740369329685], [116.35461379070735, 39.97357985872355], [116.35376067092531, 39.97357510560442]]]}}, {"type": "Feature", "id": "LU-005-017-0", "properties": {"id": "LU-005-017-0", "layer": "LAND_USE", "source_type": "agent_generated_design", "confidence": "medium", "geometry_role": "design_proposal", "land_use_code": "1402", "area_sqm_declared": 12802.2}, "geometry": {"type": "Polygon", "coordinates": [[[116.35374031311684, 39.97573646504082], [116.35371995310969, 39.977897823660186], [116.35426812848759, 39.9779008787889], [116.35444096549556, 39.975740369329685], [116.35374031311684, 39.97573646504082]]]}}, {"type": "Feature", "id": "LU-005-018-0", "properties": {"id": "LU-005-018-0", "layer": "LAND_USE", "source_type": "agent_generated_design", "confidence": "medium", "geometry_role": "design_proposal", "land_use_code": "0701", "area_sqm_declared": 9675.6}, "geometry": {"type": "Polygon", "coordinates": [[[116.35371995310969, 39.977897823660186], [116.35369959090356, 39.98005918146251], [116.35409527968159, 39.98006138710114], [116.35426812848759, 39.9779008787889], [116.35371995310969, 39.977897823660186]]]}}, {"type": "Feature", "id": "LU-005-019-0", "properties": {"id": "LU-005-019-0", "layer": "LAND_USE", "source_type": "agent_generated_design", "confidence": "medium", "geometry_role": "design_proposal", "land_use_code": "0803", "area_sqm_declared": 6549.0}, "geometry": {"type": "Polygon", "coordinates": [[[116.35369959090356, 39.98005918146251], [116.35367922649817, 39.982220538447784], [116.35392241907579, 39.98222189426634], [116.35409527968159, 39.98006138710114], [116.35369959090356, 39.98005918146251]]]}}, {"type": "Feature", "id": "LU-005-020-0", "properties": {"id": "LU-005-020-0", "layer": "LAND_USE", "source_type": "agent_generated_design", "confidence": "medium", "geometry_role": "design_proposal", "land_use_code": "0804", "area_sqm_declared": 3422.4}, "geometry": {"type": "Polygon", "coordinates": [[[116.35367922649817, 39.982220538447784], [116.35365885989326, 39.98438189461598], [116.35374954666835, 39.9843824002844], [116.35392241907579, 39.98222189426634], [116.35367922649817, 39.982220538447784]]]}}, {"type": "Feature", "id": "LU-005-021-0", "properties": {"id": "LU-005-021-0", "layer": "LAND_USE", "source_type": "agent_generated_design", "confidence": "medium", "geometry_role": "design_proposal", "land_use_code": "0806", "area_sqm_declared": 552.7}, "geometry": {"type": "Polygon", "coordinates": [[[116.35365885989326, 39.98438189461598], [116.3536467485637, 39.985667068805], [116.35374954666835, 39.9843824002844], [116.35365885989326, 39.98438189461598]]]}}, {"type": "Feature", "id": "LU-005-025-0", "properties": {"id": "LU-005-025-0", "layer": "LAND_USE", "source_type": "agent_generated_design", "confidence": "medium", "geometry_role": "design_proposal", "land_use_code": "0701", "area_sqm_declared": 54.7}, "geometry": {"type": "Polygon", "coordinates": [[[116.35355699386686, 39.995188663200544], [116.35358420382151, 39.99518881496424], [116.35356098850336, 39.99476499029124], [116.35355699386686, 39.995188663200544]]]}}, {"type": "Feature", "id": "LU-005-026-0", "properties": {"id": "LU-005-026-0", "layer": "LAND_USE", "source_type": "agent_generated_design", "confidence": "medium", "geometry_role": "design_proposal", "land_use_code": "0804", "area_sqm_declared": 1980.3}, "geometry": {"type": "Polygon", "coordinates": [[[116.35355699386686, 39.995188663200544], [116.35353661405934, 39.9973500144661], [116.35370263983259, 39.99735094041775], [116.35358420382151, 39.99518881496424], [116.35355699386686, 39.995188663200544]]]}}, {"type": "Feature", "id": "LU-005-027-0", "properties": {"id": "LU-005-027-0", "layer": "LAND_USE", "source_type": "agent_generated_design", "confidence": "medium", "geometry_role": "design_proposal", "land_use_code": "1401", "area_sqm_declared": 4825.6}, "geometry": {"type": "Polygon", "coordinates": [[[116.35353661405934, 39.9973500144661], [116.35351623205044, 39.99951136491451], [116.35382108239953, 39.9995130650057], [116.35370263983259, 39.99735094041775], [116.35353661405934, 39.9973500144661]]]}}, {"type": "Feature", "id": "LU-005-028-0", "properties": {"id": "LU-005-028-0", "layer": "LAND_USE", "source_type": "agent_generated_design", "confidence": "medium", "geometry_role": "design_proposal", "land_use_code": "0701", "area_sqm_declared": 7670.8}, "geometry": {"type": "Polygon", "coordinates": [[[116.35351623205044, 39.99951136491451], [116.35349584783992, 40.00167271454574], [116.35393953152348, 40.00167518872807], [116.35382108239953, 39.9995130650057], [116.35351623205044, 39.99951136491451]]]}}, {"type": "Feature", "id": "LU-005-029-0", "properties": {"id": "LU-005-029-0", "layer": "LAND_USE", "source_type": "agent_generated_design", "confidence": "medium", "geometry_role": "design_proposal", "land_use_code": "1402", "area_sqm_declared": 10516.1}, "geometry": {"type": "Polygon", "coordinates": [[[116.35349584783992, 40.00167271454574], [116.35347546142748, 40.00383406335983], [116.35405798720559, 40.00383731158481], [116.35393953152348, 40.00167518872807], [116.35349584783992, 40.00167271454574]]]}}, {"type": "Feature", "id": "LU-005-030-0", "properties": {"id": "LU-005-030-0", "layer": "LAND_USE", "source_type": "agent_generated_design", "confidence": "medium", "geometry_role": "design_proposal", "land_use_code": "16", "area_sqm_declared": 13361.3}, "geometry": {"type": "Polygon", "coordinates": [[[116.35347546142748, 40.00383406335983], [116.35345507281288, 40.00599541135671], [116.35417644944704, 40.00599943357586], [116.35405798720559, 40.00383731158481], [116.35347546142748, 40.00383406335983]]]}}, {"type": "Feature", "id": "LU-005-031-0", "properties": {"id": "LU-005-031-0", "layer": "LAND_USE", "source_type": "agent_generated_design", "confidence": "medium", "geometry_role": "design_proposal", "land_use_code": "0901", "area_sqm_declared": 16206.5}, "geometry": {"type": "Polygon", "coordinates": [[[116.35345507281288, 40.00599541135671], [116.35343468199589, 40.00815675853641], [116.35429491824895, 40.008161554701225], [116.35417644944704, 40.00599943357586], [116.35345507281288, 40.00599541135671]]]}}, {"type": "Feature", "id": "LU-005-032-0", "properties": {"id": "LU-005-032-0", "layer": "LAND_USE", "source_type": "agent_generated_design", "confidence": "medium", "geometry_role": "design_proposal", "land_use_code": "0901", "area_sqm_declared": 19051.8}, "geometry": {"type": "Polygon", "coordinates": [[[116.35343468199589, 40.00815675853641], [116.35341428897617, 40.01031810489889], [116.35441339361248, 40.01032367496083], [116.35429491824895, 40.008161554701225], [116.35343468199589, 40.00815675853641]]]}}, {"type": "Feature", "id": "LU-005-033-0", "properties": {"id": "LU-005-033-0", "layer": "LAND_USE", "source_type": "agent_generated_design", "confidence": "medium", "geometry_role": "design_proposal", "land_use_code": "0806", "area_sqm_declared": 21897.0}, "geometry": {"type": "Polygon", "coordinates": [[[116.35341428897617, 40.01031810489889], [116.35339389375349, 40.01247945044416], [116.35453187553881, 40.01248579435465], [116.35441339361248, 40.01032367496083], [116.35341428897617, 40.01031810489889]]]}}, {"type": "Feature", "id": "LU-005-034-0", "properties": {"id": "LU-005-034-0", "layer": "LAND_USE", "source_type": "agent_generated_design", "confidence": "medium", "geometry_role": "design_proposal", "land_use_code": "1207", "area_sqm_declared": 24742.3}, "geometry": {"type": "Polygon", "coordinates": [[[116.35339389375349, 40.01247945044416], [116.35337349632759, 40.014640795172205], [116.35465036402907, 40.01464791288266], [116.35453187553881, 40.01248579435465], [116.35339389375349, 40.01247945044416]]]}}, {"type": "Feature", "id": "LU-005-035-0", "properties": {"id": "LU-005-035-0", "layer": "LAND_USE", "source_type": "agent_generated_design", "confidence": "medium", "geometry_role": "design_proposal", "land_use_code": "1207", "area_sqm_declared": 27587.5}, "geometry": {"type": "Polygon", "coordinates": [[[116.35337349632759, 40.014640795172205], [116.35335309669819, 40.016802139083], [116.35476885908442, 40.01681003054479], [116.35465036402907, 40.01464791288266], [116.35337349632759, 40.014640795172205]]]}}, {"type": "Feature", "id": "LU-005-036-0", "properties": {"id": "LU-005-036-0", "layer": "LAND_USE", "source_type": "agent_generated_design", "confidence": "medium", "geometry_role": "design_proposal", "land_use_code": "0901", "area_sqm_declared": 30432.7}, "geometry": {"type": "Polygon", "coordinates": [[[116.35335309669819, 40.016802139083], [116.35333269486505, 40.01896348217655], [116.35488736070602, 40.018972147341046], [116.35476885908442, 40.01681003054479], [116.35335309669819, 40.016802139083]]]}}, {"type": "Feature", "id": "LU-005-037-0", "properties": {"id": "LU-005-037-0", "layer": "LAND_USE", "source_type": "agent_generated_design", "confidence": "medium", "geometry_role": "design_proposal", "land_use_code": "0701", "area_sqm_declared": 33278.0}, "geometry": {"type": "Polygon", "coordinates": [[[116.35333269486505, 40.01896348217655], [116.35331229082786, 40.02112482445284], [116.355005868895, 40.02113426327135], [116.35488736070602, 40.018972147341046], [116.35333269486505, 40.01896348217655]]]}}, {"type": "Feature", "id": "LU-005-038-0", "properties": {"id": "LU-005-038-0", "layer": "LAND_USE", "source_type": "agent_generated_design", "confidence": "medium", "geometry_role": "design_proposal", "land_use_code": "0804", "area_sqm_declared": 36123.2}, "geometry": {"type": "Polygon", "coordinates": [[[116.35331229082786, 40.02112482445284], [116.3532918845864, 40.023286165911834], [116.35512438365255, 40.023296378335665], [116.355005868895, 40.02113426327135], [116.35331229082786, 40.02112482445284]]]}}, {"type": "Feature", "id": "LU-005-039-0", "properties": {"id": "LU-005-039-0", "layer": "LAND_USE", "source_type": "agent_generated_design", "confidence": "medium", "geometry_role": "design_proposal", "land_use_code": "0803", "area_sqm_declared": 38968.4}, "geometry": {"type": "Polygon", "coordinates": [[[116.3532918845864, 40.023286165911834], [116.35327147614038, 40.02544750655357], [116.35524290497982, 40.025458492533986], [116.35512438365255, 40.023296378335665], [116.3532918845864, 40.023286165911834]]]}}, {"type": "Feature", "id": "LU-005-040-0", "properties": {"id": "LU-005-040-0", "layer": "LAND_USE", "source_type": "agent_generated_design", "confidence": "medium", "geometry_role": "design_proposal", "land_use_code": "0701", "area_sqm_declared": 19897.4}, "geometry": {"type": "Polygon", "coordinates": [[[116.35327147614038, 40.02544750655357], [116.353261536299, 40.02650009289997], [116.3553, 40.0265], [116.35524290497982, 40.025458492533986], [116.35327147614038, 40.02544750655357]]]}}]}
